"#  (c) Copyright 2016 Xilinx, Inc. All rights reserved."
"# "
"#  This file contains confidential and proprietary information"
"#  of Xilinx, Inc. and is protected under U.S. and"
"#  international copyright and other intellectual property"
"#  laws."
"# "
"#  DISCLAIMER"
"#  This disclaimer is not a license and does not grant any"
"#  rights to the materials distributed herewith. Except as"
"#  otherwise provided in a valid license issued to you by"
"#  Xilinx, and to the maximum extent permitted by applicable"
"#  law: (1) THESE MATERIALS ARE MADE AVAILABLE ""AS IS"" AND"
"#  WITH ALL FAULTS, AND XILINX HEREBY DISCLAIMS ALL WARRANTIES"
"#  AND CONDITIONS, EXPRESS, IMPLIED, OR STATUTORY, INCLUDING"
"#  BUT NOT LIMITED TO WARRANTIES OF MERCHANTABILITY, NON-"
"#  INFRINGEMENT, OR FITNESS FOR ANY PARTICULAR PURPOSE; and"
"#  (2) Xilinx shall not be liable (whether in contract or tort,"
"#  including negligence, or under any other theory of"
"#  liability) for any loss or damage of any kind or nature"
"#  related to, arising under or in connection with these"
"#  materials, including for any direct, or any indirect,"
"#  special, incidental, or consequential loss or damage"
"#  (including loss of data, profits, goodwill, or any type of"
"#  loss or damage suffered as a result of any action brought"
"#  by a third party) even if such damage or loss was"
"#  reasonably foreseeable or Xilinx had been advised of the"
"#  possibility of the same."
"# "
"#  CRITICAL APPLICATIONS"
"#  Xilinx products are not designed or intended to be fail-"
"#  safe, or for use in any application requiring fail-safe"
"#  performance, such as life-support or safety devices or"
"#  systems, Class III medical devices, nuclear facilities,"
"#  applications related to the deployment of airbags, or any"
"#  other applications that could lead to death, personal"
"#  injury, or severe property or environmental damage"
"#  (individually and collectively, ""Critical"
"#  Applications""). Customer assumes the sole risk and"
"#  liability of any use of Xilinx products in Critical"
"#  Applications, subject only to applicable laws and"
"#  regulations governing limitations on product liability."
"# "
"#  THIS COPYRIGHT NOTICE AND DISCLAIMER MUST BE RETAINED AS"
"#  PART OF THIS FILE AT ALL TIMES."
"# "
"#----------------------------------------------------------------------"
"#  ASCII Pinout File"
"# "
"#  Device   : xczu17egffvb1517"
"#  Date     : 6/23/2017 13:37:30"
"#  Revision : 1.1"
"#  Status   : Production"
"# "
"#  Production package specifications are released coincident"
"#  with production release of a particular device."
"# "
"#----------------------------------------------------------------------"
"#  Modification History"
"#  | Date    : 10/6/2016"
"#  | Revision: 1.0"
"#  | Status  : Engineering Sample"
"#  | Details : Initial creation."
"#----------------------------------------------------------------------"
"#  | Date    : 6/23/2017"
"#  | Revision: 1.1"
"#  | Status  : Production"
"#  | Details : Updated DA11 FFVB1517,FFVC1760,FFVD1760,FFVE1924 to Production"
"#----------------------------------------------------------------------"
,,,,,
Pin,Pin Name,Memory Byte Group,Bank,I/O Type,Super Logic Region
AB19,DXN,NA,NA,NA,NA
AB20,DXP,NA,NA,NA,NA
W20,GNDADC,NA,NA,NA,NA
AH18,POR_OVERRIDE,NA,NA,NA,NA
AH17,PUDC_B,NA,0,CONFIG,NA
W19,VCCADC,NA,NA,NA,NA
AA19,VN,NA,NA,NA,NA
Y20,VP,NA,NA,NA,NA
Y19,VREFN,NA,NA,NA,NA
AA20,VREFP,NA,NA,NA,NA
D1,IO_L24N_T3U_N11_74,3U,74,HP,NA
D2,IO_L24P_T3U_N10_74,3U,74,HP,NA
A2,IO_L23N_T3U_N9_74,3U,74,HP,NA
A3,IO_L23P_T3U_N8_74,3U,74,HP,NA
E2,IO_L22N_T3U_N7_DBC_AD0N_74,3U,74,HP,NA
E3,IO_L22P_T3U_N6_DBC_AD0P_74,3U,74,HP,NA
B1,IO_L21N_T3L_N5_AD8N_74,3L,74,HP,NA
C1,IO_L21P_T3L_N4_AD8P_74,3L,74,HP,NA
C2,IO_L20N_T3L_N3_AD1N_74,3L,74,HP,NA
C3,IO_L20P_T3L_N2_AD1P_74,3L,74,HP,NA
B3,IO_L19N_T3L_N1_DBC_AD9N_74,3L,74,HP,NA
B4,IO_L19P_T3L_N0_DBC_AD9P_74,3L,74,HP,NA
C4,IO_T3U_N12_74,3U,74,HP,NA
A5,IO_T2U_N12_74,2U,74,HP,NA
D4,IO_L18N_T2U_N11_AD2N_74,2U,74,HP,NA
E4,IO_L18P_T2U_N10_AD2P_74,2U,74,HP,NA
A6,IO_L17N_T2U_N9_AD10N_74,2U,74,HP,NA
A7,IO_L17P_T2U_N8_AD10P_74,2U,74,HP,NA
D5,IO_L16N_T2U_N7_QBC_AD3N_74,2U,74,HP,NA
E5,IO_L16P_T2U_N6_QBC_AD3P_74,2U,74,HP,NA
B5,IO_L15N_T2L_N5_AD11N_74,2L,74,HP,NA
B6,IO_L15P_T2L_N4_AD11P_74,2L,74,HP,NA
D6,IO_L14N_T2L_N3_GC_74,2L,74,HP,NA
D7,IO_L14P_T2L_N2_GC_74,2L,74,HP,NA
C6,IO_L13N_T2L_N1_GC_QBC_74,2L,74,HP,NA
C7,IO_L13P_T2L_N0_GC_QBC_74,2L,74,HP,NA
C9,IO_L12N_T1U_N11_GC_74,1U,74,HP,NA
D9,IO_L12P_T1U_N10_GC_74,1U,74,HP,NA
B8,IO_L11N_T1U_N9_GC_74,1U,74,HP,NA
C8,IO_L11P_T1U_N8_GC_74,1U,74,HP,NA
A11,IO_L10N_T1U_N7_QBC_AD4N_74,1U,74,HP,NA
A12,IO_L10P_T1U_N6_QBC_AD4P_74,1U,74,HP,NA
B9,IO_L9N_T1L_N5_AD12N_74,1L,74,HP,NA
B10,IO_L9P_T1L_N4_AD12P_74,1L,74,HP,NA
A10,IO_L8N_T1L_N3_AD5N_74,1L,74,HP,NA
B11,IO_L8P_T1L_N2_AD5P_74,1L,74,HP,NA
C11,IO_L7N_T1L_N1_QBC_AD13N_74,1L,74,HP,NA
C12,IO_L7P_T1L_N0_QBC_AD13P_74,1L,74,HP,NA
A8,IO_T1U_N12_74,1U,74,HP,NA
E7,IO_T0U_N12_VRP_74,0U,74,HP,NA
F7,IO_L6N_T0U_N11_AD6N_74,0U,74,HP,NA
F8,IO_L6P_T0U_N10_AD6P_74,0U,74,HP,NA
E8,IO_L5N_T0U_N9_AD14N_74,0U,74,HP,NA
E9,IO_L5P_T0U_N8_AD14P_74,0U,74,HP,NA
E10,IO_L4N_T0U_N7_DBC_AD7N_74,0U,74,HP,NA
F10,IO_L4P_T0U_N6_DBC_AD7P_74,0U,74,HP,NA
D10,IO_L3N_T0L_N5_AD15N_74,0L,74,HP,NA
D11,IO_L3P_T0L_N4_AD15P_74,0L,74,HP,NA
F11,IO_L2N_T0L_N3_74,0L,74,HP,NA
F12,IO_L2P_T0L_N2_74,0L,74,HP,NA
D12,IO_L1N_T0L_N1_DBC_74,0L,74,HP,NA
E12,IO_L1P_T0L_N0_DBC_74,0L,74,HP,NA
F13,VREF_74,NA,74,HP,NA
H1,IO_L24N_T3U_N11_73,3U,73,HP,NA
H2,IO_L24P_T3U_N10_73,3U,73,HP,NA
F1,IO_L23N_T3U_N9_73,3U,73,HP,NA
F2,IO_L23P_T3U_N8_73,3U,73,HP,NA
H3,IO_L22N_T3U_N7_DBC_AD0N_73,3U,73,HP,NA
H4,IO_L22P_T3U_N6_DBC_AD0P_73,3U,73,HP,NA
F3,IO_L21N_T3L_N5_AD8N_73,3L,73,HP,NA
G3,IO_L21P_T3L_N4_AD8P_73,3L,73,HP,NA
G4,IO_L20N_T3L_N3_AD1N_73,3L,73,HP,NA
G5,IO_L20P_T3L_N2_AD1P_73,3L,73,HP,NA
F5,IO_L19N_T3L_N1_DBC_AD9N_73,3L,73,HP,NA
F6,IO_L19P_T3L_N0_DBC_AD9P_73,3L,73,HP,NA
G1,IO_T3U_N12_73,3U,73,HP,NA
L1,IO_T2U_N12_73,2U,73,HP,NA
L2,IO_L18N_T2U_N11_AD2N_73,2U,73,HP,NA
L3,IO_L18P_T2U_N10_AD2P_73,2U,73,HP,NA
J1,IO_L17N_T2U_N9_AD10N_73,2U,73,HP,NA
J2,IO_L17P_T2U_N8_AD10P_73,2U,73,HP,NA
L4,IO_L16N_T2U_N7_QBC_AD3N_73,2U,73,HP,NA
L5,IO_L16P_T2U_N6_QBC_AD3P_73,2U,73,HP,NA
K2,IO_L15N_T2L_N5_AD11N_73,2L,73,HP,NA
K3,IO_L15P_T2L_N4_AD11P_73,2L,73,HP,NA
K4,IO_L14N_T2L_N3_GC_73,2L,73,HP,NA
K5,IO_L14P_T2L_N2_GC_73,2L,73,HP,NA
J4,IO_L13N_T2L_N1_GC_QBC_73,2L,73,HP,NA
J5,IO_L13P_T2L_N0_GC_QBC_73,2L,73,HP,NA
J6,IO_L12N_T1U_N11_GC_73,1U,73,HP,NA
J7,IO_L12P_T1U_N10_GC_73,1U,73,HP,NA
G6,IO_L11N_T1U_N9_GC_73,1U,73,HP,NA
H6,IO_L11P_T1U_N8_GC_73,1U,73,HP,NA
K7,IO_L10N_T1U_N7_QBC_AD4N_73,1U,73,HP,NA
L7,IO_L10P_T1U_N6_QBC_AD4P_73,1U,73,HP,NA
G8,IO_L9N_T1L_N5_AD12N_73,1L,73,HP,NA
G9,IO_L9P_T1L_N4_AD12P_73,1L,73,HP,NA
K8,IO_L8N_T1L_N3_AD5N_73,1L,73,HP,NA
L8,IO_L8P_T1L_N2_AD5P_73,1L,73,HP,NA
H7,IO_L7N_T1L_N1_QBC_AD13N_73,1L,73,HP,NA
H8,IO_L7P_T1L_N0_QBC_AD13P_73,1L,73,HP,NA
L6,IO_T1U_N12_73,1U,73,HP,NA
H11,IO_T0U_N12_VRP_73,0U,73,HP,NA
J10,IO_L6N_T0U_N11_AD6N_73,0U,73,HP,NA
K10,IO_L6P_T0U_N10_AD6P_73,0U,73,HP,NA
G10,IO_L5N_T0U_N9_AD14N_73,0U,73,HP,NA
G11,IO_L5P_T0U_N8_AD14P_73,0U,73,HP,NA
L10,IO_L4N_T0U_N7_DBC_AD7N_73,0U,73,HP,NA
L11,IO_L4P_T0U_N6_DBC_AD7P_73,0U,73,HP,NA
H9,IO_L3N_T0L_N5_AD15N_73,0L,73,HP,NA
J9,IO_L3P_T0L_N4_AD15P_73,0L,73,HP,NA
J11,IO_L2N_T0L_N3_73,0L,73,HP,NA
J12,IO_L2P_T0L_N2_73,0L,73,HP,NA
K9,IO_L1N_T0L_N1_DBC_73,0L,73,HP,NA
L9,IO_L1P_T0L_N0_DBC_73,0L,73,HP,NA
H12,VREF_73,NA,73,HP,NA
J19,IO_L24N_T3U_N11_72,3U,72,HP,NA
K19,IO_L24P_T3U_N10_72,3U,72,HP,NA
N17,IO_L23N_T3U_N9_72,3U,72,HP,NA
N18,IO_L23P_T3U_N8_72,3U,72,HP,NA
M19,IO_L22N_T3U_N7_DBC_AD0N_72,3U,72,HP,NA
N19,IO_L22P_T3U_N6_DBC_AD0P_72,3U,72,HP,NA
L17,IO_L21N_T3L_N5_AD8N_72,3L,72,HP,NA
M18,IO_L21P_T3L_N4_AD8P_72,3L,72,HP,NA
K18,IO_L20N_T3L_N3_AD1N_72,3L,72,HP,NA
L18,IO_L20P_T3L_N2_AD1P_72,3L,72,HP,NA
J17,IO_L19N_T3L_N1_DBC_AD9N_72,3L,72,HP,NA
K17,IO_L19P_T3L_N0_DBC_AD9P_72,3L,72,HP,NA
P19,IO_T3U_N12_72,3U,72,HP,NA
G18,IO_T2U_N12_72,2U,72,HP,NA
G15,IO_L18N_T2U_N11_AD2N_72,2U,72,HP,NA
G16,IO_L18P_T2U_N10_AD2P_72,2U,72,HP,NA
H17,IO_L17N_T2U_N9_AD10N_72,2U,72,HP,NA
H18,IO_L17P_T2U_N8_AD10P_72,2U,72,HP,NA
F15,IO_L16N_T2U_N7_QBC_AD3N_72,2U,72,HP,NA
F16,IO_L16P_T2U_N6_QBC_AD3P_72,2U,72,HP,NA
H16,IO_L15N_T2L_N5_AD11N_72,2L,72,HP,NA
J16,IO_L15P_T2L_N4_AD11P_72,2L,72,HP,NA
E17,IO_L14N_T2L_N3_GC_72,2L,72,HP,NA
E18,IO_L14P_T2L_N2_GC_72,2L,72,HP,NA
F17,IO_L13N_T2L_N1_GC_QBC_72,2L,72,HP,NA
F18,IO_L13P_T2L_N0_GC_QBC_72,2L,72,HP,NA
D16,IO_L12N_T1U_N11_GC_72,1U,72,HP,NA
D17,IO_L12P_T1U_N10_GC_72,1U,72,HP,NA
C16,IO_L11N_T1U_N9_GC_72,1U,72,HP,NA
C17,IO_L11P_T1U_N8_GC_72,1U,72,HP,NA
A17,IO_L10N_T1U_N7_QBC_AD4N_72,1U,72,HP,NA
A18,IO_L10P_T1U_N6_QBC_AD4P_72,1U,72,HP,NA
D19,IO_L9N_T1L_N5_AD12N_72,1L,72,HP,NA
E19,IO_L9P_T1L_N4_AD12P_72,1L,72,HP,NA
B18,IO_L8N_T1L_N3_AD5N_72,1L,72,HP,NA
B19,IO_L8P_T1L_N2_AD5P_72,1L,72,HP,NA
C18,IO_L7N_T1L_N1_QBC_AD13N_72,1L,72,HP,NA
C19,IO_L7P_T1L_N0_QBC_AD13P_72,1L,72,HP,NA
B16,IO_T1U_N12_72,1U,72,HP,NA
E15,IO_T0U_N12_VRP_72,0U,72,HP,NA
B14,IO_L6N_T0U_N11_AD6N_72,0U,72,HP,NA
B15,IO_L6P_T0U_N10_AD6P_72,0U,72,HP,NA
E13,IO_L5N_T0U_N9_AD14N_72,0U,72,HP,NA
E14,IO_L5P_T0U_N8_AD14P_72,0U,72,HP,NA
A13,IO_L4N_T0U_N7_DBC_AD7N_72,0U,72,HP,NA
B13,IO_L4P_T0U_N6_DBC_AD7P_72,0U,72,HP,NA
D14,IO_L3N_T0L_N5_AD15N_72,0L,72,HP,NA
D15,IO_L3P_T0L_N4_AD15P_72,0L,72,HP,NA
A15,IO_L2N_T0L_N3_72,0L,72,HP,NA
A16,IO_L2P_T0L_N2_72,0L,72,HP,NA
C13,IO_L1N_T0L_N1_DBC_72,0L,72,HP,NA
C14,IO_L1P_T0L_N0_DBC_72,0L,72,HP,NA
P17,VREF_72,NA,72,HP,NA
A20,IO_L24N_T3U_N11_71,3U,71,HP,NA
B20,IO_L24P_T3U_N10_71,3U,71,HP,NA
A23,IO_L23N_T3U_N9_71,3U,71,HP,NA
A22,IO_L23P_T3U_N8_71,3U,71,HP,NA
A21,IO_L22N_T3U_N7_DBC_AD0N_71,3U,71,HP,NA
B21,IO_L22P_T3U_N6_DBC_AD0P_71,3U,71,HP,NA
B23,IO_L21N_T3L_N5_AD8N_71,3L,71,HP,NA
C23,IO_L21P_T3L_N4_AD8P_71,3L,71,HP,NA
C22,IO_L20N_T3L_N3_AD1N_71,3L,71,HP,NA
C21,IO_L20P_T3L_N2_AD1P_71,3L,71,HP,NA
B24,IO_L19N_T3L_N1_DBC_AD9N_71,3L,71,HP,NA
C24,IO_L19P_T3L_N0_DBC_AD9P_71,3L,71,HP,NA
D20,IO_T3U_N12_71,3U,71,HP,NA
E20,IO_T2U_N12_71,2U,71,HP,NA
D22,IO_L18N_T2U_N11_AD2N_71,2U,71,HP,NA
D21,IO_L18P_T2U_N10_AD2P_71,2U,71,HP,NA
E23,IO_L17N_T2U_N9_AD10N_71,2U,71,HP,NA
E22,IO_L17P_T2U_N8_AD10P_71,2U,71,HP,NA
F23,IO_L16N_T2U_N7_QBC_AD3N_71,2U,71,HP,NA
F22,IO_L16P_T2U_N6_QBC_AD3P_71,2U,71,HP,NA
D24,IO_L15N_T2L_N5_AD11N_71,2L,71,HP,NA
E24,IO_L15P_T2L_N4_AD11P_71,2L,71,HP,NA
G21,IO_L14N_T2L_N3_GC_71,2L,71,HP,NA
G20,IO_L14P_T2L_N2_GC_71,2L,71,HP,NA
F21,IO_L13N_T2L_N1_GC_QBC_71,2L,71,HP,NA
F20,IO_L13P_T2L_N0_GC_QBC_71,2L,71,HP,NA
H22,IO_L12N_T1U_N11_GC_71,1U,71,HP,NA
H21,IO_L12P_T1U_N10_GC_71,1U,71,HP,NA
J22,IO_L11N_T1U_N9_GC_71,1U,71,HP,NA
J21,IO_L11P_T1U_N8_GC_71,1U,71,HP,NA
K20,IO_L10N_T1U_N7_QBC_AD4N_71,1U,71,HP,NA
L20,IO_L10P_T1U_N6_QBC_AD4P_71,1U,71,HP,NA
G19,IO_L9N_T1L_N5_AD12N_71,1L,71,HP,NA
H19,IO_L9P_T1L_N4_AD12P_71,1L,71,HP,NA
K23,IO_L8N_T1L_N3_AD5N_71,1L,71,HP,NA
K22,IO_L8P_T1L_N2_AD5P_71,1L,71,HP,NA
G23,IO_L7N_T1L_N1_QBC_AD13N_71,1L,71,HP,NA
H23,IO_L7P_T1L_N0_QBC_AD13P_71,1L,71,HP,NA
J20,IO_T1U_N12_71,1U,71,HP,NA
L21,IO_T0U_N12_VRP_71,0U,71,HP,NA
M23,IO_L6N_T0U_N11_AD6N_71,0U,71,HP,NA
N23,IO_L6P_T0U_N10_AD6P_71,0U,71,HP,NA
L23,IO_L5N_T0U_N9_AD14N_71,0U,71,HP,NA
L22,IO_L5P_T0U_N8_AD14P_71,0U,71,HP,NA
P21,IO_L4N_T0U_N7_DBC_AD7N_71,0U,71,HP,NA
P20,IO_L4P_T0U_N6_DBC_AD7P_71,0U,71,HP,NA
M21,IO_L3N_T0L_N5_AD15N_71,0L,71,HP,NA
M20,IO_L3P_T0L_N4_AD15P_71,0L,71,HP,NA
N24,IO_L2N_T0L_N3_71,0L,71,HP,NA
P24,IO_L2P_T0L_N2_71,0L,71,HP,NA
N22,IO_L1N_T0L_N1_DBC_71,0L,71,HP,NA
N21,IO_L1P_T0L_N0_DBC_71,0L,71,HP,NA
P22,VREF_71,NA,71,HP,NA
A25,IO_L24N_T3U_N11_70,3U,70,HP,NA
B25,IO_L24P_T3U_N10_70,3U,70,HP,NA
B29,IO_L23N_T3U_N9_70,3U,70,HP,NA
B28,IO_L23P_T3U_N8_70,3U,70,HP,NA
A26,IO_L22N_T3U_N7_DBC_AD0N_70,3U,70,HP,NA
B26,IO_L22P_T3U_N6_DBC_AD0P_70,3U,70,HP,NA
C29,IO_L21N_T3L_N5_AD8N_70,3L,70,HP,NA
C28,IO_L21P_T3L_N4_AD8P_70,3L,70,HP,NA
A28,IO_L20N_T3L_N3_AD1N_70,3L,70,HP,NA
A27,IO_L20P_T3L_N2_AD1P_70,3L,70,HP,NA
C27,IO_L19N_T3L_N1_DBC_AD9N_70,3L,70,HP,NA
D27,IO_L19P_T3L_N0_DBC_AD9P_70,3L,70,HP,NA
C26,IO_T3U_N12_70,3U,70,HP,NA
F27,IO_T2U_N12_70,2U,70,HP,NA
D26,IO_L18N_T2U_N11_AD2N_70,2U,70,HP,NA
D25,IO_L18P_T2U_N10_AD2P_70,2U,70,HP,NA
G25,IO_L17N_T2U_N9_AD10N_70,2U,70,HP,NA
G24,IO_L17P_T2U_N8_AD10P_70,2U,70,HP,NA
E25,IO_L16N_T2U_N7_QBC_AD3N_70,2U,70,HP,NA
F25,IO_L16P_T2U_N6_QBC_AD3P_70,2U,70,HP,NA
E28,IO_L15N_T2L_N5_AD11N_70,2L,70,HP,NA
E27,IO_L15P_T2L_N4_AD11P_70,2L,70,HP,NA
F26,IO_L14N_T2L_N3_GC_70,2L,70,HP,NA
G26,IO_L14P_T2L_N2_GC_70,2L,70,HP,NA
F28,IO_L13N_T2L_N1_GC_QBC_70,2L,70,HP,NA
G28,IO_L13P_T2L_N0_GC_QBC_70,2L,70,HP,NA
H27,IO_L12N_T1U_N11_GC_70,1U,70,HP,NA
H26,IO_L12P_T1U_N10_GC_70,1U,70,HP,NA
H28,IO_L11N_T1U_N9_GC_70,1U,70,HP,NA
J27,IO_L11P_T1U_N8_GC_70,1U,70,HP,NA
J26,IO_L10N_T1U_N7_QBC_AD4N_70,1U,70,HP,NA
J25,IO_L10P_T1U_N6_QBC_AD4P_70,1U,70,HP,NA
K28,IO_L9N_T1L_N5_AD12N_70,1L,70,HP,NA
K27,IO_L9P_T1L_N4_AD12P_70,1L,70,HP,NA
J24,IO_L8N_T1L_N3_AD5N_70,1L,70,HP,NA
K24,IO_L8P_T1L_N2_AD5P_70,1L,70,HP,NA
K25,IO_L7N_T1L_N1_QBC_AD13N_70,1L,70,HP,NA
L25,IO_L7P_T1L_N0_QBC_AD13P_70,1L,70,HP,NA
H24,IO_T1U_N12_70,1U,70,HP,NA
L27,IO_T0U_N12_VRP_70,0U,70,HP,NA
L26,IO_L6N_T0U_N11_AD6N_70,0U,70,HP,NA
M26,IO_L6P_T0U_N10_AD6P_70,0U,70,HP,NA
L28,IO_L5N_T0U_N9_AD14N_70,0U,70,HP,NA
M28,IO_L5P_T0U_N8_AD14P_70,0U,70,HP,NA
M25,IO_L4N_T0U_N7_DBC_AD7N_70,0U,70,HP,NA
M24,IO_L4P_T0U_N6_DBC_AD7P_70,0U,70,HP,NA
P27,IO_L3N_T0L_N5_AD15N_70,0L,70,HP,NA
P26,IO_L3P_T0L_N4_AD15P_70,0L,70,HP,NA
N27,IO_L2N_T0L_N3_70,0L,70,HP,NA
N26,IO_L2P_T0L_N2_70,0L,70,HP,NA
R26,IO_L1N_T0L_N1_DBC_70,0L,70,HP,NA
R25,IO_L1P_T0L_N0_DBC_70,0L,70,HP,NA
P25,VREF_70,NA,70,HP,NA
A33,IO_L24N_T3U_N11_69,3U,69,HP,NA
A32,IO_L24P_T3U_N10_69,3U,69,HP,NA
B33,IO_L23N_T3U_N9_69,3U,69,HP,NA
C33,IO_L23P_T3U_N8_69,3U,69,HP,NA
A37,IO_L22N_T3U_N7_DBC_AD0N_69,3U,69,HP,NA
A36,IO_L22P_T3U_N6_DBC_AD0P_69,3U,69,HP,NA
C34,IO_L21N_T3L_N5_AD8N_69,3L,69,HP,NA
D34,IO_L21P_T3L_N4_AD8P_69,3L,69,HP,NA
B35,IO_L20N_T3L_N3_AD1N_69,3L,69,HP,NA
B34,IO_L20P_T3L_N2_AD1P_69,3L,69,HP,NA
E33,IO_L19N_T3L_N1_DBC_AD9N_69,3L,69,HP,NA
F33,IO_L19P_T3L_N0_DBC_AD9P_69,3L,69,HP,NA
A35,IO_T3U_N12_69,3U,69,HP,NA
D29,IO_T2U_N12_69,2U,69,HP,NA
A31,IO_L18N_T2U_N11_AD2N_69,2U,69,HP,NA
A30,IO_L18P_T2U_N10_AD2P_69,2U,69,HP,NA
C32,IO_L17N_T2U_N9_AD10N_69,2U,69,HP,NA
C31,IO_L17P_T2U_N8_AD10P_69,2U,69,HP,NA
B31,IO_L16N_T2U_N7_QBC_AD3N_69,2U,69,HP,NA
B30,IO_L16P_T2U_N6_QBC_AD3P_69,2U,69,HP,NA
D32,IO_L15N_T2L_N5_AD11N_69,2L,69,HP,NA
E32,IO_L15P_T2L_N4_AD11P_69,2L,69,HP,NA
D31,IO_L14N_T2L_N3_GC_69,2L,69,HP,NA
D30,IO_L14P_T2L_N2_GC_69,2L,69,HP,NA
E30,IO_L13N_T2L_N1_GC_QBC_69,2L,69,HP,NA
E29,IO_L13P_T2L_N0_GC_QBC_69,2L,69,HP,NA
F31,IO_L12N_T1U_N11_GC_69,1U,69,HP,NA
F30,IO_L12P_T1U_N10_GC_69,1U,69,HP,NA
G31,IO_L11N_T1U_N9_GC_69,1U,69,HP,NA
G30,IO_L11P_T1U_N8_GC_69,1U,69,HP,NA
G29,IO_L10N_T1U_N7_QBC_AD4N_69,1U,69,HP,NA
H29,IO_L10P_T1U_N6_QBC_AD4P_69,1U,69,HP,NA
H31,IO_L9N_T1L_N5_AD12N_69,1L,69,HP,NA
J31,IO_L9P_T1L_N4_AD12P_69,1L,69,HP,NA
G33,IO_L8N_T1L_N3_AD5N_69,1L,69,HP,NA
H32,IO_L8P_T1L_N2_AD5P_69,1L,69,HP,NA
J30,IO_L7N_T1L_N1_QBC_AD13N_69,1L,69,HP,NA
J29,IO_L7P_T1L_N0_QBC_AD13P_69,1L,69,HP,NA
F32,IO_T1U_N12_69,1U,69,HP,NA
J32,IO_T0U_N12_VRP_69,0U,69,HP,NA
K30,IO_L6N_T0U_N11_AD6N_69,0U,69,HP,NA
K29,IO_L6P_T0U_N10_AD6P_69,0U,69,HP,NA
K32,IO_L5N_T0U_N9_AD14N_69,0U,69,HP,NA
L32,IO_L5P_T0U_N8_AD14P_69,0U,69,HP,NA
L30,IO_L4N_T0U_N7_DBC_AD7N_69,0U,69,HP,NA
M29,IO_L4P_T0U_N6_DBC_AD7P_69,0U,69,HP,NA
N32,IO_L3N_T0L_N5_AD15N_69,0L,69,HP,NA
N31,IO_L3P_T0L_N4_AD15P_69,0L,69,HP,NA
N29,IO_L2N_T0L_N3_69,0L,69,HP,NA
N28,IO_L2P_T0L_N2_69,0L,69,HP,NA
L31,IO_L1N_T0L_N1_DBC_69,0L,69,HP,NA
M31,IO_L1P_T0L_N0_DBC_69,0L,69,HP,NA
M30,VREF_69,NA,69,HP,NA
A38,IO_L24N_T3U_N11_68,3U,68,HP,NA
B38,IO_L24P_T3U_N10_68,3U,68,HP,NA
D36,IO_L23N_T3U_N9_68,3U,68,HP,NA
D35,IO_L23P_T3U_N8_68,3U,68,HP,NA
B36,IO_L22N_T3U_N7_DBC_AD0N_68,3U,68,HP,NA
C36,IO_L22P_T3U_N6_DBC_AD0P_68,3U,68,HP,NA
C37,IO_L21N_T3L_N5_AD8N_68,3L,68,HP,NA
D37,IO_L21P_T3L_N4_AD8P_68,3L,68,HP,NA
C39,IO_L20N_T3L_N3_AD1N_68,3L,68,HP,NA
D39,IO_L20P_T3L_N2_AD1P_68,3L,68,HP,NA
E39,IO_L19N_T3L_N1_DBC_AD9N_68,3L,68,HP,NA
E38,IO_L19P_T3L_N0_DBC_AD9P_68,3L,68,HP,NA
C38,IO_T3U_N12_68,3U,68,HP,NA
G34,IO_T2U_N12_68,2U,68,HP,NA
E35,IO_L18N_T2U_N11_AD2N_68,2U,68,HP,NA
E34,IO_L18P_T2U_N10_AD2P_68,2U,68,HP,NA
E37,IO_L17N_T2U_N9_AD10N_68,2U,68,HP,NA
F37,IO_L17P_T2U_N8_AD10P_68,2U,68,HP,NA
F38,IO_L16N_T2U_N7_QBC_AD3N_68,2U,68,HP,NA
G38,IO_L16P_T2U_N6_QBC_AD3P_68,2U,68,HP,NA
G39,IO_L15N_T2L_N5_AD11N_68,2L,68,HP,NA
H39,IO_L15P_T2L_N4_AD11P_68,2L,68,HP,NA
F36,IO_L14N_T2L_N3_GC_68,2L,68,HP,NA
F35,IO_L14P_T2L_N2_GC_68,2L,68,HP,NA
G36,IO_L13N_T2L_N1_GC_QBC_68,2L,68,HP,NA
G35,IO_L13P_T2L_N0_GC_QBC_68,2L,68,HP,NA
H36,IO_L12N_T1U_N11_GC_68,1U,68,HP,NA
J36,IO_L12P_T1U_N10_GC_68,1U,68,HP,NA
J35,IO_L11N_T1U_N9_GC_68,1U,68,HP,NA
J34,IO_L11P_T1U_N8_GC_68,1U,68,HP,NA
H34,IO_L10N_T1U_N7_QBC_AD4N_68,1U,68,HP,NA
H33,IO_L10P_T1U_N6_QBC_AD4P_68,1U,68,HP,NA
K35,IO_L9N_T1L_N5_AD12N_68,1L,68,HP,NA
L35,IO_L9P_T1L_N4_AD12P_68,1L,68,HP,NA
K33,IO_L8N_T1L_N3_AD5N_68,1L,68,HP,NA
L33,IO_L8P_T1L_N2_AD5P_68,1L,68,HP,NA
M35,IO_L7N_T1L_N1_QBC_AD13N_68,1L,68,HP,NA
M34,IO_L7P_T1L_N0_QBC_AD13P_68,1L,68,HP,NA
K34,IO_T1U_N12_68,1U,68,HP,NA
J37,IO_T0U_N12_VRP_68,0U,68,HP,NA
H38,IO_L6N_T0U_N11_AD6N_68,0U,68,HP,NA
H37,IO_L6P_T0U_N10_AD6P_68,0U,68,HP,NA
L36,IO_L5N_T0U_N9_AD14N_68,0U,68,HP,NA
M36,IO_L5P_T0U_N8_AD14P_68,0U,68,HP,NA
J39,IO_L4N_T0U_N7_DBC_AD7N_68,0U,68,HP,NA
K39,IO_L4P_T0U_N6_DBC_AD7P_68,0U,68,HP,NA
L38,IO_L3N_T0L_N5_AD15N_68,0L,68,HP,NA
L37,IO_L3P_T0L_N4_AD15P_68,0L,68,HP,NA
K38,IO_L2N_T0L_N3_68,0L,68,HP,NA
K37,IO_L2P_T0L_N2_68,0L,68,HP,NA
M39,IO_L1N_T0L_N1_DBC_68,0L,68,HP,NA
M38,IO_L1P_T0L_N0_DBC_68,0L,68,HP,NA
M33,VREF_68,NA,68,HP,NA
U29,IO_L24N_T3U_N11_67,3U,67,HP,NA
U28,IO_L24P_T3U_N10_67,3U,67,HP,NA
R27,IO_L23N_T3U_N9_67,3U,67,HP,NA
T26,IO_L23P_T3U_N8_67,3U,67,HP,NA
V29,IO_L22N_T3U_N7_DBC_AD0N_67,3U,67,HP,NA
V28,IO_L22P_T3U_N6_DBC_AD0P_67,3U,67,HP,NA
T28,IO_L21N_T3L_N5_AD8N_67,3L,67,HP,NA
T27,IO_L21P_T3L_N4_AD8P_67,3L,67,HP,NA
V27,IO_L20N_T3L_N3_AD1N_67,3L,67,HP,NA
V26,IO_L20P_T3L_N2_AD1P_67,3L,67,HP,NA
P29,IO_L19N_T3L_N1_DBC_AD9N_67,3L,67,HP,NA
R29,IO_L19P_T3L_N0_DBC_AD9P_67,3L,67,HP,NA
R28,IO_T3U_N12_67,3U,67,HP,NA
P30,IO_T2U_N12_67,2U,67,HP,NA
T32,IO_L18N_T2U_N11_AD2N_67,2U,67,HP,NA
T31,IO_L18P_T2U_N10_AD2P_67,2U,67,HP,NA
R30,IO_L17N_T2U_N9_AD10N_67,2U,67,HP,NA
T30,IO_L17P_T2U_N8_AD10P_67,2U,67,HP,NA
U31,IO_L16N_T2U_N7_QBC_AD3N_67,2U,67,HP,NA
U30,IO_L16P_T2U_N6_QBC_AD3P_67,2U,67,HP,NA
P32,IO_L15N_T2L_N5_AD11N_67,2L,67,HP,NA
P31,IO_L15P_T2L_N4_AD11P_67,2L,67,HP,NA
T33,IO_L14N_T2L_N3_GC_67,2L,67,HP,NA
U33,IO_L14P_T2L_N2_GC_67,2L,67,HP,NA
R33,IO_L13N_T2L_N1_GC_QBC_67,2L,67,HP,NA
R32,IO_L13P_T2L_N0_GC_QBC_67,2L,67,HP,NA
R35,IO_L12N_T1U_N11_GC_67,1U,67,HP,NA
R34,IO_L12P_T1U_N10_GC_67,1U,67,HP,NA
P35,IO_L11N_T1U_N9_GC_67,1U,67,HP,NA
P34,IO_L11P_T1U_N8_GC_67,1U,67,HP,NA
U35,IO_L10N_T1U_N7_QBC_AD4N_67,1U,67,HP,NA
U34,IO_L10P_T1U_N6_QBC_AD4P_67,1U,67,HP,NA
N34,IO_L9N_T1L_N5_AD12N_67,1L,67,HP,NA
N33,IO_L9P_T1L_N4_AD12P_67,1L,67,HP,NA
T36,IO_L8N_T1L_N3_AD5N_67,1L,67,HP,NA
U36,IO_L8P_T1L_N2_AD5P_67,1L,67,HP,NA
N36,IO_L7N_T1L_N1_QBC_AD13N_67,1L,67,HP,NA
P36,IO_L7P_T1L_N0_QBC_AD13P_67,1L,67,HP,NA
T35,IO_T1U_N12_67,1U,67,HP,NA
N37,IO_T0U_N12_VRP_67,0U,67,HP,NA
R38,IO_L6N_T0U_N11_AD6N_67,0U,67,HP,NA
T37,IO_L6P_T0U_N10_AD6P_67,0U,67,HP,NA
P37,IO_L5N_T0U_N9_AD14N_67,0U,67,HP,NA
R37,IO_L5P_T0U_N8_AD14P_67,0U,67,HP,NA
T38,IO_L4N_T0U_N7_DBC_AD7N_67,0U,67,HP,NA
U38,IO_L4P_T0U_N6_DBC_AD7P_67,0U,67,HP,NA
N39,IO_L3N_T0L_N5_AD15N_67,0L,67,HP,NA
N38,IO_L3P_T0L_N4_AD15P_67,0L,67,HP,NA
U39,IO_L2N_T0L_N3_67,0L,67,HP,NA
V39,IO_L2P_T0L_N2_67,0L,67,HP,NA
P39,IO_L1N_T0L_N1_DBC_67,0L,67,HP,NA
R39,IO_L1P_T0L_N0_DBC_67,0L,67,HP,NA
U26,VREF_67,NA,67,HP,NA
AW19,IO_L24N_T3U_N11_66,3U,66,HP,NA
AW20,IO_L24P_T3U_N10_66,3U,66,HP,NA
AW16,IO_L23N_T3U_N9_66,3U,66,HP,NA
AW17,IO_L23P_T3U_N8_66,3U,66,HP,NA
AV18,IO_L22N_T3U_N7_DBC_AD0N_66,3U,66,HP,NA
AV19,IO_L22P_T3U_N6_DBC_AD0P_66,3U,66,HP,NA
AW14,IO_L21N_T3L_N5_AD8N_66,3L,66,HP,NA
AW15,IO_L21P_T3L_N4_AD8P_66,3L,66,HP,NA
AV16,IO_L20N_T3L_N3_AD1N_66,3L,66,HP,NA
AU16,IO_L20P_T3L_N2_AD1P_66,3L,66,HP,NA
AV14,IO_L19N_T3L_N1_DBC_AD9N_66,3L,66,HP,NA
AU14,IO_L19P_T3L_N0_DBC_AD9P_66,3L,66,HP,NA
AV17,IO_T3U_N12_66,3U,66,HP,NA
AR14,IO_T2U_N12_66,2U,66,HP,NA
AU20,IO_L18N_T2U_N11_AD2N_66,2U,66,HP,NA
AT20,IO_L18P_T2U_N10_AD2P_66,2U,66,HP,NA
AU18,IO_L17N_T2U_N9_AD10N_66,2U,66,HP,NA
AU19,IO_L17P_T2U_N8_AD10P_66,2U,66,HP,NA
AT18,IO_L16N_T2U_N7_QBC_AD3N_66,2U,66,HP,NA
AR19,IO_L16P_T2U_N6_QBC_AD3P_66,2U,66,HP,NA
AU15,IO_L15N_T2L_N5_AD11N_66,2L,66,HP,NA
AT15,IO_L15P_T2L_N4_AD11P_66,2L,66,HP,NA
AR17,IO_L14N_T2L_N3_GC_66,2L,66,HP,NA
AR18,IO_L14P_T2L_N2_GC_66,2L,66,HP,NA
AT16,IO_L13N_T2L_N1_GC_QBC_66,2L,66,HP,NA
AT17,IO_L13P_T2L_N0_GC_QBC_66,2L,66,HP,NA
AP16,IO_L12N_T1U_N11_GC_66,1U,66,HP,NA
AP17,IO_L12P_T1U_N10_GC_66,1U,66,HP,NA
AR15,IO_L11N_T1U_N9_GC_66,1U,66,HP,NA
AP15,IO_L11P_T1U_N8_GC_66,1U,66,HP,NA
AN18,IO_L10N_T1U_N7_QBC_AD4N_66,1U,66,HP,NA
AN19,IO_L10P_T1U_N6_QBC_AD4P_66,1U,66,HP,NA
AP14,IO_L9N_T1L_N5_AD12N_66,1L,66,HP,NA
AN14,IO_L9P_T1L_N4_AD12P_66,1L,66,HP,NA
AM18,IO_L8N_T1L_N3_AD5N_66,1L,66,HP,NA
AM19,IO_L8P_T1L_N2_AD5P_66,1L,66,HP,NA
AN16,IO_L7N_T1L_N1_QBC_AD13N_66,1L,66,HP,NA
AN17,IO_L7P_T1L_N0_QBC_AD13P_66,1L,66,HP,NA
AP19,IO_T1U_N12_66,1U,66,HP,NA
AM16,IO_T0U_N12_VRP_66,0U,66,HP,NA
AM14,IO_L6N_T0U_N11_AD6N_66,0U,66,HP,NA
AM15,IO_L6P_T0U_N10_AD6P_66,0U,66,HP,NA
AJ16,IO_L5N_T0U_N9_AD14N_66,0U,66,HP,NA
AJ17,IO_L5P_T0U_N8_AD14P_66,0U,66,HP,NA
AL18,IO_L4N_T0U_N7_DBC_AD7N_66,0U,66,HP,NA
AK18,IO_L4P_T0U_N6_DBC_AD7P_66,0U,66,HP,NA
AL15,IO_L3N_T0L_N5_AD15N_66,0L,66,HP,NA
AL16,IO_L3P_T0L_N4_AD15P_66,0L,66,HP,NA
AK19,IO_L2N_T0L_N3_66,0L,66,HP,NA
AJ19,IO_L2P_T0L_N2_66,0L,66,HP,NA
AL17,IO_L1N_T0L_N1_DBC_66,0L,66,HP,NA
AK17,IO_L1P_T0L_N0_DBC_66,0L,66,HP,NA
AH19,VREF_66,NA,66,HP,NA
AN13,IO_L24N_T3U_N11_65,3U,65,HP,NA
AM13,IO_L24P_T3U_N10_65,3U,65,HP,NA
AL12,IO_L23N_T3U_N9_PERSTN1_I2C_SDA_65,3U,65,HP,NA
AK12,IO_L23P_T3U_N8_I2C_SCLK_65,3U,65,HP,NA
AM11,IO_L22N_T3U_N7_DBC_AD0N_65,3U,65,HP,NA
AL11,IO_L22P_T3U_N6_DBC_AD0P_65,3U,65,HP,NA
AJ10,IO_L21N_T3L_N5_AD8N_65,3L,65,HP,NA
AJ11,IO_L21P_T3L_N4_AD8P_65,3L,65,HP,NA
AN11,IO_L20N_T3L_N3_AD1N_65,3L,65,HP,NA
AN12,IO_L20P_T3L_N2_AD1P_65,3L,65,HP,NA
AL10,IO_L19N_T3L_N1_DBC_AD9N_65,3L,65,HP,NA
AK10,IO_L19P_T3L_N0_DBC_AD9P_65,3L,65,HP,NA
AM10,IO_T3U_N12_PERSTN0_65,3U,65,HP,NA
AM8,IO_T2U_N12_65,2U,65,HP,NA
AP9,IO_L18N_T2U_N11_AD2N_65,2U,65,HP,NA
AP10,IO_L18P_T2U_N10_AD2P_65,2U,65,HP,NA
AK8,IO_L17N_T2U_N9_AD10N_65,2U,65,HP,NA
AK9,IO_L17P_T2U_N8_AD10P_65,2U,65,HP,NA
AN9,IO_L16N_T2U_N7_QBC_AD3N_65,2U,65,HP,NA
AM9,IO_L16P_T2U_N6_QBC_AD3P_65,2U,65,HP,NA
AK6,IO_L15N_T2L_N5_AD11N_65,2L,65,HP,NA
AK7,IO_L15P_T2L_N4_AD11P_65,2L,65,HP,NA
AN7,IO_L14N_T2L_N3_GC_65,2L,65,HP,NA
AN8,IO_L14P_T2L_N2_GC_65,2L,65,HP,NA
AL7,IO_L13N_T2L_N1_GC_QBC_65,2L,65,HP,NA
AL8,IO_L13P_T2L_N0_GC_QBC_65,2L,65,HP,NA
AN6,IO_L12N_T1U_N11_GC_65,1U,65,HP,NA
AM6,IO_L12P_T1U_N10_GC_65,1U,65,HP,NA
AM5,IO_L11N_T1U_N9_GC_65,1U,65,HP,NA
AL6,IO_L11P_T1U_N8_GC_65,1U,65,HP,NA
AL5,IO_L10N_T1U_N7_QBC_AD4N_65,1U,65,HP,NA
AK5,IO_L10P_T1U_N6_QBC_AD4P_65,1U,65,HP,NA
AP6,IO_L9N_T1L_N5_AD12N_65,1L,65,HP,NA
AP7,IO_L9P_T1L_N4_AD12P_65,1L,65,HP,NA
AK3,IO_L8N_T1L_N3_AD5N_65,1L,65,HP,NA
AK4,IO_L8P_T1L_N2_AD5P_65,1L,65,HP,NA
AP4,IO_L7N_T1L_N1_QBC_AD13N_65,1L,65,HP,NA
AP5,IO_L7P_T1L_N0_QBC_AD13P_65,1L,65,HP,NA
AM4,IO_T1U_N12_SMBALERT_65,1U,65,HP,NA
AM1,IO_T0U_N12_VRP_65,0U,65,HP,NA
AN3,IO_L6N_T0U_N11_AD6N_65,0U,65,HP,NA
AN4,IO_L6P_T0U_N10_AD6P_65,0U,65,HP,NA
AM3,IO_L5N_T0U_N9_AD14N_65,0U,65,HP,NA
AL3,IO_L5P_T0U_N8_AD14P_65,0U,65,HP,NA
AN1,IO_L4N_T0U_N7_DBC_AD7N_65,0U,65,HP,NA
AN2,IO_L4P_T0U_N6_DBC_AD7P_65,0U,65,HP,NA
AL2,IO_L3N_T0L_N5_AD15N_65,0L,65,HP,NA
AK2,IO_L3P_T0L_N4_AD15P_65,0L,65,HP,NA
AP1,IO_L2N_T0L_N3_65,0L,65,HP,NA
AP2,IO_L2P_T0L_N2_65,0L,65,HP,NA
AL1,IO_L1N_T0L_N1_DBC_65,0L,65,HP,NA
AK1,IO_L1P_T0L_N0_DBC_65,0L,65,HP,NA
AL13,VREF_65,NA,65,HP,NA
AV11,IO_L24N_T3U_N11_64,3U,64,HP,NA
AU11,IO_L24P_T3U_N10_64,3U,64,HP,NA
AR12,IO_L23N_T3U_N9_64,3U,64,HP,NA
AR13,IO_L23P_T3U_N8_64,3U,64,HP,NA
AW12,IO_L22N_T3U_N7_DBC_AD0N_64,3U,64,HP,NA
AV12,IO_L22P_T3U_N6_DBC_AD0P_64,3U,64,HP,NA
AR10,IO_L21N_T3L_N5_AD8N_64,3L,64,HP,NA
AP11,IO_L21P_T3L_N4_AD8P_64,3L,64,HP,NA
AV13,IO_L20N_T3L_N3_AD1N_64,3L,64,HP,NA
AU13,IO_L20P_T3L_N2_AD1P_64,3L,64,HP,NA
AT12,IO_L19N_T3L_N1_DBC_AD9N_64,3L,64,HP,NA
AT13,IO_L19P_T3L_N0_DBC_AD9P_64,3L,64,HP,NA
AT11,IO_T3U_N12_64,3U,64,HP,NA
AU9,IO_T2U_N12_64,2U,64,HP,NA
AW9,IO_L18N_T2U_N11_AD2N_64,2U,64,HP,NA
AV9,IO_L18P_T2U_N10_AD2P_64,2U,64,HP,NA
AR8,IO_L17N_T2U_N9_AD10N_64,2U,64,HP,NA
AR9,IO_L17P_T2U_N8_AD10P_64,2U,64,HP,NA
AW10,IO_L16N_T2U_N7_QBC_AD3N_64,2U,64,HP,NA
AW11,IO_L16P_T2U_N6_QBC_AD3P_64,2U,64,HP,NA
AU10,IO_L15N_T2L_N5_AD11N_64,2L,64,HP,NA
AT10,IO_L15P_T2L_N4_AD11P_64,2L,64,HP,NA
AV7,IO_L14N_T2L_N3_GC_64,2L,64,HP,NA
AV8,IO_L14P_T2L_N2_GC_64,2L,64,HP,NA
AU8,IO_L13N_T2L_N1_GC_QBC_64,2L,64,HP,NA
AT8,IO_L13P_T2L_N0_GC_QBC_64,2L,64,HP,NA
AT5,IO_L12N_T1U_N11_GC_64,1U,64,HP,NA
AT6,IO_L12P_T1U_N10_GC_64,1U,64,HP,NA
AU5,IO_L11N_T1U_N9_GC_64,1U,64,HP,NA
AU6,IO_L11P_T1U_N8_GC_64,1U,64,HP,NA
AT7,IO_L10N_T1U_N7_QBC_AD4N_64,1U,64,HP,NA
AR7,IO_L10P_T1U_N6_QBC_AD4P_64,1U,64,HP,NA
AW5,IO_L9N_T1L_N5_AD12N_64,1L,64,HP,NA
AV6,IO_L9P_T1L_N4_AD12P_64,1L,64,HP,NA
AR4,IO_L8N_T1L_N3_AD5N_64,1L,64,HP,NA
AR5,IO_L8P_T1L_N2_AD5P_64,1L,64,HP,NA
AW6,IO_L7N_T1L_N1_QBC_AD13N_64,1L,64,HP,NA
AW7,IO_L7P_T1L_N0_QBC_AD13P_64,1L,64,HP,NA
AW4,IO_T1U_N12_64,1U,64,HP,NA
AU3,IO_T0U_N12_VRP_64,0U,64,HP,NA
AV4,IO_L6N_T0U_N11_AD6N_64,0U,64,HP,NA
AU4,IO_L6P_T0U_N10_AD6P_64,0U,64,HP,NA
AW3,IO_L5N_T0U_N9_AD14N_64,0U,64,HP,NA
AV3,IO_L5P_T0U_N8_AD14P_64,0U,64,HP,NA
AT3,IO_L4N_T0U_N7_DBC_AD7N_64,0U,64,HP,NA
AR3,IO_L4P_T0U_N6_DBC_AD7P_64,0U,64,HP,NA
AV2,IO_L3N_T0L_N5_AD15N_64,0L,64,HP,NA
AU2,IO_L3P_T0L_N4_AD15P_64,0L,64,HP,NA
AT2,IO_L2N_T0L_N3_64,0L,64,HP,NA
AR2,IO_L2P_T0L_N2_64,0L,64,HP,NA
AU1,IO_L1N_T0L_N1_DBC_64,0L,64,HP,NA
AT1,IO_L1P_T0L_N0_DBC_64,0L,64,HP,NA
AP12,VREF_64,NA,64,HP,NA
J15,IO_L12N_AD0N_93,NA,93,HD,NA
K15,IO_L12P_AD0P_93,NA,93,HD,NA
G14,IO_L11N_AD1N_93,NA,93,HD,NA
H14,IO_L11P_AD1P_93,NA,93,HD,NA
G13,IO_L10N_AD2N_93,NA,93,HD,NA
H13,IO_L10P_AD2P_93,NA,93,HD,NA
J14,IO_L9N_AD3N_93,NA,93,HD,NA
K14,IO_L9P_AD3P_93,NA,93,HD,NA
K12,IO_L8N_HDGC_AD4N_93,NA,93,HD,NA
K13,IO_L8P_HDGC_AD4P_93,NA,93,HD,NA
L12,IO_L7N_HDGC_AD5N_93,NA,93,HD,NA
L13,IO_L7P_HDGC_AD5P_93,NA,93,HD,NA
M12,IO_L6N_HDGC_AD6N_93,NA,93,HD,NA
M13,IO_L6P_HDGC_AD6P_93,NA,93,HD,NA
N12,IO_L5N_HDGC_AD7N_93,NA,93,HD,NA
N13,IO_L5P_HDGC_AD7P_93,NA,93,HD,NA
L15,IO_L4N_AD8N_93,NA,93,HD,NA
M15,IO_L4P_AD8P_93,NA,93,HD,NA
M14,IO_L3N_AD9N_93,NA,93,HD,NA
N14,IO_L3P_AD9P_93,NA,93,HD,NA
L16,IO_L2N_AD10N_93,NA,93,HD,NA
M16,IO_L2P_AD10P_93,NA,93,HD,NA
N16,IO_L1N_AD11N_93,NA,93,HD,NA
P16,IO_L1P_AD11P_93,NA,93,HD,NA
P14,IO_L12N_AD8N_91,NA,91,HD,NA
P15,IO_L12P_AD8P_91,NA,91,HD,NA
P12,IO_L11N_AD9N_91,NA,91,HD,NA
R12,IO_L11P_AD9P_91,NA,91,HD,NA
R13,IO_L10N_AD10N_91,NA,91,HD,NA
R14,IO_L10P_AD10P_91,NA,91,HD,NA
T12,IO_L9N_AD11N_91,NA,91,HD,NA
T13,IO_L9P_AD11P_91,NA,91,HD,NA
U12,IO_L8N_HDGC_91,NA,91,HD,NA
V12,IO_L8P_HDGC_91,NA,91,HD,NA
W12,IO_L7N_HDGC_91,NA,91,HD,NA
Y12,IO_L7P_HDGC_91,NA,91,HD,NA
U13,IO_L6N_HDGC_91,NA,91,HD,NA
V13,IO_L6P_HDGC_91,NA,91,HD,NA
U14,IO_L5N_HDGC_91,NA,91,HD,NA
V14,IO_L5P_HDGC_91,NA,91,HD,NA
AA12,IO_L4N_AD12N_91,NA,91,HD,NA
AB12,IO_L4P_AD12P_91,NA,91,HD,NA
Y13,IO_L3N_AD13N_91,NA,91,HD,NA
AA13,IO_L3P_AD13P_91,NA,91,HD,NA
AB13,IO_L2N_AD14N_91,NA,91,HD,NA
AB14,IO_L2P_AD14P_91,NA,91,HD,NA
W14,IO_L1N_AD15N_91,NA,91,HD,NA
Y14,IO_L1P_AD15P_91,NA,91,HD,NA
AD12,IO_L12N_AD0N_90,NA,90,HD,NA
AC12,IO_L12P_AD0P_90,NA,90,HD,NA
AE12,IO_L11N_AD1N_90,NA,90,HD,NA
AE13,IO_L11P_AD1P_90,NA,90,HD,NA
AC13,IO_L10N_AD2N_90,NA,90,HD,NA
AC14,IO_L10P_AD2P_90,NA,90,HD,NA
AE14,IO_L9N_AD3N_90,NA,90,HD,NA
AD14,IO_L9P_AD3P_90,NA,90,HD,NA
AF12,IO_L8N_HDGC_AD4N_90,NA,90,HD,NA
AF13,IO_L8P_HDGC_AD4P_90,NA,90,HD,NA
AG12,IO_L7N_HDGC_AD5N_90,NA,90,HD,NA
AG13,IO_L7P_HDGC_AD5P_90,NA,90,HD,NA
AH13,IO_L6N_HDGC_AD6N_90,NA,90,HD,NA
AH14,IO_L6P_HDGC_AD6P_90,NA,90,HD,NA
AG14,IO_L5N_HDGC_AD7N_90,NA,90,HD,NA
AG15,IO_L5P_HDGC_AD7P_90,NA,90,HD,NA
AJ12,IO_L4N_AD8N_90,NA,90,HD,NA
AH12,IO_L4P_AD8P_90,NA,90,HD,NA
AK13,IO_L3N_AD9N_90,NA,90,HD,NA
AJ14,IO_L3P_AD9P_90,NA,90,HD,NA
AK14,IO_L2N_AD10N_90,NA,90,HD,NA
AK15,IO_L2P_AD10P_90,NA,90,HD,NA
AJ15,IO_L1N_AD11N_90,NA,90,HD,NA
AH16,IO_L1P_AD11P_90,NA,90,HD,NA
AH3,MGTHRXN0_224,NA,224,GTH,NA
AG1,MGTHRXN1_224,NA,224,GTH,NA
AF3,MGTHRXN2_224,NA,224,GTH,NA
AE1,MGTHRXN3_224,NA,224,GTH,NA
AH4,MGTHRXP0_224,NA,224,GTH,NA
AG2,MGTHRXP1_224,NA,224,GTH,NA
AF4,MGTHRXP2_224,NA,224,GTH,NA
AE2,MGTHRXP3_224,NA,224,GTH,NA
AH7,MGTHTXN0_224,NA,224,GTH,NA
AG5,MGTHTXN1_224,NA,224,GTH,NA
AF7,MGTHTXN2_224,NA,224,GTH,NA
AE5,MGTHTXN3_224,NA,224,GTH,NA
AH8,MGTHTXP0_224,NA,224,GTH,NA
AG6,MGTHTXP1_224,NA,224,GTH,NA
AF8,MGTHTXP2_224,NA,224,GTH,NA
AE6,MGTHTXP3_224,NA,224,GTH,NA
AG9,MGTREFCLK0N_224,NA,224,GTH,NA
AG10,MGTREFCLK0P_224,NA,224,GTH,NA
AE9,MGTREFCLK1N_224,NA,224,GTH,NA
AE10,MGTREFCLK1P_224,NA,224,GTH,NA
AD3,MGTHRXN0_225,NA,225,GTH,NA
AC1,MGTHRXN1_225,NA,225,GTH,NA
AB3,MGTHRXN2_225,NA,225,GTH,NA
AA1,MGTHRXN3_225,NA,225,GTH,NA
AD4,MGTHRXP0_225,NA,225,GTH,NA
AC2,MGTHRXP1_225,NA,225,GTH,NA
AB4,MGTHRXP2_225,NA,225,GTH,NA
AA2,MGTHRXP3_225,NA,225,GTH,NA
AD7,MGTHTXN0_225,NA,225,GTH,NA
AC5,MGTHTXN1_225,NA,225,GTH,NA
AB7,MGTHTXN2_225,NA,225,GTH,NA
AA5,MGTHTXN3_225,NA,225,GTH,NA
AD8,MGTHTXP0_225,NA,225,GTH,NA
AC6,MGTHTXP1_225,NA,225,GTH,NA
AB8,MGTHTXP2_225,NA,225,GTH,NA
AA6,MGTHTXP3_225,NA,225,GTH,NA
AC9,MGTREFCLK0N_225,NA,225,GTH,NA
AC10,MGTREFCLK0P_225,NA,225,GTH,NA
AA9,MGTREFCLK1N_225,NA,225,GTH,NA
AA10,MGTREFCLK1P_225,NA,225,GTH,NA
V9,MGTAVTTRCAL_R,NA,NA,NA,NA
Y3,MGTHRXN0_226,NA,226,GTH,NA
W1,MGTHRXN1_226,NA,226,GTH,NA
V3,MGTHRXN2_226,NA,226,GTH,NA
U1,MGTHRXN3_226,NA,226,GTH,NA
Y4,MGTHRXP0_226,NA,226,GTH,NA
W2,MGTHRXP1_226,NA,226,GTH,NA
V4,MGTHRXP2_226,NA,226,GTH,NA
U2,MGTHRXP3_226,NA,226,GTH,NA
Y7,MGTHTXN0_226,NA,226,GTH,NA
W5,MGTHTXN1_226,NA,226,GTH,NA
V7,MGTHTXN2_226,NA,226,GTH,NA
U5,MGTHTXN3_226,NA,226,GTH,NA
Y8,MGTHTXP0_226,NA,226,GTH,NA
W6,MGTHTXP1_226,NA,226,GTH,NA
V8,MGTHTXP2_226,NA,226,GTH,NA
U6,MGTHTXP3_226,NA,226,GTH,NA
W9,MGTREFCLK0N_226,NA,226,GTH,NA
W10,MGTREFCLK0P_226,NA,226,GTH,NA
U9,MGTREFCLK1N_226,NA,226,GTH,NA
U10,MGTREFCLK1P_226,NA,226,GTH,NA
V10,MGTRREF_R,NA,NA,NA,NA
T3,MGTHRXN0_227,NA,227,GTH,NA
R1,MGTHRXN1_227,NA,227,GTH,NA
P3,MGTHRXN2_227,NA,227,GTH,NA
N1,MGTHRXN3_227,NA,227,GTH,NA
T4,MGTHRXP0_227,NA,227,GTH,NA
R2,MGTHRXP1_227,NA,227,GTH,NA
P4,MGTHRXP2_227,NA,227,GTH,NA
N2,MGTHRXP3_227,NA,227,GTH,NA
T7,MGTHTXN0_227,NA,227,GTH,NA
R5,MGTHTXN1_227,NA,227,GTH,NA
P7,MGTHTXN2_227,NA,227,GTH,NA
N5,MGTHTXN3_227,NA,227,GTH,NA
T8,MGTHTXP0_227,NA,227,GTH,NA
R6,MGTHTXP1_227,NA,227,GTH,NA
P8,MGTHTXP2_227,NA,227,GTH,NA
N6,MGTHTXP3_227,NA,227,GTH,NA
R9,MGTREFCLK0N_227,NA,227,GTH,NA
R10,MGTREFCLK0P_227,NA,227,GTH,NA
N9,MGTREFCLK1N_227,NA,227,GTH,NA
N10,MGTREFCLK1P_227,NA,227,GTH,NA
AL20,PS_MIO0,NA,500,PSMIO,NA
AM21,PS_MIO1,NA,500,PSMIO,NA
AL22,PS_MIO10,NA,500,PSMIO,NA
AV21,PS_MIO11,NA,500,PSMIO,NA
AL23,PS_MIO12,NA,500,PSMIO,NA
AN22,PS_MIO13,NA,500,PSMIO,NA
AM23,PS_MIO14,NA,500,PSMIO,NA
AP22,PS_MIO15,NA,500,PSMIO,NA
AP21,PS_MIO16,NA,500,PSMIO,NA
AN23,PS_MIO17,NA,500,PSMIO,NA
AV22,PS_MIO18,NA,500,PSMIO,NA
AR22,PS_MIO19,NA,500,PSMIO,NA
AM20,PS_MIO2,NA,500,PSMIO,NA
AT22,PS_MIO20,NA,500,PSMIO,NA
AW22,PS_MIO21,NA,500,PSMIO,NA
AU23,PS_MIO22,NA,500,PSMIO,NA
AR23,PS_MIO23,NA,500,PSMIO,NA
AV23,PS_MIO24,NA,500,PSMIO,NA
AT23,PS_MIO25,NA,500,PSMIO,NA
AL21,PS_MIO3,NA,500,PSMIO,NA
AN21,PS_MIO4,NA,500,PSMIO,NA
AP20,PS_MIO5,NA,500,PSMIO,NA
AR20,PS_MIO6,NA,500,PSMIO,NA
AT21,PS_MIO7,NA,500,PSMIO,NA
AW21,PS_MIO8,NA,500,PSMIO,NA
AU21,PS_MIO9,NA,500,PSMIO,NA
AG29,VCC_PSADC,NA,500,PSMIO,NA
AG28,GND_PSADC,NA,500,PSMIO,NA
AG20,PS_MIO26,NA,501,PSMIO,NA
AF22,PS_MIO27,NA,501,PSMIO,NA
AF20,PS_MIO28,NA,501,PSMIO,NA
AK20,PS_MIO29,NA,501,PSMIO,NA
AF21,PS_MIO30,NA,501,PSMIO,NA
AJ20,PS_MIO31,NA,501,PSMIO,NA
AH21,PS_MIO32,NA,501,PSMIO,NA
AG21,PS_MIO33,NA,501,PSMIO,NA
AJ21,PS_MIO34,NA,501,PSMIO,NA
AH22,PS_MIO35,NA,501,PSMIO,NA
AK22,PS_MIO36,NA,501,PSMIO,NA
AJ22,PS_MIO37,NA,501,PSMIO,NA
AF23,PS_MIO38,NA,501,PSMIO,NA
AG23,PS_MIO39,NA,501,PSMIO,NA
AH23,PS_MIO40,NA,501,PSMIO,NA
AK23,PS_MIO41,NA,501,PSMIO,NA
AF24,PS_MIO42,NA,501,PSMIO,NA
AG24,PS_MIO43,NA,501,PSMIO,NA
AH24,PS_MIO44,NA,501,PSMIO,NA
AJ24,PS_MIO45,NA,501,PSMIO,NA
AK24,PS_MIO46,NA,501,PSMIO,NA
AF25,PS_MIO47,NA,501,PSMIO,NA
AG25,PS_MIO48,NA,501,PSMIO,NA
AJ25,PS_MIO49,NA,501,PSMIO,NA
AK25,PS_MIO50,NA,501,PSMIO,NA
AL25,PS_MIO51,NA,501,PSMIO,NA
Y34,PS_MIO52,NA,502,PSMIO,NA
V36,PS_MIO53,NA,502,PSMIO,NA
W35,PS_MIO54,NA,502,PSMIO,NA
Y32,PS_MIO55,NA,502,PSMIO,NA
Y33,PS_MIO56,NA,502,PSMIO,NA
Y35,PS_MIO57,NA,502,PSMIO,NA
W34,PS_MIO58,NA,502,PSMIO,NA
Y29,PS_MIO59,NA,502,PSMIO,NA
V37,PS_MIO60,NA,502,PSMIO,NA
W36,PS_MIO61,NA,502,PSMIO,NA
V38,PS_MIO62,NA,502,PSMIO,NA
W37,PS_MIO63,NA,502,PSMIO,NA
W29,PS_MIO64,NA,502,PSMIO,NA
W30,PS_MIO65,NA,502,PSMIO,NA
W39,PS_MIO66,NA,502,PSMIO,NA
Y30,PS_MIO67,NA,502,PSMIO,NA
W31,PS_MIO68,NA,502,PSMIO,NA
V32,PS_MIO69,NA,502,PSMIO,NA
V34,PS_MIO70,NA,502,PSMIO,NA
Y36,PS_MIO71,NA,502,PSMIO,NA
V31,PS_MIO72,NA,502,PSMIO,NA
V33,PS_MIO73,NA,502,PSMIO,NA
W32,PS_MIO74,NA,502,PSMIO,NA
Y37,PS_MIO75,NA,502,PSMIO,NA
Y39,PS_MIO76,NA,502,PSMIO,NA
Y38,PS_MIO77,NA,502,PSMIO,NA
AC26,PS_DONE,NA,503,PSCONFIG,NA
Y28,PS_ERROR_OUT,NA,503,PSCONFIG,NA
AA28,PS_ERROR_STATUS,NA,503,PSCONFIG,NA
AC27,PS_INIT_B,NA,503,PSCONFIG,NA
AD25,PS_JTAG_TCK,NA,503,PSCONFIG,NA
AC28,PS_JTAG_TDI,NA,503,PSCONFIG,NA
AA27,PS_JTAG_TDO,NA,503,PSCONFIG,NA
AC25,PS_JTAG_TMS,NA,503,PSCONFIG,NA
AA25,PS_MODE0,NA,503,PSCONFIG,NA
AA26,PS_MODE1,NA,503,PSCONFIG,NA
W27,PS_MODE2,NA,503,PSCONFIG,NA
W25,PS_MODE3,NA,503,PSCONFIG,NA
AB25,PS_PADI,NA,503,PSCONFIG,NA
AB26,PS_PADO,NA,503,PSCONFIG,NA
AB28,PS_POR_B,NA,503,PSCONFIG,NA
Y27,PS_PROG_B,NA,503,PSCONFIG,NA
Y25,PS_REF_CLK,NA,503,PSCONFIG,NA
W26,PS_SRST_B,NA,503,PSCONFIG,NA
AW35,PS_DDR_A0,NA,504,PSDDR,NA
AW32,PS_DDR_A1,NA,504,PSDDR,NA
AT31,PS_DDR_A10,NA,504,PSDDR,NA
AT32,PS_DDR_A11,NA,504,PSDDR,NA
AR33,PS_DDR_A12,NA,504,PSDDR,NA
AU34,PS_DDR_A13,NA,504,PSDDR,NA
AV31,PS_DDR_A14,NA,504,PSDDR,NA
AU31,PS_DDR_A15,NA,504,PSDDR,NA
AM30,PS_DDR_A16,NA,504,PSDDR,NA
AL30,PS_DDR_A17,NA,504,PSDDR,NA
AW31,PS_DDR_A2,NA,504,PSDDR,NA
AV32,PS_DDR_A3,NA,504,PSDDR,NA
AW34,PS_DDR_A4,NA,504,PSDDR,NA
AW30,PS_DDR_A5,NA,504,PSDDR,NA
AR32,PS_DDR_A6,NA,504,PSDDR,NA
AP31,PS_DDR_A7,NA,504,PSDDR,NA
AP30,PS_DDR_A8,NA,504,PSDDR,NA
AN31,PS_DDR_A9,NA,504,PSDDR,NA
AL32,PS_DDR_ACT_N,NA,504,PSDDR,NA
AL31,PS_DDR_ALERT_N,NA,504,PSDDR,NA
AN32,PS_DDR_BA0,NA,504,PSDDR,NA
AR30,PS_DDR_BA1,NA,504,PSDDR,NA
AM31,PS_DDR_BG0,NA,504,PSDDR,NA
AM33,PS_DDR_BG1,NA,504,PSDDR,NA
AV33,PS_DDR_CK0,NA,504,PSDDR,NA
AT33,PS_DDR_CK1,NA,504,PSDDR,NA
AW37,PS_DDR_CKE0,NA,504,PSDDR,NA
AT35,PS_DDR_CKE1,NA,504,PSDDR,NA
AV34,PS_DDR_CK_N0,NA,504,PSDDR,NA
AU33,PS_DDR_CK_N1,NA,504,PSDDR,NA
AW36,PS_DDR_CS_N0,NA,504,PSDDR,NA
AU35,PS_DDR_CS_N1,NA,504,PSDDR,NA
AV24,PS_DDR_DM0,NA,504,PSDDR,NA
AU28,PS_DDR_DM1,NA,504,PSDDR,NA
AM25,PS_DDR_DM2,NA,504,PSDDR,NA
AR28,PS_DDR_DM3,NA,504,PSDDR,NA
AN34,PS_DDR_DM4,NA,504,PSDDR,NA
AJ34,PS_DDR_DM5,NA,504,PSDDR,NA
AN37,PS_DDR_DM6,NA,504,PSDDR,NA
AK38,PS_DDR_DM7,NA,504,PSDDR,NA
AU36,PS_DDR_DM8,NA,504,PSDDR,NA
AT26,PS_DDR_DQ0,NA,504,PSDDR,NA
AU25,PS_DDR_DQ1,NA,504,PSDDR,NA
AW29,PS_DDR_DQ10,NA,504,PSDDR,NA
AV29,PS_DDR_DQ11,NA,504,PSDDR,NA
AT28,PS_DDR_DQ12,NA,504,PSDDR,NA
AT27,PS_DDR_DQ13,NA,504,PSDDR,NA
AR27,PS_DDR_DQ14,NA,504,PSDDR,NA
AT30,PS_DDR_DQ15,NA,504,PSDDR,NA
AP26,PS_DDR_DQ16,NA,504,PSDDR,NA
AN26,PS_DDR_DQ17,NA,504,PSDDR,NA
AM26,PS_DDR_DQ18,NA,504,PSDDR,NA
AL26,PS_DDR_DQ19,NA,504,PSDDR,NA
AT25,PS_DDR_DQ2,NA,504,PSDDR,NA
AM24,PS_DDR_DQ20,NA,504,PSDDR,NA
AP24,PS_DDR_DQ21,NA,504,PSDDR,NA
AN24,PS_DDR_DQ22,NA,504,PSDDR,NA
AR24,PS_DDR_DQ23,NA,504,PSDDR,NA
AP27,PS_DDR_DQ24,NA,504,PSDDR,NA
AN27,PS_DDR_DQ25,NA,504,PSDDR,NA
AL28,PS_DDR_DQ26,NA,504,PSDDR,NA
AL27,PS_DDR_DQ27,NA,504,PSDDR,NA
AP29,PS_DDR_DQ28,NA,504,PSDDR,NA
AR29,PS_DDR_DQ29,NA,504,PSDDR,NA
AU24,PS_DDR_DQ3,NA,504,PSDDR,NA
AN29,PS_DDR_DQ30,NA,504,PSDDR,NA
AM29,PS_DDR_DQ31,NA,504,PSDDR,NA
AL35,PS_DDR_DQ32,NA,504,PSDDR,NA
AL36,PS_DDR_DQ33,NA,504,PSDDR,NA
AM34,PS_DDR_DQ34,NA,504,PSDDR,NA
AM35,PS_DDR_DQ35,NA,504,PSDDR,NA
AP36,PS_DDR_DQ36,NA,504,PSDDR,NA
AP34,PS_DDR_DQ37,NA,504,PSDDR,NA
AP35,PS_DDR_DQ38,NA,504,PSDDR,NA
AR35,PS_DDR_DQ39,NA,504,PSDDR,NA
AW26,PS_DDR_DQ4,NA,504,PSDDR,NA
AK35,PS_DDR_DQ40,NA,504,PSDDR,NA
AK34,PS_DDR_DQ41,NA,504,PSDDR,NA
AK32,PS_DDR_DQ42,NA,504,PSDDR,NA
AK33,PS_DDR_DQ43,NA,504,PSDDR,NA
AH33,PS_DDR_DQ44,NA,504,PSDDR,NA
AH34,PS_DDR_DQ45,NA,504,PSDDR,NA
AH32,PS_DDR_DQ46,NA,504,PSDDR,NA
AH31,PS_DDR_DQ47,NA,504,PSDDR,NA
AL37,PS_DDR_DQ48,NA,504,PSDDR,NA
AM38,PS_DDR_DQ49,NA,504,PSDDR,NA
AW25,PS_DDR_DQ5,NA,504,PSDDR,NA
AL38,PS_DDR_DQ50,NA,504,PSDDR,NA
AM39,PS_DDR_DQ51,NA,504,PSDDR,NA
AP37,PS_DDR_DQ52,NA,504,PSDDR,NA
AR38,PS_DDR_DQ53,NA,504,PSDDR,NA
AP39,PS_DDR_DQ54,NA,504,PSDDR,NA
AR39,PS_DDR_DQ55,NA,504,PSDDR,NA
AJ39,PS_DDR_DQ56,NA,504,PSDDR,NA
AK39,PS_DDR_DQ57,NA,504,PSDDR,NA
AH39,PS_DDR_DQ58,NA,504,PSDDR,NA
AH38,PS_DDR_DQ59,NA,504,PSDDR,NA
AW24,PS_DDR_DQ6,NA,504,PSDDR,NA
AK37,PS_DDR_DQ60,NA,504,PSDDR,NA
AJ36,PS_DDR_DQ61,NA,504,PSDDR,NA
AH36,PS_DDR_DQ62,NA,504,PSDDR,NA
AJ35,PS_DDR_DQ63,NA,504,PSDDR,NA
AV36,PS_DDR_DQ64,NA,504,PSDDR,NA
AV37,PS_DDR_DQ65,NA,504,PSDDR,NA
AV38,PS_DDR_DQ66,NA,504,PSDDR,NA
AV39,PS_DDR_DQ67,NA,504,PSDDR,NA
AT36,PS_DDR_DQ68,NA,504,PSDDR,NA
AR37,PS_DDR_DQ69,NA,504,PSDDR,NA
AW27,PS_DDR_DQ7,NA,504,PSDDR,NA
AT37,PS_DDR_DQ70,NA,504,PSDDR,NA
AT38,PS_DDR_DQ71,NA,504,PSDDR,NA
AV28,PS_DDR_DQ8,NA,504,PSDDR,NA
AV27,PS_DDR_DQ9,NA,504,PSDDR,NA
AV26,PS_DDR_DQS_N0,NA,504,PSDDR,NA
AU30,PS_DDR_DQS_N1,NA,504,PSDDR,NA
AR25,PS_DDR_DQS_N2,NA,504,PSDDR,NA
AN28,PS_DDR_DQS_N3,NA,504,PSDDR,NA
AN36,PS_DDR_DQS_N4,NA,504,PSDDR,NA
AJ32,PS_DDR_DQS_N5,NA,504,PSDDR,NA
AN39,PS_DDR_DQS_N6,NA,504,PSDDR,NA
AJ37,PS_DDR_DQS_N7,NA,504,PSDDR,NA
AU39,PS_DDR_DQS_N8,NA,504,PSDDR,NA
AU26,PS_DDR_DQS_P0,NA,504,PSDDR,NA
AU29,PS_DDR_DQS_P1,NA,504,PSDDR,NA
AP25,PS_DDR_DQS_P2,NA,504,PSDDR,NA
AM28,PS_DDR_DQS_P3,NA,504,PSDDR,NA
AM36,PS_DDR_DQS_P4,NA,504,PSDDR,NA
AJ31,PS_DDR_DQS_P5,NA,504,PSDDR,NA
AN38,PS_DDR_DQS_P6,NA,504,PSDDR,NA
AH37,PS_DDR_DQS_P7,NA,504,PSDDR,NA
AU38,PS_DDR_DQS_P8,NA,504,PSDDR,NA
AW38,PS_DDR_ODT0,NA,504,PSDDR,NA
AR34,PS_DDR_ODT1,NA,504,PSDDR,NA
AP32,PS_DDR_PARITY,NA,504,PSDDR,NA
AN33,PS_DDR_RAM_RST_N,NA,504,PSDDR,NA
AL33,PS_DDR_ZQ,NA,504,PSDDR,NA
AF39,PS_MGTRRXN0_505,NA,505,PSGTR,NA
AE37,PS_MGTRRXN1_505,NA,505,PSGTR,NA
AD39,PS_MGTRRXN2_505,NA,505,PSGTR,NA
AC37,PS_MGTRRXN3_505,NA,505,PSGTR,NA
AF38,PS_MGTRRXP0_505,NA,505,PSGTR,NA
AE36,PS_MGTRRXP1_505,NA,505,PSGTR,NA
AD38,PS_MGTRRXP2_505,NA,505,PSGTR,NA
AC36,PS_MGTRRXP3_505,NA,505,PSGTR,NA
AF35,PS_MGTRTXN0_505,NA,505,PSGTR,NA
AE33,PS_MGTRTXN1_505,NA,505,PSGTR,NA
AD35,PS_MGTRTXN2_505,NA,505,PSGTR,NA
AC33,PS_MGTRTXN3_505,NA,505,PSGTR,NA
AF34,PS_MGTRTXP0_505,NA,505,PSGTR,NA
AE32,PS_MGTRTXP1_505,NA,505,PSGTR,NA
AD34,PS_MGTRTXP2_505,NA,505,PSGTR,NA
AC32,PS_MGTRTXP3_505,NA,505,PSGTR,NA
AD31,PS_MGTREFCLK0N_505,NA,505,PSGTR,NA
AD30,PS_MGTREFCLK0P_505,NA,505,PSGTR,NA
AB31,PS_MGTREFCLK1N_505,NA,505,PSGTR,NA
AB30,PS_MGTREFCLK1P_505,NA,505,PSGTR,NA
AB35,PS_MGTREFCLK2N_505,NA,505,PSGTR,NA
AB34,PS_MGTREFCLK2P_505,NA,505,PSGTR,NA
AB39,PS_MGTREFCLK3N_505,NA,505,PSGTR,NA
AB38,PS_MGTREFCLK3P_505,NA,505,PSGTR,NA
AF33,PS_MGTRREF_505,NA,NA,NA,NA
AT4,VCCO_64,NA,64,NA,NA
AT9,VCCO_64,NA,64,NA,NA
AU12,VCCO_64,NA,64,NA,NA
AL4,VCCO_65,NA,65,NA,NA
AL9,VCCO_65,NA,65,NA,NA
AM12,VCCO_65,NA,65,NA,NA
AM17,VCCO_66,NA,66,NA,NA
AR16,VCCO_66,NA,66,NA,NA
AV15,VCCO_66,NA,66,NA,NA
P33,VCCO_67,NA,67,NA,NA
R36,VCCO_67,NA,67,NA,NA
U32,VCCO_67,NA,67,NA,NA
E36,VCCO_68,NA,68,NA,NA
H35,VCCO_68,NA,68,NA,NA
L34,VCCO_68,NA,68,NA,NA
E31,VCCO_69,NA,69,NA,NA
H30,VCCO_69,NA,69,NA,NA
L29,VCCO_69,NA,69,NA,NA
E26,VCCO_70,NA,70,NA,NA
H25,VCCO_70,NA,70,NA,NA
L24,VCCO_70,NA,70,NA,NA
D23,VCCO_71,NA,71,NA,NA
G22,VCCO_71,NA,71,NA,NA
K21,VCCO_71,NA,71,NA,NA
D18,VCCO_72,NA,72,NA,NA
J18,VCCO_72,NA,72,NA,NA
M17,VCCO_72,NA,72,NA,NA
G7,VCCO_73,NA,73,NA,NA
H10,VCCO_73,NA,73,NA,NA
J3,VCCO_73,NA,73,NA,NA
C5,VCCO_74,NA,74,NA,NA
D8,VCCO_74,NA,74,NA,NA
E11,VCCO_74,NA,74,NA,NA
AD13,VCCO_90,NA,90,NA,NA
AH15,VCCO_90,NA,90,NA,NA
P13,VCCO_91,NA,91,NA,NA
W13,VCCO_91,NA,91,NA,NA
H15,VCCO_93,NA,93,NA,NA
L14,VCCO_93,NA,93,NA,NA
AP23,VCCO_PSIO0_500,NA,500,NA,NA
AU22,VCCO_PSIO0_500,NA,500,NA,NA
AG22,VCCO_PSIO1_501,NA,501,NA,NA
AK21,VCCO_PSIO1_501,NA,501,NA,NA
V35,VCCO_PSIO2_502,NA,502,NA,NA
Y31,VCCO_PSIO2_502,NA,502,NA,NA
AB27,VCCO_PSIO3_503,NA,503,NA,NA
W28,VCCO_PSIO3_503,NA,503,NA,NA
AJ33,VCCO_PSDDR_504,NA,504,NA,NA
AL34,VCCO_PSDDR_504,NA,504,NA,NA
AN30,VCCO_PSDDR_504,NA,504,NA,NA
AN35,VCCO_PSDDR_504,NA,504,NA,NA
AR31,VCCO_PSDDR_504,NA,504,NA,NA
AR36,VCCO_PSDDR_504,NA,504,NA,NA
AU32,VCCO_PSDDR_504,NA,504,NA,NA
A14,GND,NA,NA,NA,NA
A19,GND,NA,NA,NA,NA
A24,GND,NA,NA,NA,NA
A29,GND,NA,NA,NA,NA
A34,GND,NA,NA,NA,NA
A4,GND,NA,NA,NA,NA
A9,GND,NA,NA,NA,NA
AA11,GND,NA,NA,NA,NA
AA14,GND,NA,NA,NA,NA
AA16,GND,NA,NA,NA,NA
AA18,GND,NA,NA,NA,NA
AA22,GND,NA,NA,NA,NA
AA24,GND,NA,NA,NA,NA
AA29,GND,NA,NA,NA,NA
AA3,GND,NA,NA,NA,NA
AA30,GND,NA,NA,NA,NA
AA31,GND,NA,NA,NA,NA
AA32,GND,NA,NA,NA,NA
AA33,GND,NA,NA,NA,NA
AA34,GND,NA,NA,NA,NA
AA35,GND,NA,NA,NA,NA
AA36,GND,NA,NA,NA,NA
AA37,GND,NA,NA,NA,NA
AA38,GND,NA,NA,NA,NA
AA39,GND,NA,NA,NA,NA
AA4,GND,NA,NA,NA,NA
AA7,GND,NA,NA,NA,NA
AB1,GND,NA,NA,NA,NA
AB11,GND,NA,NA,NA,NA
AB17,GND,NA,NA,NA,NA
AB2,GND,NA,NA,NA,NA
AB21,GND,NA,NA,NA,NA
AB23,GND,NA,NA,NA,NA
AB29,GND,NA,NA,NA,NA
AB33,GND,NA,NA,NA,NA
AB36,GND,NA,NA,NA,NA
AB37,GND,NA,NA,NA,NA
AB5,GND,NA,NA,NA,NA
AB9,GND,NA,NA,NA,NA
AC11,GND,NA,NA,NA,NA
AC15,GND,NA,NA,NA,NA
AC18,GND,NA,NA,NA,NA
AC20,GND,NA,NA,NA,NA
AC22,GND,NA,NA,NA,NA
AC29,GND,NA,NA,NA,NA
AC3,GND,NA,NA,NA,NA
AC30,GND,NA,NA,NA,NA
AC31,GND,NA,NA,NA,NA
AC35,GND,NA,NA,NA,NA
AC38,GND,NA,NA,NA,NA
AC39,GND,NA,NA,NA,NA
AC4,GND,NA,NA,NA,NA
AC7,GND,NA,NA,NA,NA
AD1,GND,NA,NA,NA,NA
AD11,GND,NA,NA,NA,NA
AD17,GND,NA,NA,NA,NA
AD19,GND,NA,NA,NA,NA
AD2,GND,NA,NA,NA,NA
AD21,GND,NA,NA,NA,NA
AD23,GND,NA,NA,NA,NA
AD29,GND,NA,NA,NA,NA
AD33,GND,NA,NA,NA,NA
AD36,GND,NA,NA,NA,NA
AD37,GND,NA,NA,NA,NA
AD5,GND,NA,NA,NA,NA
AD9,GND,NA,NA,NA,NA
AE11,GND,NA,NA,NA,NA
AE16,GND,NA,NA,NA,NA
AE18,GND,NA,NA,NA,NA
AE20,GND,NA,NA,NA,NA
AE22,GND,NA,NA,NA,NA
AE24,GND,NA,NA,NA,NA
AE26,GND,NA,NA,NA,NA
AE29,GND,NA,NA,NA,NA
AE3,GND,NA,NA,NA,NA
AE30,GND,NA,NA,NA,NA
AE31,GND,NA,NA,NA,NA
AE35,GND,NA,NA,NA,NA
AE38,GND,NA,NA,NA,NA
AE39,GND,NA,NA,NA,NA
AE4,GND,NA,NA,NA,NA
AE7,GND,NA,NA,NA,NA
AF1,GND,NA,NA,NA,NA
AF11,GND,NA,NA,NA,NA
AF14,GND,NA,NA,NA,NA
AF17,GND,NA,NA,NA,NA
AF19,GND,NA,NA,NA,NA
AF2,GND,NA,NA,NA,NA
AF31,GND,NA,NA,NA,NA
AF32,GND,NA,NA,NA,NA
AF36,GND,NA,NA,NA,NA
AF37,GND,NA,NA,NA,NA
AF5,GND,NA,NA,NA,NA
AF9,GND,NA,NA,NA,NA
AG11,GND,NA,NA,NA,NA
AG18,GND,NA,NA,NA,NA
AG27,GND,NA,NA,NA,NA
AG3,GND,NA,NA,NA,NA
AG32,GND,NA,NA,NA,NA
AG33,GND,NA,NA,NA,NA
AG34,GND,NA,NA,NA,NA
AG35,GND,NA,NA,NA,NA
AG36,GND,NA,NA,NA,NA
AG37,GND,NA,NA,NA,NA
AG38,GND,NA,NA,NA,NA
AG39,GND,NA,NA,NA,NA
AG4,GND,NA,NA,NA,NA
AG7,GND,NA,NA,NA,NA
AH1,GND,NA,NA,NA,NA
AH10,GND,NA,NA,NA,NA
AH11,GND,NA,NA,NA,NA
AH2,GND,NA,NA,NA,NA
AH20,GND,NA,NA,NA,NA
AH25,GND,NA,NA,NA,NA
AH30,GND,NA,NA,NA,NA
AH35,GND,NA,NA,NA,NA
AH5,GND,NA,NA,NA,NA
AH9,GND,NA,NA,NA,NA
AJ1,GND,NA,NA,NA,NA
AJ13,GND,NA,NA,NA,NA
AJ18,GND,NA,NA,NA,NA
AJ2,GND,NA,NA,NA,NA
AJ23,GND,NA,NA,NA,NA
AJ28,GND,NA,NA,NA,NA
AJ3,GND,NA,NA,NA,NA
AJ38,GND,NA,NA,NA,NA
AJ4,GND,NA,NA,NA,NA
AJ5,GND,NA,NA,NA,NA
AJ6,GND,NA,NA,NA,NA
AJ7,GND,NA,NA,NA,NA
AJ8,GND,NA,NA,NA,NA
AJ9,GND,NA,NA,NA,NA
AK11,GND,NA,NA,NA,NA
AK16,GND,NA,NA,NA,NA
AK26,GND,NA,NA,NA,NA
AK31,GND,NA,NA,NA,NA
AK36,GND,NA,NA,NA,NA
AL14,GND,NA,NA,NA,NA
AL19,GND,NA,NA,NA,NA
AL24,GND,NA,NA,NA,NA
AL29,GND,NA,NA,NA,NA
AL39,GND,NA,NA,NA,NA
AM2,GND,NA,NA,NA,NA
AM22,GND,NA,NA,NA,NA
AM27,GND,NA,NA,NA,NA
AM32,GND,NA,NA,NA,NA
AM37,GND,NA,NA,NA,NA
AM7,GND,NA,NA,NA,NA
AN10,GND,NA,NA,NA,NA
AN15,GND,NA,NA,NA,NA
AN20,GND,NA,NA,NA,NA
AN25,GND,NA,NA,NA,NA
AN5,GND,NA,NA,NA,NA
AP13,GND,NA,NA,NA,NA
AP18,GND,NA,NA,NA,NA
AP28,GND,NA,NA,NA,NA
AP3,GND,NA,NA,NA,NA
AP33,GND,NA,NA,NA,NA
AP38,GND,NA,NA,NA,NA
AP8,GND,NA,NA,NA,NA
AR1,GND,NA,NA,NA,NA
AR11,GND,NA,NA,NA,NA
AR21,GND,NA,NA,NA,NA
AR26,GND,NA,NA,NA,NA
AR6,GND,NA,NA,NA,NA
AT14,GND,NA,NA,NA,NA
AT19,GND,NA,NA,NA,NA
AT24,GND,NA,NA,NA,NA
AT29,GND,NA,NA,NA,NA
AT34,GND,NA,NA,NA,NA
AT39,GND,NA,NA,NA,NA
AU17,GND,NA,NA,NA,NA
AU27,GND,NA,NA,NA,NA
AU37,GND,NA,NA,NA,NA
AU7,GND,NA,NA,NA,NA
AV1,GND,NA,NA,NA,NA
AV10,GND,NA,NA,NA,NA
AV20,GND,NA,NA,NA,NA
AV25,GND,NA,NA,NA,NA
AV30,GND,NA,NA,NA,NA
AV35,GND,NA,NA,NA,NA
AV5,GND,NA,NA,NA,NA
AW13,GND,NA,NA,NA,NA
AW18,GND,NA,NA,NA,NA
AW2,GND,NA,NA,NA,NA
AW23,GND,NA,NA,NA,NA
AW28,GND,NA,NA,NA,NA
AW33,GND,NA,NA,NA,NA
AW8,GND,NA,NA,NA,NA
B12,GND,NA,NA,NA,NA
B17,GND,NA,NA,NA,NA
B2,GND,NA,NA,NA,NA
B22,GND,NA,NA,NA,NA
B27,GND,NA,NA,NA,NA
B32,GND,NA,NA,NA,NA
B37,GND,NA,NA,NA,NA
B39,GND,NA,NA,NA,NA
B7,GND,NA,NA,NA,NA
C10,GND,NA,NA,NA,NA
C15,GND,NA,NA,NA,NA
C20,GND,NA,NA,NA,NA
C25,GND,NA,NA,NA,NA
C30,GND,NA,NA,NA,NA
C35,GND,NA,NA,NA,NA
D13,GND,NA,NA,NA,NA
D28,GND,NA,NA,NA,NA
D3,GND,NA,NA,NA,NA
D33,GND,NA,NA,NA,NA
D38,GND,NA,NA,NA,NA
E1,GND,NA,NA,NA,NA
E16,GND,NA,NA,NA,NA
E21,GND,NA,NA,NA,NA
E6,GND,NA,NA,NA,NA
F14,GND,NA,NA,NA,NA
F19,GND,NA,NA,NA,NA
F24,GND,NA,NA,NA,NA
F29,GND,NA,NA,NA,NA
F34,GND,NA,NA,NA,NA
F39,GND,NA,NA,NA,NA
F4,GND,NA,NA,NA,NA
F9,GND,NA,NA,NA,NA
G12,GND,NA,NA,NA,NA
G17,GND,NA,NA,NA,NA
G2,GND,NA,NA,NA,NA
G27,GND,NA,NA,NA,NA
G32,GND,NA,NA,NA,NA
G37,GND,NA,NA,NA,NA
H20,GND,NA,NA,NA,NA
H5,GND,NA,NA,NA,NA
J13,GND,NA,NA,NA,NA
J23,GND,NA,NA,NA,NA
J28,GND,NA,NA,NA,NA
J33,GND,NA,NA,NA,NA
J38,GND,NA,NA,NA,NA
J8,GND,NA,NA,NA,NA
K1,GND,NA,NA,NA,NA
K11,GND,NA,NA,NA,NA
K16,GND,NA,NA,NA,NA
K26,GND,NA,NA,NA,NA
K31,GND,NA,NA,NA,NA
K36,GND,NA,NA,NA,NA
K6,GND,NA,NA,NA,NA
L19,GND,NA,NA,NA,NA
L39,GND,NA,NA,NA,NA
M1,GND,NA,NA,NA,NA
M10,GND,NA,NA,NA,NA
M11,GND,NA,NA,NA,NA
M2,GND,NA,NA,NA,NA
M22,GND,NA,NA,NA,NA
M27,GND,NA,NA,NA,NA
M3,GND,NA,NA,NA,NA
M32,GND,NA,NA,NA,NA
M37,GND,NA,NA,NA,NA
M4,GND,NA,NA,NA,NA
M5,GND,NA,NA,NA,NA
M6,GND,NA,NA,NA,NA
M7,GND,NA,NA,NA,NA
M8,GND,NA,NA,NA,NA
M9,GND,NA,NA,NA,NA
N11,GND,NA,NA,NA,NA
N15,GND,NA,NA,NA,NA
N20,GND,NA,NA,NA,NA
N25,GND,NA,NA,NA,NA
N3,GND,NA,NA,NA,NA
N30,GND,NA,NA,NA,NA
N35,GND,NA,NA,NA,NA
N4,GND,NA,NA,NA,NA
N7,GND,NA,NA,NA,NA
P1,GND,NA,NA,NA,NA
P11,GND,NA,NA,NA,NA
P18,GND,NA,NA,NA,NA
P2,GND,NA,NA,NA,NA
P23,GND,NA,NA,NA,NA
P28,GND,NA,NA,NA,NA
P38,GND,NA,NA,NA,NA
P5,GND,NA,NA,NA,NA
P9,GND,NA,NA,NA,NA
R11,GND,NA,NA,NA,NA
R16,GND,NA,NA,NA,NA
R18,GND,NA,NA,NA,NA
R20,GND,NA,NA,NA,NA
R22,GND,NA,NA,NA,NA
R24,GND,NA,NA,NA,NA
R3,GND,NA,NA,NA,NA
R31,GND,NA,NA,NA,NA
R4,GND,NA,NA,NA,NA
R7,GND,NA,NA,NA,NA
T1,GND,NA,NA,NA,NA
T11,GND,NA,NA,NA,NA
T14,GND,NA,NA,NA,NA
T15,GND,NA,NA,NA,NA
T17,GND,NA,NA,NA,NA
T19,GND,NA,NA,NA,NA
T2,GND,NA,NA,NA,NA
T21,GND,NA,NA,NA,NA
T23,GND,NA,NA,NA,NA
T25,GND,NA,NA,NA,NA
T29,GND,NA,NA,NA,NA
T34,GND,NA,NA,NA,NA
T39,GND,NA,NA,NA,NA
T5,GND,NA,NA,NA,NA
T9,GND,NA,NA,NA,NA
U11,GND,NA,NA,NA,NA
U16,GND,NA,NA,NA,NA
U18,GND,NA,NA,NA,NA
U20,GND,NA,NA,NA,NA
U22,GND,NA,NA,NA,NA
U24,GND,NA,NA,NA,NA
U27,GND,NA,NA,NA,NA
U3,GND,NA,NA,NA,NA
U37,GND,NA,NA,NA,NA
U4,GND,NA,NA,NA,NA
U7,GND,NA,NA,NA,NA
V1,GND,NA,NA,NA,NA
V11,GND,NA,NA,NA,NA
V15,GND,NA,NA,NA,NA
V17,GND,NA,NA,NA,NA
V19,GND,NA,NA,NA,NA
V2,GND,NA,NA,NA,NA
V21,GND,NA,NA,NA,NA
V23,GND,NA,NA,NA,NA
V30,GND,NA,NA,NA,NA
V5,GND,NA,NA,NA,NA
W11,GND,NA,NA,NA,NA
W16,GND,NA,NA,NA,NA
W18,GND,NA,NA,NA,NA
W22,GND,NA,NA,NA,NA
W3,GND,NA,NA,NA,NA
W33,GND,NA,NA,NA,NA
W38,GND,NA,NA,NA,NA
W4,GND,NA,NA,NA,NA
W7,GND,NA,NA,NA,NA
Y1,GND,NA,NA,NA,NA
Y11,GND,NA,NA,NA,NA
Y17,GND,NA,NA,NA,NA
Y2,GND,NA,NA,NA,NA
Y21,GND,NA,NA,NA,NA
Y23,GND,NA,NA,NA,NA
Y26,GND,NA,NA,NA,NA
Y5,GND,NA,NA,NA,NA
Y9,GND,NA,NA,NA,NA
AD10,MGTAVCC_R,NA,NA,NA,NA
AE8,MGTAVCC_R,NA,NA,NA,NA
AF10,MGTAVCC_R,NA,NA,NA,NA
AG8,MGTAVCC_R,NA,NA,NA,NA
N8,MGTAVCC_R,NA,NA,NA,NA
P10,MGTAVCC_R,NA,NA,NA,NA
R8,MGTAVCC_R,NA,NA,NA,NA
T10,MGTAVCC_R,NA,NA,NA,NA
AA8,MGTAVTT_R,NA,NA,NA,NA
AB6,MGTAVTT_R,NA,NA,NA,NA
AC8,MGTAVTT_R,NA,NA,NA,NA
AD6,MGTAVTT_R,NA,NA,NA,NA
AF6,MGTAVTT_R,NA,NA,NA,NA
AH6,MGTAVTT_R,NA,NA,NA,NA
P6,MGTAVTT_R,NA,NA,NA,NA
T6,MGTAVTT_R,NA,NA,NA,NA
U8,MGTAVTT_R,NA,NA,NA,NA
V6,MGTAVTT_R,NA,NA,NA,NA
W8,MGTAVTT_R,NA,NA,NA,NA
Y6,MGTAVTT_R,NA,NA,NA,NA
AB10,MGTVCCAUX_R,NA,NA,NA,NA
Y10,MGTVCCAUX_R,NA,NA,NA,NA
AB32,PS_MGTRAVCC,NA,NA,NA,NA
AD32,PS_MGTRAVCC,NA,NA,NA,NA
AC34,PS_MGTRAVTT,NA,NA,NA,NA
AE34,PS_MGTRAVTT,NA,NA,NA,NA
U25,VCCAUX,NA,NA,NA,NA
V25,VCCAUX,NA,NA,NA,NA
AB24,VCCAUX_IO,NA,NA,NA,NA
AC24,VCCAUX_IO,NA,NA,NA,NA
AD24,VCCAUX_IO,NA,NA,NA,NA
W24,VCCAUX_IO,NA,NA,NA,NA
Y24,VCCAUX_IO,NA,NA,NA,NA
AD15,VCCBRAM,NA,NA,NA,NA
AE15,VCCBRAM,NA,NA,NA,NA
AF15,VCCBRAM,NA,NA,NA,NA
AF16,VCCBRAM,NA,NA,NA,NA
AG16,VCCBRAM,NA,NA,NA,NA
AA17,VCCINT,NA,NA,NA,NA
AA21,VCCINT,NA,NA,NA,NA
AA23,VCCINT,NA,NA,NA,NA
AB16,VCCINT,NA,NA,NA,NA
AB18,VCCINT,NA,NA,NA,NA
AB22,VCCINT,NA,NA,NA,NA
AC17,VCCINT,NA,NA,NA,NA
AC19,VCCINT,NA,NA,NA,NA
AC21,VCCINT,NA,NA,NA,NA
AC23,VCCINT,NA,NA,NA,NA
AD16,VCCINT,NA,NA,NA,NA
AD18,VCCINT,NA,NA,NA,NA
AD20,VCCINT,NA,NA,NA,NA
AD22,VCCINT,NA,NA,NA,NA
AE17,VCCINT,NA,NA,NA,NA
AE19,VCCINT,NA,NA,NA,NA
AE21,VCCINT,NA,NA,NA,NA
AE23,VCCINT,NA,NA,NA,NA
AF18,VCCINT,NA,NA,NA,NA
AG17,VCCINT,NA,NA,NA,NA
AG19,VCCINT,NA,NA,NA,NA
R15,VCCINT,NA,NA,NA,NA
R17,VCCINT,NA,NA,NA,NA
R19,VCCINT,NA,NA,NA,NA
R21,VCCINT,NA,NA,NA,NA
R23,VCCINT,NA,NA,NA,NA
T16,VCCINT,NA,NA,NA,NA
T18,VCCINT,NA,NA,NA,NA
T20,VCCINT,NA,NA,NA,NA
T22,VCCINT,NA,NA,NA,NA
T24,VCCINT,NA,NA,NA,NA
U15,VCCINT,NA,NA,NA,NA
U17,VCCINT,NA,NA,NA,NA
U19,VCCINT,NA,NA,NA,NA
U21,VCCINT,NA,NA,NA,NA
U23,VCCINT,NA,NA,NA,NA
V16,VCCINT,NA,NA,NA,NA
V18,VCCINT,NA,NA,NA,NA
V20,VCCINT,NA,NA,NA,NA
V22,VCCINT,NA,NA,NA,NA
V24,VCCINT,NA,NA,NA,NA
W15,VCCINT,NA,NA,NA,NA
W17,VCCINT,NA,NA,NA,NA
W21,VCCINT,NA,NA,NA,NA
W23,VCCINT,NA,NA,NA,NA
Y16,VCCINT,NA,NA,NA,NA
Y18,VCCINT,NA,NA,NA,NA
Y22,VCCINT,NA,NA,NA,NA
AA15,VCCINT_IO,NA,NA,NA,NA
AB15,VCCINT_IO,NA,NA,NA,NA
AC16,VCCINT_IO,NA,NA,NA,NA
Y15,VCCINT_IO,NA,NA,NA,NA
AF29,VCC_PSAUX,NA,NA,NA,NA
AF30,VCC_PSAUX,NA,NA,NA,NA
AG30,VCC_PSAUX,NA,NA,NA,NA
AG31,VCC_PSAUX,NA,NA,NA,NA
AD28,VCC_PSBATT,NA,NA,NA,NA
AE27,VCC_PSDDR_PLL,NA,NA,NA,NA
AE28,VCC_PSDDR_PLL,NA,NA,NA,NA
AH28,VCC_PSINTFP,NA,NA,NA,NA
AH29,VCC_PSINTFP,NA,NA,NA,NA
AJ26,VCC_PSINTFP,NA,NA,NA,NA
AJ27,VCC_PSINTFP,NA,NA,NA,NA
AJ29,VCC_PSINTFP,NA,NA,NA,NA
AK27,VCC_PSINTFP,NA,NA,NA,NA
AK28,VCC_PSINTFP,NA,NA,NA,NA
AJ30,VCC_PSINTFP_DDR,NA,NA,NA,NA
AK29,VCC_PSINTFP_DDR,NA,NA,NA,NA
AK30,VCC_PSINTFP_DDR,NA,NA,NA,NA
AF26,VCC_PSINTLP,NA,NA,NA,NA
AF27,VCC_PSINTLP,NA,NA,NA,NA
AF28,VCC_PSINTLP,NA,NA,NA,NA
AG26,VCC_PSINTLP,NA,NA,NA,NA
AH26,VCC_PSINTLP,NA,NA,NA,NA
AH27,VCC_PSINTLP,NA,NA,NA,NA
AD26,VCC_PSPLL,NA,NA,NA,NA
AD27,VCC_PSPLL,NA,NA,NA,NA
AE25,VCC_PSPLL,NA,NA,NA,NA
,,,,,
Total Number of Pins,1517,,,,
