"#  (c) Copyright 2019 Xilinx, Inc. All rights reserved."
"# "
"#  This file contains confidential and proprietary information"
"#  of Xilinx, Inc. and is protected under U.S. and"
"#  international copyright and other intellectual property"
"#  laws."
"# "
"#  DISCLAIMER"
"#  This disclaimer is not a license and does not grant any"
"#  rights to the materials distributed herewith. Except as"
"#  otherwise provided in a valid license issued to you by"
"#  Xilinx, and to the maximum extent permitted by applicable"
"#  law: (1) THESE MATERIALS ARE MADE AVAILABLE ""AS IS"" AND"
"#  WITH ALL FAULTS, AND XILINX HEREBY DISCLAIMS ALL WARRANTIES"
"#  AND CONDITIONS, EXPRESS, IMPLIED, OR STATUTORY, INCLUDING"
"#  BUT NOT LIMITED TO WARRANTIES OF MERCHANTABILITY, NON-"
"#  INFRINGEMENT, OR FITNESS FOR ANY PARTICULAR PURPOSE; and"
"#  (2) Xilinx shall not be liable (whether in contract or tort,"
"#  including negligence, or under any other theory of"
"#  liability) for any loss or damage of any kind or nature"
"#  related to, arising under or in connection with these"
"#  materials, including for any direct, or any indirect,"
"#  special, incidental, or consequential loss or damage"
"#  (including loss of data, profits, goodwill, or any type of"
"#  loss or damage suffered as a result of any action brought"
"#  by a third party) even if such damage or loss was"
"#  reasonably foreseeable or Xilinx had been advised of the"
"#  possibility of the same."
"# "
"#  CRITICAL APPLICATIONS"
"#  Xilinx products are not designed or intended to be fail-"
"#  safe, or for use in any application requiring fail-safe"
"#  performance, such as life-support or safety devices or"
"#  systems, Class III medical devices, nuclear facilities,"
"#  applications related to the deployment of airbags, or any"
"#  other applications that could lead to death, personal"
"#  injury, or severe property or environmental damage"
"#  (individually and collectively, ""Critical"
"#  Applications""). Customer assumes the sole risk and"
"#  liability of any use of Xilinx products in Critical"
"#  Applications, subject only to applicable laws and"
"#  regulations governing limitations on product liability."
"# "
"#  THIS COPYRIGHT NOTICE AND DISCLAIMER MUST BE RETAINED AS"
"#  PART OF THIS FILE AT ALL TIMES."
"# "
"#----------------------------------------------------------------------"
"#  ASCII Pinout File"
"# "
"#  Device   : xczu39drfsvf1760"
"#  Date     : 1/17/2019 13:55:57"
"#  Revision : 1.1"
"#  Status   : Production"
"# "
"#  Production package specifications are released coincident"
"#  with production release of a particular device."
"# "
"#----------------------------------------------------------------------"
"#  Modification History"
"#  | Date    : 11/15/2016"
"#  | Revision: 0.1"
"#  | Status  : Evaluation Only"
"#  | Details : Initial Creation"
"#----------------------------------------------------------------------"
"#  | Date    : 11/28/2016"
"#  | Revision: 0.2"
"#  | Status  : Evaluation Only"
"#  | Details : Updated for swapping VCCAUX bump to VCCINT bump"
"#----------------------------------------------------------------------"
"#  | Date    : 2/2/2017"
"#  | Revision: 0.3"
"#  | Status  : Evaluation Only"
"#  | Details : Updated DC12 FFVF1760 with new pinmap"
"#----------------------------------------------------------------------"
"#  | Date    : 3/10/2017"
"#  | Revision: 0.4"
"#  | Status  : Evaluation Only"
"#  | Details : changed dummy bumps on ADC side tie off from ADC_GND to ADC_AVCC"
"#----------------------------------------------------------------------"
"#  | Date    : 3/15/2017"
"#  | Revision: 1.0"
"#  | Status  : Engineering Sample"
"#  | Details : Updated DC12 FFVF1760 to Engineering Sample"
"#----------------------------------------------------------------------"
"#  | Date    : 1/17/2019"
"#  | Revision: 1.1"
"#  | Status  : Production"
"#  | Details : Updated from Engineering Sample to Production"
"#----------------------------------------------------------------------"
,,,,,
Pin,Pin Name,Memory Byte Group,Bank,I/O Type,Super Logic Region
AC18,DXN,NA,NA,NA,NA
AC19,DXP,NA,NA,NA,NA
Y18,GNDADC,NA,NA,NA,NA
AH15,POR_OVERRIDE,NA,NA,NA,NA
AH16,PUDC_B,NA,0,CONFIG,NA
Y19,VCCADC,NA,NA,NA,NA
AB18,VN,NA,NA,NA,NA
AA19,VP,NA,NA,NA,NA
AA18,VREFN,NA,NA,NA,NA
AB19,VREFP,NA,NA,NA,NA
A18,IO_L24N_T3U_N11_69,3U,69,HP,NA
B18,IO_L24P_T3U_N10_69,3U,69,HP,NA
A19,IO_L23N_T3U_N9_69,3U,69,HP,NA
A20,IO_L23P_T3U_N8_69,3U,69,HP,NA
A17,IO_L22N_T3U_N7_DBC_AD0N_69,3U,69,HP,NA
B17,IO_L22P_T3U_N6_DBC_AD0P_69,3U,69,HP,NA
B20,IO_L21N_T3L_N5_AD8N_69,3L,69,HP,NA
B21,IO_L21P_T3L_N4_AD8P_69,3L,69,HP,NA
C18,IO_L20N_T3L_N3_AD1N_69,3L,69,HP,NA
C19,IO_L20P_T3L_N2_AD1P_69,3L,69,HP,NA
C21,IO_L19N_T3L_N1_DBC_AD9N_69,3L,69,HP,NA
D21,IO_L19P_T3L_N0_DBC_AD9P_69,3L,69,HP,NA
C20,IO_T3U_N12_69,3U,69,HP,NA
E19,IO_T2U_N12_69,2U,69,HP,NA
D18,IO_L18N_T2U_N11_AD2N_69,2U,69,HP,NA
D19,IO_L18P_T2U_N10_AD2P_69,2U,69,HP,NA
E20,IO_L17N_T2U_N9_AD10N_69,2U,69,HP,NA
E21,IO_L17P_T2U_N8_AD10P_69,2U,69,HP,NA
D17,IO_L16N_T2U_N7_QBC_AD3N_69,2U,69,HP,NA
E17,IO_L16P_T2U_N6_QBC_AD3P_69,2U,69,HP,NA
F20,IO_L15N_T2L_N5_AD11N_69,2L,69,HP,NA
G21,IO_L15P_T2L_N4_AD11P_69,2L,69,HP,NA
F18,IO_L14N_T2L_N3_GC_69,2L,69,HP,NA
F19,IO_L14P_T2L_N2_GC_69,2L,69,HP,NA
G20,IO_L13N_T2L_N1_GC_QBC_69,2L,69,HP,NA
H20,IO_L13P_T2L_N0_GC_QBC_69,2L,69,HP,NA
F17,IO_L12N_T1U_N11_GC_69,1U,69,HP,NA
G17,IO_L12P_T1U_N10_GC_69,1U,69,HP,NA
H21,IO_L11N_T1U_N9_GC_69,1U,69,HP,NA
J21,IO_L11P_T1U_N8_GC_69,1U,69,HP,NA
G18,IO_L10N_T1U_N7_QBC_AD4N_69,1U,69,HP,NA
H18,IO_L10P_T1U_N6_QBC_AD4P_69,1U,69,HP,NA
H19,IO_L9N_T1L_N5_AD12N_69,1L,69,HP,NA
J19,IO_L9P_T1L_N4_AD12P_69,1L,69,HP,NA
J17,IO_L8N_T1L_N3_AD5N_69,1L,69,HP,NA
J18,IO_L8P_T1L_N2_AD5P_69,1L,69,HP,NA
K20,IO_L7N_T1L_N1_QBC_AD13N_69,1L,69,HP,NA
K21,IO_L7P_T1L_N0_QBC_AD13P_69,1L,69,HP,NA
K19,IO_T1U_N12_69,1U,69,HP,NA
L19,IO_T0U_N12_VRP_69,0U,69,HP,NA
L18,IO_L6N_T0U_N11_AD6N_69,0U,69,HP,NA
M18,IO_L6P_T0U_N10_AD6P_69,0U,69,HP,NA
L20,IO_L5N_T0U_N9_AD14N_69,0U,69,HP,NA
M20,IO_L5P_T0U_N8_AD14P_69,0U,69,HP,NA
N18,IO_L4N_T0U_N7_DBC_AD7N_69,0U,69,HP,NA
P19,IO_L4P_T0U_N6_DBC_AD7P_69,0U,69,HP,NA
N19,IO_L3N_T0L_N5_AD15N_69,0L,69,HP,NA
N20,IO_L3P_T0L_N4_AD15P_69,0L,69,HP,NA
P17,IO_L2N_T0L_N3_69,0L,69,HP,NA
R17,IO_L2P_T0L_N2_69,0L,69,HP,NA
R19,IO_L1N_T0L_N1_DBC_69,0L,69,HP,NA
R20,IO_L1P_T0L_N0_DBC_69,0L,69,HP,NA
P18,VREF_69,NA,69,HP,NA
A23,IO_L24N_T3U_N11_68,3U,68,HP,NA
A22,IO_L24P_T3U_N10_68,3U,68,HP,NA
A25,IO_L23N_T3U_N9_68,3U,68,HP,NA
A24,IO_L23P_T3U_N8_68,3U,68,HP,NA
B23,IO_L22N_T3U_N7_DBC_AD0N_68,3U,68,HP,NA
B22,IO_L22P_T3U_N6_DBC_AD0P_68,3U,68,HP,NA
B25,IO_L21N_T3L_N5_AD8N_68,3L,68,HP,NA
C25,IO_L21P_T3L_N4_AD8P_68,3L,68,HP,NA
C24,IO_L20N_T3L_N3_AD1N_68,3L,68,HP,NA
D24,IO_L20P_T3L_N2_AD1P_68,3L,68,HP,NA
B26,IO_L19N_T3L_N1_DBC_AD9N_68,3L,68,HP,NA
C26,IO_L19P_T3L_N0_DBC_AD9P_68,3L,68,HP,NA
E25,IO_T3U_N12_68,3U,68,HP,NA
E24,IO_T2U_N12_68,2U,68,HP,NA
C23,IO_L18N_T2U_N11_AD2N_68,2U,68,HP,NA
D23,IO_L18P_T2U_N10_AD2P_68,2U,68,HP,NA
D26,IO_L17N_T2U_N9_AD10N_68,2U,68,HP,NA
E26,IO_L17P_T2U_N8_AD10P_68,2U,68,HP,NA
D22,IO_L16N_T2U_N7_QBC_AD3N_68,2U,68,HP,NA
E22,IO_L16P_T2U_N6_QBC_AD3P_68,2U,68,HP,NA
F25,IO_L15N_T2L_N5_AD11N_68,2L,68,HP,NA
G25,IO_L15P_T2L_N4_AD11P_68,2L,68,HP,NA
F24,IO_L14N_T2L_N3_GC_68,2L,68,HP,NA
F23,IO_L14P_T2L_N2_GC_68,2L,68,HP,NA
G26,IO_L13N_T2L_N1_GC_QBC_68,2L,68,HP,NA
H26,IO_L13P_T2L_N0_GC_QBC_68,2L,68,HP,NA
F22,IO_L12N_T1U_N11_GC_68,1U,68,HP,NA
G22,IO_L12P_T1U_N10_GC_68,1U,68,HP,NA
H25,IO_L11N_T1U_N9_GC_68,1U,68,HP,NA
H24,IO_L11P_T1U_N8_GC_68,1U,68,HP,NA
G23,IO_L10N_T1U_N7_QBC_AD4N_68,1U,68,HP,NA
H23,IO_L10P_T1U_N6_QBC_AD4P_68,1U,68,HP,NA
J24,IO_L9N_T1L_N5_AD12N_68,1L,68,HP,NA
K24,IO_L9P_T1L_N4_AD12P_68,1L,68,HP,NA
J22,IO_L8N_T1L_N3_AD5N_68,1L,68,HP,NA
K22,IO_L8P_T1L_N2_AD5P_68,1L,68,HP,NA
L24,IO_L7N_T1L_N1_QBC_AD13N_68,1L,68,HP,NA
L23,IO_L7P_T1L_N0_QBC_AD13P_68,1L,68,HP,NA
J23,IO_T1U_N12_68,1U,68,HP,NA
L22,IO_T0U_N12_VRP_68,0U,68,HP,NA
M23,IO_L6N_T0U_N11_AD6N_68,0U,68,HP,NA
M22,IO_L6P_T0U_N10_AD6P_68,0U,68,HP,NA
N24,IO_L5N_T0U_N9_AD14N_68,0U,68,HP,NA
N23,IO_L5P_T0U_N8_AD14P_68,0U,68,HP,NA
P24,IO_L4N_T0U_N7_DBC_AD7N_68,0U,68,HP,NA
R24,IO_L4P_T0U_N6_DBC_AD7P_68,0U,68,HP,NA
M21,IO_L3N_T0L_N5_AD15N_68,0L,68,HP,NA
N21,IO_L3P_T0L_N4_AD15P_68,0L,68,HP,NA
P23,IO_L2N_T0L_N3_68,0L,68,HP,NA
R22,IO_L2P_T0L_N2_68,0L,68,HP,NA
P21,IO_L1N_T0L_N1_DBC_68,0L,68,HP,NA
R21,IO_L1P_T0L_N0_DBC_68,0L,68,HP,NA
P22,VREF_68,NA,68,HP,NA
A30,IO_L24N_T3U_N11_67,3U,67,HP,NA
A29,IO_L24P_T3U_N10_67,3U,67,HP,NA
A32,IO_L23N_T3U_N9_67,3U,67,HP,NA
B32,IO_L23P_T3U_N8_67,3U,67,HP,NA
A28,IO_L22N_T3U_N7_DBC_AD0N_67,3U,67,HP,NA
B28,IO_L22P_T3U_N6_DBC_AD0P_67,3U,67,HP,NA
B31,IO_L21N_T3L_N5_AD8N_67,3L,67,HP,NA
B30,IO_L21P_T3L_N4_AD8P_67,3L,67,HP,NA
A27,IO_L20N_T3L_N3_AD1N_67,3L,67,HP,NA
B27,IO_L20P_T3L_N2_AD1P_67,3L,67,HP,NA
C31,IO_L19N_T3L_N1_DBC_AD9N_67,3L,67,HP,NA
C30,IO_L19P_T3L_N0_DBC_AD9P_67,3L,67,HP,NA
C28,IO_T3U_N12_67,3U,67,HP,NA
D28,IO_T2U_N12_67,2U,67,HP,NA
D27,IO_L18N_T2U_N11_AD2N_67,2U,67,HP,NA
E27,IO_L18P_T2U_N10_AD2P_67,2U,67,HP,NA
C29,IO_L17N_T2U_N9_AD10N_67,2U,67,HP,NA
D29,IO_L17P_T2U_N8_AD10P_67,2U,67,HP,NA
F28,IO_L16N_T2U_N7_QBC_AD3N_67,2U,67,HP,NA
F27,IO_L16P_T2U_N6_QBC_AD3P_67,2U,67,HP,NA
E29,IO_L15N_T2L_N5_AD11N_67,2L,67,HP,NA
F29,IO_L15P_T2L_N4_AD11P_67,2L,67,HP,NA
G28,IO_L14N_T2L_N3_GC_67,2L,67,HP,NA
G27,IO_L14P_T2L_N2_GC_67,2L,67,HP,NA
E30,IO_L13N_T2L_N1_GC_QBC_67,2L,67,HP,NA
F30,IO_L13P_T2L_N0_GC_QBC_67,2L,67,HP,NA
H29,IO_L12N_T1U_N11_GC_67,1U,67,HP,NA
H28,IO_L12P_T1U_N10_GC_67,1U,67,HP,NA
G30,IO_L11N_T1U_N9_GC_67,1U,67,HP,NA
H30,IO_L11P_T1U_N8_GC_67,1U,67,HP,NA
J28,IO_L10N_T1U_N7_QBC_AD4N_67,1U,67,HP,NA
J27,IO_L10P_T1U_N6_QBC_AD4P_67,1U,67,HP,NA
J29,IO_L9N_T1L_N5_AD12N_67,1L,67,HP,NA
K29,IO_L9P_T1L_N4_AD12P_67,1L,67,HP,NA
J26,IO_L8N_T1L_N3_AD5N_67,1L,67,HP,NA
K26,IO_L8P_T1L_N2_AD5P_67,1L,67,HP,NA
L29,IO_L7N_T1L_N1_QBC_AD13N_67,1L,67,HP,NA
L28,IO_L7P_T1L_N0_QBC_AD13P_67,1L,67,HP,NA
K27,IO_T1U_N12_67,1U,67,HP,NA
L27,IO_T0U_N12_VRP_67,0U,67,HP,NA
K25,IO_L6N_T0U_N11_AD6N_67,0U,67,HP,NA
L25,IO_L6P_T0U_N10_AD6P_67,0U,67,HP,NA
M28,IO_L5N_T0U_N9_AD14N_67,0U,67,HP,NA
M27,IO_L5P_T0U_N8_AD14P_67,0U,67,HP,NA
M25,IO_L4N_T0U_N7_DBC_AD7N_67,0U,67,HP,NA
N25,IO_L4P_T0U_N6_DBC_AD7P_67,0U,67,HP,NA
M26,IO_L3N_T0L_N5_AD15N_67,0L,67,HP,NA
N26,IO_L3P_T0L_N4_AD15P_67,0L,67,HP,NA
R26,IO_L2N_T0L_N3_67,0L,67,HP,NA
R25,IO_L2P_T0L_N2_67,0L,67,HP,NA
P27,IO_L1N_T0L_N1_DBC_67,0L,67,HP,NA
R27,IO_L1P_T0L_N0_DBC_67,0L,67,HP,NA
P26,VREF_67,NA,67,HP,NA
AJ24,IO_L24N_T3U_N11_66,3U,66,HP,NA
AH24,IO_L24P_T3U_N10_66,3U,66,HP,NA
AK24,IO_L23N_T3U_N9_66,3U,66,HP,NA
AJ23,IO_L23P_T3U_N8_66,3U,66,HP,NA
AK26,IO_L22N_T3U_N7_DBC_AD0N_66,3U,66,HP,NA
AJ26,IO_L22P_T3U_N6_DBC_AD0P_66,3U,66,HP,NA
AL25,IO_L21N_T3L_N5_AD8N_66,3L,66,HP,NA
AK25,IO_L21P_T3L_N4_AD8P_66,3L,66,HP,NA
AM25,IO_L20N_T3L_N3_AD1N_66,3L,66,HP,NA
AL24,IO_L20P_T3L_N2_AD1P_66,3L,66,HP,NA
AK22,IO_L19N_T3L_N1_DBC_AD9N_66,3L,66,HP,NA
AJ22,IO_L19P_T3L_N0_DBC_AD9P_66,3L,66,HP,NA
AL22,IO_T3U_N12_66,3U,66,HP,NA
AM22,IO_T2U_N12_66,2U,66,HP,NA
AN25,IO_L18N_T2U_N11_AD2N_66,2U,66,HP,NA
AN24,IO_L18P_T2U_N10_AD2P_66,2U,66,HP,NA
AM23,IO_L17N_T2U_N9_AD10N_66,2U,66,HP,NA
AL23,IO_L17P_T2U_N8_AD10P_66,2U,66,HP,NA
AN26,IO_L16N_T2U_N7_QBC_AD3N_66,2U,66,HP,NA
AM26,IO_L16P_T2U_N6_QBC_AD3P_66,2U,66,HP,NA
AP23,IO_L15N_T2L_N5_AD11N_66,2L,66,HP,NA
AN23,IO_L15P_T2L_N4_AD11P_66,2L,66,HP,NA
AR24,IO_L14N_T2L_N3_GC_66,2L,66,HP,NA
AP24,IO_L14P_T2L_N2_GC_66,2L,66,HP,NA
AR22,IO_L13N_T2L_N1_GC_QBC_66,2L,66,HP,NA
AP22,IO_L13P_T2L_N0_GC_QBC_66,2L,66,HP,NA
AR26,IO_L12N_T1U_N11_GC_66,1U,66,HP,NA
AP26,IO_L12P_T1U_N10_GC_66,1U,66,HP,NA
AT24,IO_L11N_T1U_N9_GC_66,1U,66,HP,NA
AT23,IO_L11P_T1U_N8_GC_66,1U,66,HP,NA
AT25,IO_L10N_T1U_N7_QBC_AD4N_66,1U,66,HP,NA
AR25,IO_L10P_T1U_N6_QBC_AD4P_66,1U,66,HP,NA
AU22,IO_L9N_T1L_N5_AD12N_66,1L,66,HP,NA
AT22,IO_L9P_T1L_N4_AD12P_66,1L,66,HP,NA
AV25,IO_L8N_T1L_N3_AD5N_66,1L,66,HP,NA
AU25,IO_L8P_T1L_N2_AD5P_66,1L,66,HP,NA
AV23,IO_L7N_T1L_N1_QBC_AD13N_66,1L,66,HP,NA
AU23,IO_L7P_T1L_N0_QBC_AD13P_66,1L,66,HP,NA
AW23,IO_T1U_N12_66,1U,66,HP,NA
AW22,IO_T0U_N12_VRP_66,0U,66,HP,NA
AW24,IO_L6N_T0U_N11_AD6N_66,0U,66,HP,NA
AV24,IO_L6P_T0U_N10_AD6P_66,0U,66,HP,NA
BA22,IO_L5N_T0U_N9_AD14N_66,0U,66,HP,NA
AY22,IO_L5P_T0U_N8_AD14P_66,0U,66,HP,NA
AY25,IO_L4N_T0U_N7_DBC_AD7N_66,0U,66,HP,NA
AY24,IO_L4P_T0U_N6_DBC_AD7P_66,0U,66,HP,NA
BA24,IO_L3N_T0L_N5_AD15N_66,0L,66,HP,NA
BA23,IO_L3P_T0L_N4_AD15P_66,0L,66,HP,NA
BB25,IO_L2N_T0L_N3_66,0L,66,HP,NA
BA25,IO_L2P_T0L_N2_66,0L,66,HP,NA
BB23,IO_L1N_T0L_N1_DBC_66,0L,66,HP,NA
BB22,IO_L1P_T0L_N0_DBC_66,0L,66,HP,NA
AH23,VREF_66,NA,66,HP,NA
AH19,IO_L24N_T3U_N11_PERSTN0_65,3U,65,HP,NA
AH20,IO_L24P_T3U_N10_PERSTN1_I2C_SDA_65,3U,65,HP,NA
AJ21,IO_L23N_T3U_N9_65,3U,65,HP,NA
AH21,IO_L23P_T3U_N8_I2C_SCLK_65,3U,65,HP,NA
AJ18,IO_L22N_T3U_N7_DBC_AD0N_65,3U,65,HP,NA
AH18,IO_L22P_T3U_N6_DBC_AD0P_65,3U,65,HP,NA
AK20,IO_L21N_T3L_N5_AD8N_65,3L,65,HP,NA
AK21,IO_L21P_T3L_N4_AD8P_65,3L,65,HP,NA
AK17,IO_L20N_T3L_N3_AD1N_65,3L,65,HP,NA
AJ17,IO_L20P_T3L_N2_AD1P_65,3L,65,HP,NA
AL19,IO_L19N_T3L_N1_DBC_AD9N_65,3L,65,HP,NA
AK19,IO_L19P_T3L_N0_DBC_AD9P_65,3L,65,HP,NA
AL20,IO_T3U_N12_65,3U,65,HP,NA
AM17,IO_T2U_N12_65,2U,65,HP,NA
AL17,IO_L18N_T2U_N11_AD2N_65,2U,65,HP,NA
AL18,IO_L18P_T2U_N10_AD2P_65,2U,65,HP,NA
AM20,IO_L17N_T2U_N9_AD10N_65,2U,65,HP,NA
AM21,IO_L17P_T2U_N8_AD10P_65,2U,65,HP,NA
AN18,IO_L16N_T2U_N7_QBC_AD3N_65,2U,65,HP,NA
AM18,IO_L16P_T2U_N6_QBC_AD3P_65,2U,65,HP,NA
AP19,IO_L15N_T2L_N5_AD11N_65,2L,65,HP,NA
AN19,IO_L15P_T2L_N4_AD11P_65,2L,65,HP,NA
AP17,IO_L14N_T2L_N3_GC_65,2L,65,HP,NA
AP18,IO_L14P_T2L_N2_GC_65,2L,65,HP,NA
AN20,IO_L13N_T2L_N1_GC_QBC_65,2L,65,HP,NA
AN21,IO_L13P_T2L_N0_GC_QBC_65,2L,65,HP,NA
AR19,IO_L12N_T1U_N11_GC_65,1U,65,HP,NA
AR20,IO_L12P_T1U_N10_GC_65,1U,65,HP,NA
AR21,IO_L11N_T1U_N9_GC_65,1U,65,HP,NA
AP21,IO_L11P_T1U_N8_GC_65,1U,65,HP,NA
AT19,IO_L10N_T1U_N7_QBC_AD4N_65,1U,65,HP,NA
AT20,IO_L10P_T1U_N6_QBC_AD4P_65,1U,65,HP,NA
AU20,IO_L9N_T1L_N5_AD12N_65,1L,65,HP,NA
AU21,IO_L9P_T1L_N4_AD12P_65,1L,65,HP,NA
AU18,IO_L8N_T1L_N3_AD5N_65,1L,65,HP,NA
AT18,IO_L8P_T1L_N2_AD5P_65,1L,65,HP,NA
AY21,IO_L7N_T1L_N1_QBC_AD13N_65,1L,65,HP,NA
AW21,IO_L7P_T1L_N0_QBC_AD13P_65,1L,65,HP,NA
AV21,IO_T1U_N12_65,1U,65,HP,NA
AV20,IO_T0U_N12_VRP_65,0U,65,HP,NA
AW19,IO_L6N_T0U_N11_AD6N_65,0U,65,HP,NA
AV19,IO_L6P_T0U_N10_AD6P_65,0U,65,HP,NA
BA20,IO_L5N_T0U_N9_AD14N_65,0U,65,HP,NA
AY20,IO_L5P_T0U_N8_AD14P_65,0U,65,HP,NA
AW18,IO_L4N_T0U_N7_DBC_AD7N_65,0U,65,HP,NA
AV18,IO_L4P_T0U_N6_DBC_AD7P_SMBALERT_65,0U,65,HP,NA
BA19,IO_L3N_T0L_N5_AD15N_65,0L,65,HP,NA
AY19,IO_L3P_T0L_N4_AD15P_65,0L,65,HP,NA
BB18,IO_L2N_T0L_N3_65,0L,65,HP,NA
BA18,IO_L2P_T0L_N2_65,0L,65,HP,NA
BB20,IO_L1N_T0L_N1_DBC_65,0L,65,HP,NA
BB21,IO_L1P_T0L_N0_DBC_65,0L,65,HP,NA
AJ19,VREF_65,NA,65,HP,NA
AK14,IO_L24N_T3U_N11_64,3U,64,HP,NA
AJ14,IO_L24P_T3U_N10_64,3U,64,HP,NA
AK15,IO_L23N_T3U_N9_64,3U,64,HP,NA
AK16,IO_L23P_T3U_N8_64,3U,64,HP,NA
AM15,IO_L22N_T3U_N7_DBC_AD0N_64,3U,64,HP,NA
AL15,IO_L22P_T3U_N6_DBC_AD0P_64,3U,64,HP,NA
AN15,IO_L21N_T3L_N5_AD8N_64,3L,64,HP,NA
AM16,IO_L21P_T3L_N4_AD8P_64,3L,64,HP,NA
AM13,IO_L20N_T3L_N3_AD1N_64,3L,64,HP,NA
AL14,IO_L20P_T3L_N2_AD1P_64,3L,64,HP,NA
AP16,IO_L19N_T3L_N1_DBC_AD9N_64,3L,64,HP,NA
AN16,IO_L19P_T3L_N0_DBC_AD9P_64,3L,64,HP,NA
AN14,IO_T3U_N12_64,3U,64,HP,NA
AP14,IO_T2U_N12_64,2U,64,HP,NA
AP13,IO_L18N_T2U_N11_AD2N_64,2U,64,HP,NA
AN13,IO_L18P_T2U_N10_AD2P_64,2U,64,HP,NA
AR15,IO_L17N_T2U_N9_AD10N_64,2U,64,HP,NA
AR16,IO_L17P_T2U_N8_AD10P_64,2U,64,HP,NA
AT14,IO_L16N_T2U_N7_QBC_AD3N_64,2U,64,HP,NA
AR14,IO_L16P_T2U_N6_QBC_AD3P_64,2U,64,HP,NA
AT17,IO_L15N_T2L_N5_AD11N_64,2L,64,HP,NA
AR17,IO_L15P_T2L_N4_AD11P_64,2L,64,HP,NA
AU15,IO_L14N_T2L_N3_GC_64,2L,64,HP,NA
AT15,IO_L14P_T2L_N2_GC_64,2L,64,HP,NA
AU16,IO_L13N_T2L_N1_GC_QBC_64,2L,64,HP,NA
AU17,IO_L13P_T2L_N0_GC_QBC_64,2L,64,HP,NA
AU13,IO_L12N_T1U_N11_GC_64,1U,64,HP,NA
AT13,IO_L12P_T1U_N10_GC_64,1U,64,HP,NA
AV15,IO_L11N_T1U_N9_GC_64,1U,64,HP,NA
AV16,IO_L11P_T1U_N8_GC_64,1U,64,HP,NA
AW14,IO_L10N_T1U_N7_QBC_AD4N_64,1U,64,HP,NA
AV14,IO_L10P_T1U_N6_QBC_AD4P_64,1U,64,HP,NA
AW16,IO_L9N_T1L_N5_AD12N_64,1L,64,HP,NA
AW17,IO_L9P_T1L_N4_AD12P_64,1L,64,HP,NA
AW13,IO_L8N_T1L_N3_AD5N_64,1L,64,HP,NA
AV13,IO_L8P_T1L_N2_AD5P_64,1L,64,HP,NA
AY16,IO_L7N_T1L_N1_QBC_AD13N_64,1L,64,HP,NA
AY17,IO_L7P_T1L_N0_QBC_AD13P_64,1L,64,HP,NA
AW12,IO_T1U_N12_64,1U,64,HP,NA
AY12,IO_T0U_N12_VRP_64,0U,64,HP,NA
AY14,IO_L6N_T0U_N11_AD6N_64,0U,64,HP,NA
AY15,IO_L6P_T0U_N10_AD6P_64,0U,64,HP,NA
BA14,IO_L5N_T0U_N9_AD14N_64,0U,64,HP,NA
BA15,IO_L5P_T0U_N8_AD14P_64,0U,64,HP,NA
BB15,IO_L4N_T0U_N7_DBC_AD7N_64,0U,64,HP,NA
BB16,IO_L4P_T0U_N6_DBC_AD7P_64,0U,64,HP,NA
BA12,IO_L3N_T0L_N5_AD15N_64,0L,64,HP,NA
BA13,IO_L3P_T0L_N4_AD15P_64,0L,64,HP,NA
BB17,IO_L2N_T0L_N3_64,0L,64,HP,NA
BA17,IO_L2P_T0L_N2_64,0L,64,HP,NA
BB12,IO_L1N_T0L_N1_DBC_64,0L,64,HP,NA
BB13,IO_L1P_T0L_N0_DBC_64,0L,64,HP,NA
AJ16,VREF_64,NA,64,HP,NA
A9,IO_L12N_AD0N_89,NA,89,HD,NA
A10,IO_L12P_AD0P_89,NA,89,HD,NA
B10,IO_L11N_AD1N_89,NA,89,HD,NA
C10,IO_L11P_AD1P_89,NA,89,HD,NA
B11,IO_L10N_AD2N_89,NA,89,HD,NA
C11,IO_L10P_AD2P_89,NA,89,HD,NA
C9,IO_L9N_AD3N_89,NA,89,HD,NA
D9,IO_L9P_AD3P_89,NA,89,HD,NA
D11,IO_L8N_HDGC_AD4N_89,NA,89,HD,NA
E11,IO_L8P_HDGC_AD4P_89,NA,89,HD,NA
E9,IO_L7N_HDGC_AD5N_89,NA,89,HD,NA
E10,IO_L7P_HDGC_AD5P_89,NA,89,HD,NA
F9,IO_L6N_HDGC_AD6N_89,NA,89,HD,NA
F10,IO_L6P_HDGC_AD6P_89,NA,89,HD,NA
G11,IO_L5N_HDGC_AD7N_89,NA,89,HD,NA
G12,IO_L5P_HDGC_AD7P_89,NA,89,HD,NA
G10,IO_L4N_AD8N_89,NA,89,HD,NA
H11,IO_L4P_AD8P_89,NA,89,HD,NA
H9,IO_L3N_AD9N_89,NA,89,HD,NA
H10,IO_L3P_AD9P_89,NA,89,HD,NA
J11,IO_L2N_AD10N_89,NA,89,HD,NA
J12,IO_L2P_AD10P_89,NA,89,HD,NA
K11,IO_L1N_AD11N_89,NA,89,HD,NA
K12,IO_L1P_AD11P_89,NA,89,HD,NA
G15,IO_L12N_AD8N_88,NA,88,HD,NA
G16,IO_L12P_AD8P_88,NA,88,HD,NA
H14,IO_L11N_AD9N_88,NA,88,HD,NA
H15,IO_L11P_AD9P_88,NA,88,HD,NA
G13,IO_L10N_AD10N_88,NA,88,HD,NA
H13,IO_L10P_AD10P_88,NA,88,HD,NA
J13,IO_L9N_AD11N_88,NA,88,HD,NA
J14,IO_L9P_AD11P_88,NA,88,HD,NA
H16,IO_L8N_HDGC_88,NA,88,HD,NA
J16,IO_L8P_HDGC_88,NA,88,HD,NA
K16,IO_L7N_HDGC_88,NA,88,HD,NA
K17,IO_L7P_HDGC_88,NA,88,HD,NA
K14,IO_L6N_HDGC_88,NA,88,HD,NA
K15,IO_L6P_HDGC_88,NA,88,HD,NA
L14,IO_L5N_HDGC_88,NA,88,HD,NA
L15,IO_L5P_HDGC_88,NA,88,HD,NA
L17,IO_L4N_AD12N_88,NA,88,HD,NA
M17,IO_L4P_AD12P_88,NA,88,HD,NA
M14,IO_L3N_AD13N_88,NA,88,HD,NA
N14,IO_L3P_AD13P_88,NA,88,HD,NA
M15,IO_L2N_AD14N_88,NA,88,HD,NA
N15,IO_L2P_AD14P_88,NA,88,HD,NA
M16,IO_L1N_AD15N_88,NA,88,HD,NA
N16,IO_L1P_AD15P_88,NA,88,HD,NA
F13,IO_L12N_AD8N_87,NA,87,HD,NA
F14,IO_L12P_AD8P_87,NA,87,HD,NA
A14,IO_L11N_AD9N_87,NA,87,HD,NA
A15,IO_L11P_AD9P_87,NA,87,HD,NA
C16,IO_L10N_AD10N_87,NA,87,HD,NA
D16,IO_L10P_AD10P_87,NA,87,HD,NA
E15,IO_L9N_AD11N_87,NA,87,HD,NA
E16,IO_L9P_AD11P_87,NA,87,HD,NA
B15,IO_L8N_HDGC_87,NA,87,HD,NA
B16,IO_L8P_HDGC_87,NA,87,HD,NA
C14,IO_L7N_HDGC_87,NA,87,HD,NA
C15,IO_L7P_HDGC_87,NA,87,HD,NA
E14,IO_L6N_HDGC_87,NA,87,HD,NA
F15,IO_L6P_HDGC_87,NA,87,HD,NA
A12,IO_L5N_HDGC_87,NA,87,HD,NA
A13,IO_L5P_HDGC_87,NA,87,HD,NA
B12,IO_L4N_AD12N_87,NA,87,HD,NA
B13,IO_L4P_AD12P_87,NA,87,HD,NA
C13,IO_L3N_AD13N_87,NA,87,HD,NA
D14,IO_L3P_AD13P_87,NA,87,HD,NA
D12,IO_L2N_AD14N_87,NA,87,HD,NA
D13,IO_L2P_AD14P_87,NA,87,HD,NA
E12,IO_L1N_AD15N_87,NA,87,HD,NA
F12,IO_L1P_AD15P_87,NA,87,HD,NA
AP10,IO_L12N_AD0N_84,NA,84,HD,NA
AP11,IO_L12P_AD0P_84,NA,84,HD,NA
AR11,IO_L11N_AD1N_84,NA,84,HD,NA
AP12,IO_L11P_AD1P_84,NA,84,HD,NA
AT10,IO_L10N_AD2N_84,NA,84,HD,NA
AR10,IO_L10P_AD2P_84,NA,84,HD,NA
AT12,IO_L9N_AD3N_84,NA,84,HD,NA
AR12,IO_L9P_AD3P_84,NA,84,HD,NA
AU11,IO_L8N_HDGC_AD4N_84,NA,84,HD,NA
AU12,IO_L8P_HDGC_AD4P_84,NA,84,HD,NA
AV10,IO_L7N_HDGC_AD5N_84,NA,84,HD,NA
AU10,IO_L7P_HDGC_AD5P_84,NA,84,HD,NA
AW9,IO_L6N_HDGC_AD6N_84,NA,84,HD,NA
AV9,IO_L6P_HDGC_AD6P_84,NA,84,HD,NA
AW11,IO_L5N_HDGC_AD7N_84,NA,84,HD,NA
AV11,IO_L5P_HDGC_AD7P_84,NA,84,HD,NA
AY10,IO_L4N_AD8N_84,NA,84,HD,NA
AY11,IO_L4P_AD8P_84,NA,84,HD,NA
BA9,IO_L3N_AD9N_84,NA,84,HD,NA
AY9,IO_L3P_AD9P_84,NA,84,HD,NA
BB9,IO_L2N_AD10N_84,NA,84,HD,NA
BA10,IO_L2P_AD10P_84,NA,84,HD,NA
BB10,IO_L1N_AD11N_84,NA,84,HD,NA
BB11,IO_L1P_AD11P_84,NA,84,HD,NA
AA37,MGTREFCLK0N_128,NA,128,GTY,NA
AA36,MGTREFCLK0P_128,NA,128,GTY,NA
Y35,MGTREFCLK1N_128,NA,128,GTY,NA
Y34,MGTREFCLK1P_128,NA,128,GTY,NA
AC42,MGTYRXN0_128,NA,128,GTY,NA
AB40,MGTYRXN1_128,NA,128,GTY,NA
AA42,MGTYRXN2_128,NA,128,GTY,NA
Y40,MGTYRXN3_128,NA,128,GTY,NA
AC41,MGTYRXP0_128,NA,128,GTY,NA
AB39,MGTYRXP1_128,NA,128,GTY,NA
AA41,MGTYRXP2_128,NA,128,GTY,NA
Y39,MGTYRXP3_128,NA,128,GTY,NA
V39,MGTYTXN0_128,NA,128,GTY,NA
U37,MGTYTXN1_128,NA,128,GTY,NA
T39,MGTYTXN2_128,NA,128,GTY,NA
R37,MGTYTXN3_128,NA,128,GTY,NA
V38,MGTYTXP0_128,NA,128,GTY,NA
U36,MGTYTXP1_128,NA,128,GTY,NA
T38,MGTYTXP2_128,NA,128,GTY,NA
R36,MGTYTXP3_128,NA,128,GTY,NA
W37,MGTAVTTRCAL_L,NA,NA,NA,NA
V35,MGTREFCLK0N_129,NA,129,GTY,NA
V34,MGTREFCLK0P_129,NA,129,GTY,NA
T35,MGTREFCLK1N_129,NA,129,GTY,NA
T34,MGTREFCLK1P_129,NA,129,GTY,NA
W36,MGTRREF_L,NA,NA,NA,NA
W42,MGTYRXN0_129,NA,129,GTY,NA
U42,MGTYRXN1_129,NA,129,GTY,NA
R42,MGTYRXN2_129,NA,129,GTY,NA
N42,MGTYRXN3_129,NA,129,GTY,NA
W41,MGTYRXP0_129,NA,129,GTY,NA
U41,MGTYRXP1_129,NA,129,GTY,NA
R41,MGTYRXP2_129,NA,129,GTY,NA
N41,MGTYRXP3_129,NA,129,GTY,NA
P39,MGTYTXN0_129,NA,129,GTY,NA
N37,MGTYTXN1_129,NA,129,GTY,NA
M39,MGTYTXN2_129,NA,129,GTY,NA
L37,MGTYTXN3_129,NA,129,GTY,NA
P38,MGTYTXP0_129,NA,129,GTY,NA
N36,MGTYTXP1_129,NA,129,GTY,NA
M38,MGTYTXP2_129,NA,129,GTY,NA
L36,MGTYTXP3_129,NA,129,GTY,NA
P35,MGTREFCLK0N_130,NA,130,GTY,NA
P34,MGTREFCLK0P_130,NA,130,GTY,NA
M35,MGTREFCLK1N_130,NA,130,GTY,NA
M34,MGTREFCLK1P_130,NA,130,GTY,NA
L42,MGTYRXN0_130,NA,130,GTY,NA
J42,MGTYRXN1_130,NA,130,GTY,NA
G42,MGTYRXN2_130,NA,130,GTY,NA
F40,MGTYRXN3_130,NA,130,GTY,NA
L41,MGTYRXP0_130,NA,130,GTY,NA
J41,MGTYRXP1_130,NA,130,GTY,NA
G41,MGTYRXP2_130,NA,130,GTY,NA
F39,MGTYRXP3_130,NA,130,GTY,NA
K39,MGTYTXN0_130,NA,130,GTY,NA
J37,MGTYTXN1_130,NA,130,GTY,NA
H39,MGTYTXN2_130,NA,130,GTY,NA
G37,MGTYTXN3_130,NA,130,GTY,NA
K38,MGTYTXP0_130,NA,130,GTY,NA
J36,MGTYTXP1_130,NA,130,GTY,NA
H38,MGTYTXP2_130,NA,130,GTY,NA
G36,MGTYTXP3_130,NA,130,GTY,NA
K35,MGTREFCLK0N_131,NA,131,GTY,NA
K34,MGTREFCLK0P_131,NA,131,GTY,NA
H35,MGTREFCLK1N_131,NA,131,GTY,NA
H34,MGTREFCLK1P_131,NA,131,GTY,NA
E42,MGTYRXN0_131,NA,131,GTY,NA
D40,MGTYRXN1_131,NA,131,GTY,NA
C42,MGTYRXN2_131,NA,131,GTY,NA
B40,MGTYRXN3_131,NA,131,GTY,NA
E41,MGTYRXP0_131,NA,131,GTY,NA
D39,MGTYRXP1_131,NA,131,GTY,NA
C41,MGTYRXP2_131,NA,131,GTY,NA
B39,MGTYRXP3_131,NA,131,GTY,NA
F35,MGTYTXN0_131,NA,131,GTY,NA
E37,MGTYTXN1_131,NA,131,GTY,NA
C37,MGTYTXN2_131,NA,131,GTY,NA
A37,MGTYTXN3_131,NA,131,GTY,NA
F34,MGTYTXP0_131,NA,131,GTY,NA
E36,MGTYTXP1_131,NA,131,GTY,NA
C36,MGTYTXP2_131,NA,131,GTY,NA
A36,MGTYTXP3_131,NA,131,GTY,NA
BB3,ADC_CLK_N_224,NA,224,ADC,NA
BA3,ADC_CLK_P_224,NA,224,ADC,NA
AF9,ADC_REXT_224,NA,224,ADC,NA
AJ11,VCM01_224,NA,224,ADC,NA
AJ10,VCM23_224,NA,224,ADC,NA
AU4,ADC_VIN0_N_224,NA,224,ADC,NA
AU5,ADC_VIN0_P_224,NA,224,ADC,NA
AU1,ADC_VIN1_N_224,NA,224,ADC,NA
AU2,ADC_VIN1_P_224,NA,224,ADC,NA
AR4,ADC_VIN2_N_224,NA,224,ADC,NA
AR5,ADC_VIN2_P_224,NA,224,ADC,NA
AR1,ADC_VIN3_N_224,NA,224,ADC,NA
AR2,ADC_VIN3_P_224,NA,224,ADC,NA
AY4,ADC_CLK_N_225,NA,225,ADC,NA
AW4,ADC_CLK_P_225,NA,225,ADC,NA
AH11,VCM01_225,NA,225,ADC,NA
AH10,VCM23_225,NA,225,ADC,NA
AN4,ADC_VIN0_N_225,NA,225,ADC,NA
AN5,ADC_VIN0_P_225,NA,225,ADC,NA
AN1,ADC_VIN1_N_225,NA,225,ADC,NA
AN2,ADC_VIN1_P_225,NA,225,ADC,NA
AL4,ADC_VIN2_N_225,NA,225,ADC,NA
AL5,ADC_VIN2_P_225,NA,225,ADC,NA
AL1,ADC_VIN3_N_225,NA,225,ADC,NA
AL2,ADC_VIN3_P_225,NA,225,ADC,NA
BB5,ADC_CLK_N_226,NA,226,ADC,NA
BA5,ADC_CLK_P_226,NA,226,ADC,NA
AJ8,VCM01_226,NA,226,ADC,NA
AJ7,VCM23_226,NA,226,ADC,NA
AJ4,ADC_VIN0_N_226,NA,226,ADC,NA
AJ5,ADC_VIN0_P_226,NA,226,ADC,NA
AJ1,ADC_VIN1_N_226,NA,226,ADC,NA
AJ2,ADC_VIN1_P_226,NA,226,ADC,NA
AG4,ADC_VIN2_N_226,NA,226,ADC,NA
AG5,ADC_VIN2_P_226,NA,226,ADC,NA
AG1,ADC_VIN3_N_226,NA,226,ADC,NA
AG2,ADC_VIN3_P_226,NA,226,ADC,NA
AY6,ADC_CLK_N_227,NA,227,ADC,NA
AW6,ADC_CLK_P_227,NA,227,ADC,NA
AH8,VCM01_227,NA,227,ADC,NA
AH7,VCM23_227,NA,227,ADC,NA
AE4,ADC_VIN0_N_227,NA,227,ADC,NA
AE5,ADC_VIN0_P_227,NA,227,ADC,NA
AE1,ADC_VIN1_N_227,NA,227,ADC,NA
AE2,ADC_VIN1_P_227,NA,227,ADC,NA
AC4,ADC_VIN2_N_227,NA,227,ADC,NA
AC5,ADC_VIN2_P_227,NA,227,ADC,NA
AC1,ADC_VIN3_N_227,NA,227,ADC,NA
AC2,ADC_VIN3_P_227,NA,227,ADC,NA
A3,DAC_CLK_N_228,NA,228,DAC,NA
B3,DAC_CLK_P_228,NA,228,DAC,NA
U9,DAC_REXT_228,NA,228,DAC,NA
D1,SYSREF_N_228,NA,228,DAC,NA
D2,SYSREF_P_228,NA,228,DAC,NA
Y4,DAC_VOUT0_N_228,NA,228,DAC,NA
Y5,DAC_VOUT0_P_228,NA,228,DAC,NA
Y1,DAC_VOUT1_N_228,NA,228,DAC,NA
Y2,DAC_VOUT1_P_228,NA,228,DAC,NA
V4,DAC_VOUT2_N_228,NA,228,DAC,NA
V5,DAC_VOUT2_P_228,NA,228,DAC,NA
V1,DAC_VOUT3_N_228,NA,228,DAC,NA
V2,DAC_VOUT3_P_228,NA,228,DAC,NA
C4,DAC_CLK_N_229,NA,229,DAC,NA
D4,DAC_CLK_P_229,NA,229,DAC,NA
T4,DAC_VOUT0_N_229,NA,229,DAC,NA
T5,DAC_VOUT0_P_229,NA,229,DAC,NA
T1,DAC_VOUT1_N_229,NA,229,DAC,NA
T2,DAC_VOUT1_P_229,NA,229,DAC,NA
P4,DAC_VOUT2_N_229,NA,229,DAC,NA
P5,DAC_VOUT2_P_229,NA,229,DAC,NA
P1,DAC_VOUT3_N_229,NA,229,DAC,NA
P2,DAC_VOUT3_P_229,NA,229,DAC,NA
A5,DAC_CLK_N_230,NA,230,DAC,NA
B5,DAC_CLK_P_230,NA,230,DAC,NA
M4,DAC_VOUT0_N_230,NA,230,DAC,NA
M5,DAC_VOUT0_P_230,NA,230,DAC,NA
M1,DAC_VOUT1_N_230,NA,230,DAC,NA
M2,DAC_VOUT1_P_230,NA,230,DAC,NA
K4,DAC_VOUT2_N_230,NA,230,DAC,NA
K5,DAC_VOUT2_P_230,NA,230,DAC,NA
K1,DAC_VOUT3_N_230,NA,230,DAC,NA
K2,DAC_VOUT3_P_230,NA,230,DAC,NA
C6,DAC_CLK_N_231,NA,231,DAC,NA
D6,DAC_CLK_P_231,NA,231,DAC,NA
H4,DAC_VOUT0_N_231,NA,231,DAC,NA
H5,DAC_VOUT0_P_231,NA,231,DAC,NA
H1,DAC_VOUT1_N_231,NA,231,DAC,NA
H2,DAC_VOUT1_P_231,NA,231,DAC,NA
F4,DAC_VOUT2_N_231,NA,231,DAC,NA
F5,DAC_VOUT2_P_231,NA,231,DAC,NA
F1,DAC_VOUT3_N_231,NA,231,DAC,NA
F2,DAC_VOUT3_P_231,NA,231,DAC,NA
BB27,PS_MIO0,NA,500,PSMIO,NA
BA27,PS_MIO1,NA,500,PSMIO,NA
AV26,PS_MIO10,NA,500,PSMIO,NA
AW28,PS_MIO11,NA,500,PSMIO,NA
AV28,PS_MIO12,NA,500,PSMIO,NA
AU26,PS_MIO13,NA,500,PSMIO,NA
AU27,PS_MIO14,NA,500,PSMIO,NA
AT27,PS_MIO15,NA,500,PSMIO,NA
AU28,PS_MIO16,NA,500,PSMIO,NA
AT28,PS_MIO17,NA,500,PSMIO,NA
AP28,PS_MIO18,NA,500,PSMIO,NA
AR27,PS_MIO19,NA,500,PSMIO,NA
BB26,PS_MIO2,NA,500,PSMIO,NA
AP27,PS_MIO20,NA,500,PSMIO,NA
AN28,PS_MIO21,NA,500,PSMIO,NA
AL27,PS_MIO22,NA,500,PSMIO,NA
AM27,PS_MIO23,NA,500,PSMIO,NA
AL28,PS_MIO24,NA,500,PSMIO,NA
AM28,PS_MIO25,NA,500,PSMIO,NA
BB28,PS_MIO3,NA,500,PSMIO,NA
BA28,PS_MIO4,NA,500,PSMIO,NA
BA29,PS_MIO5,NA,500,PSMIO,NA
AY26,PS_MIO6,NA,500,PSMIO,NA
AY27,PS_MIO7,NA,500,PSMIO,NA
AW27,PS_MIO8,NA,500,PSMIO,NA
AW26,PS_MIO9,NA,500,PSMIO,NA
A34,PS_MIO26,NA,501,PSMIO,NA
B34,PS_MIO27,NA,501,PSMIO,NA
A33,PS_MIO28,NA,501,PSMIO,NA
B33,PS_MIO29,NA,501,PSMIO,NA
C34,PS_MIO30,NA,501,PSMIO,NA
D33,PS_MIO31,NA,501,PSMIO,NA
D34,PS_MIO32,NA,501,PSMIO,NA
D32,PS_MIO33,NA,501,PSMIO,NA
D31,PS_MIO34,NA,501,PSMIO,NA
C33,PS_MIO35,NA,501,PSMIO,NA
E31,PS_MIO36,NA,501,PSMIO,NA
E32,PS_MIO37,NA,501,PSMIO,NA
G32,PS_MIO38,NA,501,PSMIO,NA
J32,PS_MIO39,NA,501,PSMIO,NA
F32,PS_MIO40,NA,501,PSMIO,NA
K32,PS_MIO41,NA,501,PSMIO,NA
H31,PS_MIO42,NA,501,PSMIO,NA
G31,PS_MIO43,NA,501,PSMIO,NA
K30,PS_MIO44,NA,501,PSMIO,NA
L30,PS_MIO45,NA,501,PSMIO,NA
J31,PS_MIO46,NA,501,PSMIO,NA
L32,PS_MIO47,NA,501,PSMIO,NA
M32,PS_MIO48,NA,501,PSMIO,NA
K31,PS_MIO49,NA,501,PSMIO,NA
M30,PS_MIO50,NA,501,PSMIO,NA
M31,PS_MIO51,NA,501,PSMIO,NA
P28,PS_MIO52,NA,502,PSMIO,NA
N30,PS_MIO53,NA,502,PSMIO,NA
N28,PS_MIO54,NA,502,PSMIO,NA
P29,PS_MIO55,NA,502,PSMIO,NA
N29,PS_MIO56,NA,502,PSMIO,NA
R29,PS_MIO57,NA,502,PSMIO,NA
R30,PS_MIO58,NA,502,PSMIO,NA
T30,PS_MIO59,NA,502,PSMIO,NA
U28,PS_MIO60,NA,502,PSMIO,NA
T28,PS_MIO61,NA,502,PSMIO,NA
V28,PS_MIO62,NA,502,PSMIO,NA
T29,PS_MIO63,NA,502,PSMIO,NA
U30,PS_MIO64,NA,502,PSMIO,NA
V30,PS_MIO65,NA,502,PSMIO,NA
V29,PS_MIO66,NA,502,PSMIO,NA
W28,PS_MIO67,NA,502,PSMIO,NA
Y29,PS_MIO68,NA,502,PSMIO,NA
W29,PS_MIO69,NA,502,PSMIO,NA
AA28,PS_MIO70,NA,502,PSMIO,NA
AB28,PS_MIO71,NA,502,PSMIO,NA
AC28,PS_MIO72,NA,502,PSMIO,NA
AA29,PS_MIO73,NA,502,PSMIO,NA
Y30,PS_MIO74,NA,502,PSMIO,NA
AC29,PS_MIO75,NA,502,PSMIO,NA
AB30,PS_MIO76,NA,502,PSMIO,NA
AA30,PS_MIO77,NA,502,PSMIO,NA
N31,PS_DONE,NA,503,PSCONFIG,NA
AC30,PS_ERROR_OUT,NA,503,PSCONFIG,NA
AC31,PS_ERROR_STATUS,NA,503,PSCONFIG,NA
P31,PS_INIT_B,NA,503,PSCONFIG,NA
T32,PS_JTAG_TCK,NA,503,PSCONFIG,NA
U31,PS_JTAG_TDI,NA,503,PSCONFIG,NA
V31,PS_JTAG_TDO,NA,503,PSCONFIG,NA
W31,PS_JTAG_TMS,NA,503,PSCONFIG,NA
AA32,PS_MODE0,NA,503,PSCONFIG,NA
AB32,PS_MODE1,NA,503,PSCONFIG,NA
AB31,PS_MODE2,NA,503,PSCONFIG,NA
Y31,PS_MODE3,NA,503,PSCONFIG,NA
W32,PS_PADI,NA,503,PSCONFIG,NA
Y32,PS_PADO,NA,503,PSCONFIG,NA
R32,PS_POR_B,NA,503,PSCONFIG,NA
P32,PS_PROG_B,NA,503,PSCONFIG,NA
U32,PS_REF_CLK,NA,503,PSCONFIG,NA
R31,PS_SRST_B,NA,503,PSCONFIG,NA
BB35,PS_DDR_A0,NA,504,PSDDR,NA
BB38,PS_DDR_A1,NA,504,PSDDR,NA
AT34,PS_DDR_A10,NA,504,PSDDR,NA
AW37,PS_DDR_A11,NA,504,PSDDR,NA
AU36,PS_DDR_A12,NA,504,PSDDR,NA
AW36,PS_DDR_A13,NA,504,PSDDR,NA
AU37,PS_DDR_A14,NA,504,PSDDR,NA
AT37,PS_DDR_A15,NA,504,PSDDR,NA
AP34,PS_DDR_A16,NA,504,PSDDR,NA
AN33,PS_DDR_A17,NA,504,PSDDR,NA
BA37,PS_DDR_A2,NA,504,PSDDR,NA
AY37,PS_DDR_A3,NA,504,PSDDR,NA
BA35,PS_DDR_A4,NA,504,PSDDR,NA
BB37,PS_DDR_A5,NA,504,PSDDR,NA
AN34,PS_DDR_A6,NA,504,PSDDR,NA
AP38,PS_DDR_A7,NA,504,PSDDR,NA
AP37,PS_DDR_A8,NA,504,PSDDR,NA
AP36,PS_DDR_A9,NA,504,PSDDR,NA
AN35,PS_DDR_ACT_N,NA,504,PSDDR,NA
AR35,PS_DDR_ALERT_N,NA,504,PSDDR,NA
AM32,PS_DDR_BA0,NA,504,PSDDR,NA
AN38,PS_DDR_BA1,NA,504,PSDDR,NA
AN36,PS_DDR_BG0,NA,504,PSDDR,NA
AM35,PS_DDR_BG1,NA,504,PSDDR,NA
AY36,PS_DDR_CK0,NA,504,PSDDR,NA
AU35,PS_DDR_CK1,NA,504,PSDDR,NA
AW38,PS_DDR_CKE0,NA,504,PSDDR,NA
AV36,PS_DDR_CKE1,NA,504,PSDDR,NA
AY35,PS_DDR_CK_N0,NA,504,PSDDR,NA
AV35,PS_DDR_CK_N1,NA,504,PSDDR,NA
BA38,PS_DDR_CS_N0,NA,504,PSDDR,NA
AT35,PS_DDR_CS_N1,NA,504,PSDDR,NA
AY29,PS_DDR_DM0,NA,504,PSDDR,NA
AY32,PS_DDR_DM1,NA,504,PSDDR,NA
AN29,PS_DDR_DM2,NA,504,PSDDR,NA
AR32,PS_DDR_DM3,NA,504,PSDDR,NA
AM36,PS_DDR_DM4,NA,504,PSDDR,NA
AL40,PS_DDR_DM5,NA,504,PSDDR,NA
AV40,PS_DDR_DM6,NA,504,PSDDR,NA
AP39,PS_DDR_DM7,NA,504,PSDDR,NA
AY39,PS_DDR_DM8,NA,504,PSDDR,NA
AV31,PS_DDR_DQ0,NA,504,PSDDR,NA
AW31,PS_DDR_DQ1,NA,504,PSDDR,NA
BB33,PS_DDR_DQ10,NA,504,PSDDR,NA
BA33,PS_DDR_DQ11,NA,504,PSDDR,NA
AW32,PS_DDR_DQ12,NA,504,PSDDR,NA
AW34,PS_DDR_DQ13,NA,504,PSDDR,NA
AW33,PS_DDR_DQ14,NA,504,PSDDR,NA
AV34,PS_DDR_DQ15,NA,504,PSDDR,NA
AM30,PS_DDR_DQ16,NA,504,PSDDR,NA
AN31,PS_DDR_DQ17,NA,504,PSDDR,NA
AM31,PS_DDR_DQ18,NA,504,PSDDR,NA
AN30,PS_DDR_DQ19,NA,504,PSDDR,NA
AV30,PS_DDR_DQ2,NA,504,PSDDR,NA
AU30,PS_DDR_DQ20,NA,504,PSDDR,NA
AT30,PS_DDR_DQ21,NA,504,PSDDR,NA
AR29,PS_DDR_DQ22,NA,504,PSDDR,NA
AT29,PS_DDR_DQ23,NA,504,PSDDR,NA
AU31,PS_DDR_DQ24,NA,504,PSDDR,NA
AU32,PS_DDR_DQ25,NA,504,PSDDR,NA
AU33,PS_DDR_DQ26,NA,504,PSDDR,NA
AV33,PS_DDR_DQ27,NA,504,PSDDR,NA
AP31,PS_DDR_DQ28,NA,504,PSDDR,NA
AR31,PS_DDR_DQ29,NA,504,PSDDR,NA
AV29,PS_DDR_DQ3,NA,504,PSDDR,NA
AP33,PS_DDR_DQ30,NA,504,PSDDR,NA
AP32,PS_DDR_DQ31,NA,504,PSDDR,NA
AK38,PS_DDR_DQ32,NA,504,PSDDR,NA
AK37,PS_DDR_DQ33,NA,504,PSDDR,NA
AL37,PS_DDR_DQ34,NA,504,PSDDR,NA
AM37,PS_DDR_DQ35,NA,504,PSDDR,NA
AK36,PS_DDR_DQ36,NA,504,PSDDR,NA
AL34,PS_DDR_DQ37,NA,504,PSDDR,NA
AK34,PS_DDR_DQ38,NA,504,PSDDR,NA
AL33,PS_DDR_DQ39,NA,504,PSDDR,NA
AW29,PS_DDR_DQ4,NA,504,PSDDR,NA
AM38,PS_DDR_DQ40,NA,504,PSDDR,NA
AL38,PS_DDR_DQ41,NA,504,PSDDR,NA
AL41,PS_DDR_DQ42,NA,504,PSDDR,NA
AK39,PS_DDR_DQ43,NA,504,PSDDR,NA
AL39,PS_DDR_DQ44,NA,504,PSDDR,NA
AN42,PS_DDR_DQ45,NA,504,PSDDR,NA
AM42,PS_DDR_DQ46,NA,504,PSDDR,NA
AL42,PS_DDR_DQ47,NA,504,PSDDR,NA
AU42,PS_DDR_DQ48,NA,504,PSDDR,NA
AV41,PS_DDR_DQ49,NA,504,PSDDR,NA
BB31,PS_DDR_DQ5,NA,504,PSDDR,NA
AU41,PS_DDR_DQ50,NA,504,PSDDR,NA
AT39,PS_DDR_DQ51,NA,504,PSDDR,NA
AV39,PS_DDR_DQ52,NA,504,PSDDR,NA
AT38,PS_DDR_DQ53,NA,504,PSDDR,NA
AU38,PS_DDR_DQ54,NA,504,PSDDR,NA
AV38,PS_DDR_DQ55,NA,504,PSDDR,NA
AR40,PS_DDR_DQ56,NA,504,PSDDR,NA
AR39,PS_DDR_DQ57,NA,504,PSDDR,NA
AT42,PS_DDR_DQ58,NA,504,PSDDR,NA
AR42,PS_DDR_DQ59,NA,504,PSDDR,NA
BA30,PS_DDR_DQ6,NA,504,PSDDR,NA
AP42,PS_DDR_DQ60,NA,504,PSDDR,NA
AN41,PS_DDR_DQ61,NA,504,PSDDR,NA
AN39,PS_DDR_DQ62,NA,504,PSDDR,NA
AN40,PS_DDR_DQ63,NA,504,PSDDR,NA
BA39,PS_DDR_DQ64,NA,504,PSDDR,NA
BB40,PS_DDR_DQ65,NA,504,PSDDR,NA
BA40,PS_DDR_DQ66,NA,504,PSDDR,NA
AY42,PS_DDR_DQ67,NA,504,PSDDR,NA
BA41,PS_DDR_DQ68,NA,504,PSDDR,NA
AW41,PS_DDR_DQ69,NA,504,PSDDR,NA
BB30,PS_DDR_DQ7,NA,504,PSDDR,NA
AW39,PS_DDR_DQ70,NA,504,PSDDR,NA
AW42,PS_DDR_DQ71,NA,504,PSDDR,NA
BA32,PS_DDR_DQ8,NA,504,PSDDR,NA
BB32,PS_DDR_DQ9,NA,504,PSDDR,NA
AY31,PS_DDR_DQS_N0,NA,504,PSDDR,NA
BA34,PS_DDR_DQS_N1,NA,504,PSDDR,NA
AR30,PS_DDR_DQS_N2,NA,504,PSDDR,NA
AT33,PS_DDR_DQS_N3,NA,504,PSDDR,NA
AL35,PS_DDR_DQS_N4,NA,504,PSDDR,NA
AM41,PS_DDR_DQS_N5,NA,504,PSDDR,NA
AU40,PS_DDR_DQS_N6,NA,504,PSDDR,NA
AR41,PS_DDR_DQS_N7,NA,504,PSDDR,NA
AY41,PS_DDR_DQS_N8,NA,504,PSDDR,NA
AY30,PS_DDR_DQS_P0,NA,504,PSDDR,NA
AY34,PS_DDR_DQS_P1,NA,504,PSDDR,NA
AP29,PS_DDR_DQS_P2,NA,504,PSDDR,NA
AT32,PS_DDR_DQS_P3,NA,504,PSDDR,NA
AK35,PS_DDR_DQS_P4,NA,504,PSDDR,NA
AM40,PS_DDR_DQS_P5,NA,504,PSDDR,NA
AT40,PS_DDR_DQS_P6,NA,504,PSDDR,NA
AP41,PS_DDR_DQS_P7,NA,504,PSDDR,NA
AY40,PS_DDR_DQS_P8,NA,504,PSDDR,NA
BB36,PS_DDR_ODT0,NA,504,PSDDR,NA
AR34,PS_DDR_ODT1,NA,504,PSDDR,NA
AM33,PS_DDR_PARITY,NA,504,PSDDR,NA
AR37,PS_DDR_RAM_RST_N,NA,504,PSDDR,NA
AR36,PS_DDR_ZQ,NA,504,PSDDR,NA
AJ42,PS_MGTRRXN0_505,NA,505,PSGTR,NA
AH40,PS_MGTRRXN1_505,NA,505,PSGTR,NA
AG42,PS_MGTRRXN2_505,NA,505,PSGTR,NA
AE42,PS_MGTRRXN3_505,NA,505,PSGTR,NA
AJ41,PS_MGTRRXP0_505,NA,505,PSGTR,NA
AH39,PS_MGTRRXP1_505,NA,505,PSGTR,NA
AG41,PS_MGTRRXP2_505,NA,505,PSGTR,NA
AE41,PS_MGTRRXP3_505,NA,505,PSGTR,NA
AH36,PS_MGTRTXN0_505,NA,505,PSGTR,NA
AG38,PS_MGTRTXN1_505,NA,505,PSGTR,NA
AF40,PS_MGTRTXN2_505,NA,505,PSGTR,NA
AE38,PS_MGTRTXN3_505,NA,505,PSGTR,NA
AH35,PS_MGTRTXP0_505,NA,505,PSGTR,NA
AG37,PS_MGTRTXP1_505,NA,505,PSGTR,NA
AF39,PS_MGTRTXP2_505,NA,505,PSGTR,NA
AE37,PS_MGTRTXP3_505,NA,505,PSGTR,NA
AF35,PS_MGTREFCLK0N_505,NA,505,PSGTR,NA
AF34,PS_MGTREFCLK0P_505,NA,505,PSGTR,NA
AD35,PS_MGTREFCLK1N_505,NA,505,PSGTR,NA
AD34,PS_MGTREFCLK1P_505,NA,505,PSGTR,NA
AC37,PS_MGTREFCLK2N_505,NA,505,PSGTR,NA
AC36,PS_MGTREFCLK2P_505,NA,505,PSGTR,NA
AB35,PS_MGTREFCLK3N_505,NA,505,PSGTR,NA
AB34,PS_MGTREFCLK3P_505,NA,505,PSGTR,NA
AH37,PS_MGTRREF_505,NA,NA,NA,NA
AP15,VCCO_64,NA,64,NA,NA
AU14,VCCO_64,NA,64,NA,NA
AV17,VCCO_64,NA,64,NA,NA
AM19,VCCO_65,NA,65,NA,NA
AR18,VCCO_65,NA,65,NA,NA
AT21,VCCO_65,NA,65,NA,NA
AK23,VCCO_66,NA,66,NA,NA
AN22,VCCO_66,NA,66,NA,NA
AP25,VCCO_66,NA,66,NA,NA
E28,VCCO_67,NA,67,NA,NA
H27,VCCO_67,NA,67,NA,NA
L26,VCCO_67,NA,67,NA,NA
E23,VCCO_68,NA,68,NA,NA
H22,VCCO_68,NA,68,NA,NA
L21,VCCO_68,NA,68,NA,NA
D20,VCCO_69,NA,69,NA,NA
G19,VCCO_69,NA,69,NA,NA
K18,VCCO_69,NA,69,NA,NA
AT11,VCCO_84,NA,84,NA,NA
AW10,VCCO_84,NA,84,NA,NA
B14,VCCO_87,NA,87,NA,NA
E13,VCCO_87,NA,87,NA,NA
H12,VCCO_88,NA,88,NA,NA
J15,VCCO_88,NA,88,NA,NA
D10,VCCO_89,NA,89,NA,NA
G9,VCCO_89,NA,89,NA,NA
AE30,VCC_PSADC,NA,NA,NA,NA
AF30,VCC_PSADC,NA,NA,NA,NA
AE31,GND_PSADC,NA,NA,NA,NA
AG30,GND_PSADC,NA,NA,NA,NA
AL26,VCCO_PSIO0_500,NA,500,NA,NA
AR28,VCCO_PSIO0_500,NA,500,NA,NA
AV27,VCCO_PSIO0_500,NA,500,NA,NA
F31,VCCO_PSIO1_501,NA,501,NA,NA
J30,VCCO_PSIO1_501,NA,501,NA,NA
R28,VCCO_PSIO2_502,NA,502,NA,NA
W30,VCCO_PSIO2_502,NA,502,NA,NA
AC32,VCCO_PSIO3_503,NA,503,NA,NA
N32,VCCO_PSIO3_503,NA,503,NA,NA
AR33,VCCO_PSDDR_504,NA,504,NA,NA
AR38,VCCO_PSDDR_504,NA,504,NA,NA
AU34,VCCO_PSDDR_504,NA,504,NA,NA
AU39,VCCO_PSDDR_504,NA,504,NA,NA
AW35,VCCO_PSDDR_504,NA,504,NA,NA
AW40,VCCO_PSDDR_504,NA,504,NA,NA
BA36,VCCO_PSDDR_504,NA,504,NA,NA
AC10,ADC_AVCC,NA,NA,NA,NA
AC11,ADC_AVCC,NA,NA,NA,NA
AD10,ADC_AVCC,NA,NA,NA,NA
AD11,ADC_AVCC,NA,NA,NA,NA
AE10,ADC_AVCC,NA,NA,NA,NA
AE11,ADC_AVCC,NA,NA,NA,NA
AF10,ADC_AVCC,NA,NA,NA,NA
AF11,ADC_AVCC,NA,NA,NA,NA
AC7,ADC_AVCCAUX,NA,NA,NA,NA
AC8,ADC_AVCCAUX,NA,NA,NA,NA
AD7,ADC_AVCCAUX,NA,NA,NA,NA
AD8,ADC_AVCCAUX,NA,NA,NA,NA
AE7,ADC_AVCCAUX,NA,NA,NA,NA
AE8,ADC_AVCCAUX,NA,NA,NA,NA
AF7,ADC_AVCCAUX,NA,NA,NA,NA
AF8,ADC_AVCCAUX,NA,NA,NA,NA
AB1,ADC_GND,NA,NA,NA,NA
AB10,ADC_GND,NA,NA,NA,NA
AB11,ADC_GND,NA,NA,NA,NA
AB12,ADC_GND,NA,NA,NA,NA
AB2,ADC_GND,NA,NA,NA,NA
AB3,ADC_GND,NA,NA,NA,NA
AB4,ADC_GND,NA,NA,NA,NA
AB5,ADC_GND,NA,NA,NA,NA
AB6,ADC_GND,NA,NA,NA,NA
AB7,ADC_GND,NA,NA,NA,NA
AB8,ADC_GND,NA,NA,NA,NA
AB9,ADC_GND,NA,NA,NA,NA
AC12,ADC_GND,NA,NA,NA,NA
AC3,ADC_GND,NA,NA,NA,NA
AC6,ADC_GND,NA,NA,NA,NA
AC9,ADC_GND,NA,NA,NA,NA
AD1,ADC_GND,NA,NA,NA,NA
AD12,ADC_GND,NA,NA,NA,NA
AD2,ADC_GND,NA,NA,NA,NA
AD3,ADC_GND,NA,NA,NA,NA
AD4,ADC_GND,NA,NA,NA,NA
AD5,ADC_GND,NA,NA,NA,NA
AD6,ADC_GND,NA,NA,NA,NA
AD9,ADC_GND,NA,NA,NA,NA
AE12,ADC_GND,NA,NA,NA,NA
AE3,ADC_GND,NA,NA,NA,NA
AE6,ADC_GND,NA,NA,NA,NA
AE9,ADC_GND,NA,NA,NA,NA
AF1,ADC_GND,NA,NA,NA,NA
AF12,ADC_GND,NA,NA,NA,NA
AF2,ADC_GND,NA,NA,NA,NA
AF3,ADC_GND,NA,NA,NA,NA
AF4,ADC_GND,NA,NA,NA,NA
AF5,ADC_GND,NA,NA,NA,NA
AF6,ADC_GND,NA,NA,NA,NA
AG10,ADC_GND,NA,NA,NA,NA
AG11,ADC_GND,NA,NA,NA,NA
AG3,ADC_GND,NA,NA,NA,NA
AG6,ADC_GND,NA,NA,NA,NA
AG7,ADC_GND,NA,NA,NA,NA
AG8,ADC_GND,NA,NA,NA,NA
AG9,ADC_GND,NA,NA,NA,NA
AH1,ADC_GND,NA,NA,NA,NA
AH12,ADC_GND,NA,NA,NA,NA
AH2,ADC_GND,NA,NA,NA,NA
AH3,ADC_GND,NA,NA,NA,NA
AH4,ADC_GND,NA,NA,NA,NA
AH5,ADC_GND,NA,NA,NA,NA
AH6,ADC_GND,NA,NA,NA,NA
AH9,ADC_GND,NA,NA,NA,NA
AJ12,ADC_GND,NA,NA,NA,NA
AJ3,ADC_GND,NA,NA,NA,NA
AJ6,ADC_GND,NA,NA,NA,NA
AJ9,ADC_GND,NA,NA,NA,NA
AK1,ADC_GND,NA,NA,NA,NA
AK10,ADC_GND,NA,NA,NA,NA
AK11,ADC_GND,NA,NA,NA,NA
AK12,ADC_GND,NA,NA,NA,NA
AK2,ADC_GND,NA,NA,NA,NA
AK3,ADC_GND,NA,NA,NA,NA
AK4,ADC_GND,NA,NA,NA,NA
AK5,ADC_GND,NA,NA,NA,NA
AK6,ADC_GND,NA,NA,NA,NA
AK7,ADC_GND,NA,NA,NA,NA
AK8,ADC_GND,NA,NA,NA,NA
AK9,ADC_GND,NA,NA,NA,NA
AL10,ADC_GND,NA,NA,NA,NA
AL11,ADC_GND,NA,NA,NA,NA
AL3,ADC_GND,NA,NA,NA,NA
AL6,ADC_GND,NA,NA,NA,NA
AL7,ADC_GND,NA,NA,NA,NA
AL8,ADC_GND,NA,NA,NA,NA
AL9,ADC_GND,NA,NA,NA,NA
AM1,ADC_GND,NA,NA,NA,NA
AM10,ADC_GND,NA,NA,NA,NA
AM11,ADC_GND,NA,NA,NA,NA
AM2,ADC_GND,NA,NA,NA,NA
AM3,ADC_GND,NA,NA,NA,NA
AM4,ADC_GND,NA,NA,NA,NA
AM5,ADC_GND,NA,NA,NA,NA
AM6,ADC_GND,NA,NA,NA,NA
AM7,ADC_GND,NA,NA,NA,NA
AM8,ADC_GND,NA,NA,NA,NA
AM9,ADC_GND,NA,NA,NA,NA
AN3,ADC_GND,NA,NA,NA,NA
AN6,ADC_GND,NA,NA,NA,NA
AN7,ADC_GND,NA,NA,NA,NA
AN8,ADC_GND,NA,NA,NA,NA
AP1,ADC_GND,NA,NA,NA,NA
AP2,ADC_GND,NA,NA,NA,NA
AP3,ADC_GND,NA,NA,NA,NA
AP4,ADC_GND,NA,NA,NA,NA
AP5,ADC_GND,NA,NA,NA,NA
AP6,ADC_GND,NA,NA,NA,NA
AP7,ADC_GND,NA,NA,NA,NA
AP8,ADC_GND,NA,NA,NA,NA
AR3,ADC_GND,NA,NA,NA,NA
AR6,ADC_GND,NA,NA,NA,NA
AR7,ADC_GND,NA,NA,NA,NA
AR8,ADC_GND,NA,NA,NA,NA
AT1,ADC_GND,NA,NA,NA,NA
AT2,ADC_GND,NA,NA,NA,NA
AT3,ADC_GND,NA,NA,NA,NA
AT4,ADC_GND,NA,NA,NA,NA
AT5,ADC_GND,NA,NA,NA,NA
AT6,ADC_GND,NA,NA,NA,NA
AT7,ADC_GND,NA,NA,NA,NA
AT8,ADC_GND,NA,NA,NA,NA
AU3,ADC_GND,NA,NA,NA,NA
AU6,ADC_GND,NA,NA,NA,NA
AU7,ADC_GND,NA,NA,NA,NA
AV1,ADC_GND,NA,NA,NA,NA
AV2,ADC_GND,NA,NA,NA,NA
AV3,ADC_GND,NA,NA,NA,NA
AV4,ADC_GND,NA,NA,NA,NA
AV5,ADC_GND,NA,NA,NA,NA
AV6,ADC_GND,NA,NA,NA,NA
AV7,ADC_GND,NA,NA,NA,NA
AW1,ADC_GND,NA,NA,NA,NA
AW2,ADC_GND,NA,NA,NA,NA
AW3,ADC_GND,NA,NA,NA,NA
AW5,ADC_GND,NA,NA,NA,NA
AW7,ADC_GND,NA,NA,NA,NA
AY1,ADC_GND,NA,NA,NA,NA
AY2,ADC_GND,NA,NA,NA,NA
AY3,ADC_GND,NA,NA,NA,NA
AY5,ADC_GND,NA,NA,NA,NA
AY7,ADC_GND,NA,NA,NA,NA
BA1,ADC_GND,NA,NA,NA,NA
BA2,ADC_GND,NA,NA,NA,NA
BA4,ADC_GND,NA,NA,NA,NA
BA6,ADC_GND,NA,NA,NA,NA
BA7,ADC_GND,NA,NA,NA,NA
BB2,ADC_GND,NA,NA,NA,NA
BB4,ADC_GND,NA,NA,NA,NA
BB6,ADC_GND,NA,NA,NA,NA
BB7,ADC_GND,NA,NA,NA,NA
AG12,ADC_SUB_GND,NA,NA,NA,NA
U10,DAC_AVCC,NA,NA,NA,NA
U11,DAC_AVCC,NA,NA,NA,NA
V10,DAC_AVCC,NA,NA,NA,NA
V11,DAC_AVCC,NA,NA,NA,NA
W10,DAC_AVCC,NA,NA,NA,NA
W11,DAC_AVCC,NA,NA,NA,NA
Y10,DAC_AVCC,NA,NA,NA,NA
Y11,DAC_AVCC,NA,NA,NA,NA
P10,DAC_AVCCAUX,NA,NA,NA,NA
P7,DAC_AVCCAUX,NA,NA,NA,NA
P8,DAC_AVCCAUX,NA,NA,NA,NA
P9,DAC_AVCCAUX,NA,NA,NA,NA
R10,DAC_AVCCAUX,NA,NA,NA,NA
R7,DAC_AVCCAUX,NA,NA,NA,NA
R8,DAC_AVCCAUX,NA,NA,NA,NA
R9,DAC_AVCCAUX,NA,NA,NA,NA
U7,DAC_AVTT,NA,NA,NA,NA
U8,DAC_AVTT,NA,NA,NA,NA
V7,DAC_AVTT,NA,NA,NA,NA
V8,DAC_AVTT,NA,NA,NA,NA
W7,DAC_AVTT,NA,NA,NA,NA
W8,DAC_AVTT,NA,NA,NA,NA
Y7,DAC_AVTT,NA,NA,NA,NA
Y8,DAC_AVTT,NA,NA,NA,NA
A2,DAC_GND,NA,NA,NA,NA
A4,DAC_GND,NA,NA,NA,NA
A6,DAC_GND,NA,NA,NA,NA
A7,DAC_GND,NA,NA,NA,NA
AA1,DAC_GND,NA,NA,NA,NA
AA10,DAC_GND,NA,NA,NA,NA
AA11,DAC_GND,NA,NA,NA,NA
AA12,DAC_GND,NA,NA,NA,NA
AA2,DAC_GND,NA,NA,NA,NA
AA3,DAC_GND,NA,NA,NA,NA
AA4,DAC_GND,NA,NA,NA,NA
AA5,DAC_GND,NA,NA,NA,NA
AA6,DAC_GND,NA,NA,NA,NA
AA7,DAC_GND,NA,NA,NA,NA
AA8,DAC_GND,NA,NA,NA,NA
AA9,DAC_GND,NA,NA,NA,NA
B1,DAC_GND,NA,NA,NA,NA
B2,DAC_GND,NA,NA,NA,NA
B4,DAC_GND,NA,NA,NA,NA
B6,DAC_GND,NA,NA,NA,NA
B7,DAC_GND,NA,NA,NA,NA
C1,DAC_GND,NA,NA,NA,NA
C2,DAC_GND,NA,NA,NA,NA
C3,DAC_GND,NA,NA,NA,NA
C5,DAC_GND,NA,NA,NA,NA
C7,DAC_GND,NA,NA,NA,NA
D3,DAC_GND,NA,NA,NA,NA
D5,DAC_GND,NA,NA,NA,NA
D7,DAC_GND,NA,NA,NA,NA
E1,DAC_GND,NA,NA,NA,NA
E2,DAC_GND,NA,NA,NA,NA
E3,DAC_GND,NA,NA,NA,NA
E4,DAC_GND,NA,NA,NA,NA
E5,DAC_GND,NA,NA,NA,NA
E6,DAC_GND,NA,NA,NA,NA
E7,DAC_GND,NA,NA,NA,NA
F3,DAC_GND,NA,NA,NA,NA
F6,DAC_GND,NA,NA,NA,NA
F7,DAC_GND,NA,NA,NA,NA
G1,DAC_GND,NA,NA,NA,NA
G2,DAC_GND,NA,NA,NA,NA
G3,DAC_GND,NA,NA,NA,NA
G4,DAC_GND,NA,NA,NA,NA
G5,DAC_GND,NA,NA,NA,NA
G6,DAC_GND,NA,NA,NA,NA
G7,DAC_GND,NA,NA,NA,NA
H3,DAC_GND,NA,NA,NA,NA
H6,DAC_GND,NA,NA,NA,NA
H7,DAC_GND,NA,NA,NA,NA
J1,DAC_GND,NA,NA,NA,NA
J2,DAC_GND,NA,NA,NA,NA
J3,DAC_GND,NA,NA,NA,NA
J4,DAC_GND,NA,NA,NA,NA
J5,DAC_GND,NA,NA,NA,NA
J6,DAC_GND,NA,NA,NA,NA
J7,DAC_GND,NA,NA,NA,NA
K3,DAC_GND,NA,NA,NA,NA
K6,DAC_GND,NA,NA,NA,NA
K7,DAC_GND,NA,NA,NA,NA
K8,DAC_GND,NA,NA,NA,NA
K9,DAC_GND,NA,NA,NA,NA
L1,DAC_GND,NA,NA,NA,NA
L2,DAC_GND,NA,NA,NA,NA
L3,DAC_GND,NA,NA,NA,NA
L4,DAC_GND,NA,NA,NA,NA
L5,DAC_GND,NA,NA,NA,NA
L6,DAC_GND,NA,NA,NA,NA
L7,DAC_GND,NA,NA,NA,NA
L8,DAC_GND,NA,NA,NA,NA
L9,DAC_GND,NA,NA,NA,NA
M10,DAC_GND,NA,NA,NA,NA
M11,DAC_GND,NA,NA,NA,NA
M12,DAC_GND,NA,NA,NA,NA
M3,DAC_GND,NA,NA,NA,NA
M6,DAC_GND,NA,NA,NA,NA
M7,DAC_GND,NA,NA,NA,NA
M8,DAC_GND,NA,NA,NA,NA
M9,DAC_GND,NA,NA,NA,NA
N1,DAC_GND,NA,NA,NA,NA
N10,DAC_GND,NA,NA,NA,NA
N11,DAC_GND,NA,NA,NA,NA
N12,DAC_GND,NA,NA,NA,NA
N2,DAC_GND,NA,NA,NA,NA
N3,DAC_GND,NA,NA,NA,NA
N4,DAC_GND,NA,NA,NA,NA
N5,DAC_GND,NA,NA,NA,NA
N6,DAC_GND,NA,NA,NA,NA
N7,DAC_GND,NA,NA,NA,NA
N8,DAC_GND,NA,NA,NA,NA
N9,DAC_GND,NA,NA,NA,NA
P11,DAC_GND,NA,NA,NA,NA
P12,DAC_GND,NA,NA,NA,NA
P3,DAC_GND,NA,NA,NA,NA
P6,DAC_GND,NA,NA,NA,NA
R1,DAC_GND,NA,NA,NA,NA
R11,DAC_GND,NA,NA,NA,NA
R2,DAC_GND,NA,NA,NA,NA
R3,DAC_GND,NA,NA,NA,NA
R4,DAC_GND,NA,NA,NA,NA
R5,DAC_GND,NA,NA,NA,NA
R6,DAC_GND,NA,NA,NA,NA
T10,DAC_GND,NA,NA,NA,NA
T11,DAC_GND,NA,NA,NA,NA
T12,DAC_GND,NA,NA,NA,NA
T3,DAC_GND,NA,NA,NA,NA
T6,DAC_GND,NA,NA,NA,NA
T7,DAC_GND,NA,NA,NA,NA
T8,DAC_GND,NA,NA,NA,NA
T9,DAC_GND,NA,NA,NA,NA
U1,DAC_GND,NA,NA,NA,NA
U12,DAC_GND,NA,NA,NA,NA
U2,DAC_GND,NA,NA,NA,NA
U3,DAC_GND,NA,NA,NA,NA
U4,DAC_GND,NA,NA,NA,NA
U5,DAC_GND,NA,NA,NA,NA
U6,DAC_GND,NA,NA,NA,NA
V12,DAC_GND,NA,NA,NA,NA
V3,DAC_GND,NA,NA,NA,NA
V6,DAC_GND,NA,NA,NA,NA
V9,DAC_GND,NA,NA,NA,NA
W1,DAC_GND,NA,NA,NA,NA
W12,DAC_GND,NA,NA,NA,NA
W2,DAC_GND,NA,NA,NA,NA
W3,DAC_GND,NA,NA,NA,NA
W4,DAC_GND,NA,NA,NA,NA
W5,DAC_GND,NA,NA,NA,NA
W6,DAC_GND,NA,NA,NA,NA
W9,DAC_GND,NA,NA,NA,NA
Y12,DAC_GND,NA,NA,NA,NA
Y3,DAC_GND,NA,NA,NA,NA
Y6,DAC_GND,NA,NA,NA,NA
Y9,DAC_GND,NA,NA,NA,NA
R12,DAC_SUB_GND,NA,NA,NA,NA
A11,GND,NA,NA,NA,NA
A16,GND,NA,NA,NA,NA
A21,GND,NA,NA,NA,NA
A26,GND,NA,NA,NA,NA
A31,GND,NA,NA,NA,NA
A35,GND,NA,NA,NA,NA
A38,GND,NA,NA,NA,NA
A39,GND,NA,NA,NA,NA
A40,GND,NA,NA,NA,NA
A41,GND,NA,NA,NA,NA
A8,GND,NA,NA,NA,NA
AA13,GND,NA,NA,NA,NA
AA15,GND,NA,NA,NA,NA
AA17,GND,NA,NA,NA,NA
AA21,GND,NA,NA,NA,NA
AA23,GND,NA,NA,NA,NA
AA25,GND,NA,NA,NA,NA
AA27,GND,NA,NA,NA,NA
AA31,GND,NA,NA,NA,NA
AA33,GND,NA,NA,NA,NA
AA34,GND,NA,NA,NA,NA
AA35,GND,NA,NA,NA,NA
AA38,GND,NA,NA,NA,NA
AA39,GND,NA,NA,NA,NA
AA40,GND,NA,NA,NA,NA
AB14,GND,NA,NA,NA,NA
AB16,GND,NA,NA,NA,NA
AB20,GND,NA,NA,NA,NA
AB22,GND,NA,NA,NA,NA
AB24,GND,NA,NA,NA,NA
AB26,GND,NA,NA,NA,NA
AB29,GND,NA,NA,NA,NA
AB33,GND,NA,NA,NA,NA
AB36,GND,NA,NA,NA,NA
AB37,GND,NA,NA,NA,NA
AB38,GND,NA,NA,NA,NA
AB41,GND,NA,NA,NA,NA
AB42,GND,NA,NA,NA,NA
AC13,GND,NA,NA,NA,NA
AC15,GND,NA,NA,NA,NA
AC17,GND,NA,NA,NA,NA
AC21,GND,NA,NA,NA,NA
AC23,GND,NA,NA,NA,NA
AC25,GND,NA,NA,NA,NA
AC27,GND,NA,NA,NA,NA
AC33,GND,NA,NA,NA,NA
AC35,GND,NA,NA,NA,NA
AC38,GND,NA,NA,NA,NA
AC39,GND,NA,NA,NA,NA
AC40,GND,NA,NA,NA,NA
AD14,GND,NA,NA,NA,NA
AD16,GND,NA,NA,NA,NA
AD18,GND,NA,NA,NA,NA
AD20,GND,NA,NA,NA,NA
AD22,GND,NA,NA,NA,NA
AD24,GND,NA,NA,NA,NA
AD26,GND,NA,NA,NA,NA
AD27,GND,NA,NA,NA,NA
AD30,GND,NA,NA,NA,NA
AD33,GND,NA,NA,NA,NA
AD36,GND,NA,NA,NA,NA
AD38,GND,NA,NA,NA,NA
AD39,GND,NA,NA,NA,NA
AD40,GND,NA,NA,NA,NA
AD41,GND,NA,NA,NA,NA
AD42,GND,NA,NA,NA,NA
AE13,GND,NA,NA,NA,NA
AE15,GND,NA,NA,NA,NA
AE17,GND,NA,NA,NA,NA
AE19,GND,NA,NA,NA,NA
AE21,GND,NA,NA,NA,NA
AE23,GND,NA,NA,NA,NA
AE25,GND,NA,NA,NA,NA
AE27,GND,NA,NA,NA,NA
AE28,GND,NA,NA,NA,NA
AE33,GND,NA,NA,NA,NA
AE35,GND,NA,NA,NA,NA
AE36,GND,NA,NA,NA,NA
AE40,GND,NA,NA,NA,NA
AF14,GND,NA,NA,NA,NA
AF16,GND,NA,NA,NA,NA
AF18,GND,NA,NA,NA,NA
AF20,GND,NA,NA,NA,NA
AF22,GND,NA,NA,NA,NA
AF24,GND,NA,NA,NA,NA
AF26,GND,NA,NA,NA,NA
AF31,GND,NA,NA,NA,NA
AF33,GND,NA,NA,NA,NA
AF36,GND,NA,NA,NA,NA
AF38,GND,NA,NA,NA,NA
AF41,GND,NA,NA,NA,NA
AF42,GND,NA,NA,NA,NA
AG13,GND,NA,NA,NA,NA
AG15,GND,NA,NA,NA,NA
AG17,GND,NA,NA,NA,NA
AG19,GND,NA,NA,NA,NA
AG21,GND,NA,NA,NA,NA
AG23,GND,NA,NA,NA,NA
AG25,GND,NA,NA,NA,NA
AG29,GND,NA,NA,NA,NA
AG33,GND,NA,NA,NA,NA
AG35,GND,NA,NA,NA,NA
AG36,GND,NA,NA,NA,NA
AG39,GND,NA,NA,NA,NA
AG40,GND,NA,NA,NA,NA
AH14,GND,NA,NA,NA,NA
AH17,GND,NA,NA,NA,NA
AH22,GND,NA,NA,NA,NA
AH26,GND,NA,NA,NA,NA
AH27,GND,NA,NA,NA,NA
AH32,GND,NA,NA,NA,NA
AH33,GND,NA,NA,NA,NA
AH34,GND,NA,NA,NA,NA
AH38,GND,NA,NA,NA,NA
AH41,GND,NA,NA,NA,NA
AH42,GND,NA,NA,NA,NA
AJ13,GND,NA,NA,NA,NA
AJ15,GND,NA,NA,NA,NA
AJ20,GND,NA,NA,NA,NA
AJ25,GND,NA,NA,NA,NA
AJ30,GND,NA,NA,NA,NA
AJ33,GND,NA,NA,NA,NA
AJ34,GND,NA,NA,NA,NA
AJ35,GND,NA,NA,NA,NA
AJ36,GND,NA,NA,NA,NA
AJ37,GND,NA,NA,NA,NA
AJ38,GND,NA,NA,NA,NA
AJ39,GND,NA,NA,NA,NA
AJ40,GND,NA,NA,NA,NA
AK18,GND,NA,NA,NA,NA
AK28,GND,NA,NA,NA,NA
AK33,GND,NA,NA,NA,NA
AK40,GND,NA,NA,NA,NA
AK41,GND,NA,NA,NA,NA
AK42,GND,NA,NA,NA,NA
AL12,GND,NA,NA,NA,NA
AL13,GND,NA,NA,NA,NA
AL16,GND,NA,NA,NA,NA
AL21,GND,NA,NA,NA,NA
AL31,GND,NA,NA,NA,NA
AL36,GND,NA,NA,NA,NA
AM12,GND,NA,NA,NA,NA
AM14,GND,NA,NA,NA,NA
AM24,GND,NA,NA,NA,NA
AM29,GND,NA,NA,NA,NA
AM34,GND,NA,NA,NA,NA
AM39,GND,NA,NA,NA,NA
AN10,GND,NA,NA,NA,NA
AN11,GND,NA,NA,NA,NA
AN12,GND,NA,NA,NA,NA
AN17,GND,NA,NA,NA,NA
AN27,GND,NA,NA,NA,NA
AN32,GND,NA,NA,NA,NA
AN37,GND,NA,NA,NA,NA
AN9,GND,NA,NA,NA,NA
AP20,GND,NA,NA,NA,NA
AP30,GND,NA,NA,NA,NA
AP35,GND,NA,NA,NA,NA
AP40,GND,NA,NA,NA,NA
AP9,GND,NA,NA,NA,NA
AR13,GND,NA,NA,NA,NA
AR23,GND,NA,NA,NA,NA
AR9,GND,NA,NA,NA,NA
AT16,GND,NA,NA,NA,NA
AT26,GND,NA,NA,NA,NA
AT31,GND,NA,NA,NA,NA
AT36,GND,NA,NA,NA,NA
AT41,GND,NA,NA,NA,NA
AT9,GND,NA,NA,NA,NA
AU19,GND,NA,NA,NA,NA
AU24,GND,NA,NA,NA,NA
AU29,GND,NA,NA,NA,NA
AU8,GND,NA,NA,NA,NA
AU9,GND,NA,NA,NA,NA
AV12,GND,NA,NA,NA,NA
AV22,GND,NA,NA,NA,NA
AV32,GND,NA,NA,NA,NA
AV37,GND,NA,NA,NA,NA
AV42,GND,NA,NA,NA,NA
AV8,GND,NA,NA,NA,NA
AW15,GND,NA,NA,NA,NA
AW20,GND,NA,NA,NA,NA
AW25,GND,NA,NA,NA,NA
AW30,GND,NA,NA,NA,NA
AW8,GND,NA,NA,NA,NA
AY13,GND,NA,NA,NA,NA
AY18,GND,NA,NA,NA,NA
AY23,GND,NA,NA,NA,NA
AY28,GND,NA,NA,NA,NA
AY33,GND,NA,NA,NA,NA
AY38,GND,NA,NA,NA,NA
AY8,GND,NA,NA,NA,NA
B19,GND,NA,NA,NA,NA
B24,GND,NA,NA,NA,NA
B29,GND,NA,NA,NA,NA
B35,GND,NA,NA,NA,NA
B37,GND,NA,NA,NA,NA
B38,GND,NA,NA,NA,NA
B41,GND,NA,NA,NA,NA
B42,GND,NA,NA,NA,NA
B8,GND,NA,NA,NA,NA
B9,GND,NA,NA,NA,NA
BA11,GND,NA,NA,NA,NA
BA16,GND,NA,NA,NA,NA
BA21,GND,NA,NA,NA,NA
BA26,GND,NA,NA,NA,NA
BA31,GND,NA,NA,NA,NA
BA42,GND,NA,NA,NA,NA
BA8,GND,NA,NA,NA,NA
BB14,GND,NA,NA,NA,NA
BB19,GND,NA,NA,NA,NA
BB24,GND,NA,NA,NA,NA
BB29,GND,NA,NA,NA,NA
BB34,GND,NA,NA,NA,NA
BB39,GND,NA,NA,NA,NA
BB41,GND,NA,NA,NA,NA
BB8,GND,NA,NA,NA,NA
C12,GND,NA,NA,NA,NA
C17,GND,NA,NA,NA,NA
C22,GND,NA,NA,NA,NA
C27,GND,NA,NA,NA,NA
C32,GND,NA,NA,NA,NA
C35,GND,NA,NA,NA,NA
C38,GND,NA,NA,NA,NA
C39,GND,NA,NA,NA,NA
C40,GND,NA,NA,NA,NA
C8,GND,NA,NA,NA,NA
D15,GND,NA,NA,NA,NA
D25,GND,NA,NA,NA,NA
D30,GND,NA,NA,NA,NA
D35,GND,NA,NA,NA,NA
D37,GND,NA,NA,NA,NA
D38,GND,NA,NA,NA,NA
D41,GND,NA,NA,NA,NA
D42,GND,NA,NA,NA,NA
D8,GND,NA,NA,NA,NA
E18,GND,NA,NA,NA,NA
E33,GND,NA,NA,NA,NA
E34,GND,NA,NA,NA,NA
E35,GND,NA,NA,NA,NA
E38,GND,NA,NA,NA,NA
E39,GND,NA,NA,NA,NA
E40,GND,NA,NA,NA,NA
E8,GND,NA,NA,NA,NA
F11,GND,NA,NA,NA,NA
F16,GND,NA,NA,NA,NA
F21,GND,NA,NA,NA,NA
F26,GND,NA,NA,NA,NA
F33,GND,NA,NA,NA,NA
F37,GND,NA,NA,NA,NA
F38,GND,NA,NA,NA,NA
F41,GND,NA,NA,NA,NA
F42,GND,NA,NA,NA,NA
F8,GND,NA,NA,NA,NA
G14,GND,NA,NA,NA,NA
G24,GND,NA,NA,NA,NA
G29,GND,NA,NA,NA,NA
G33,GND,NA,NA,NA,NA
G35,GND,NA,NA,NA,NA
G38,GND,NA,NA,NA,NA
G39,GND,NA,NA,NA,NA
G40,GND,NA,NA,NA,NA
G8,GND,NA,NA,NA,NA
H17,GND,NA,NA,NA,NA
H32,GND,NA,NA,NA,NA
H33,GND,NA,NA,NA,NA
H37,GND,NA,NA,NA,NA
H40,GND,NA,NA,NA,NA
H41,GND,NA,NA,NA,NA
H42,GND,NA,NA,NA,NA
H8,GND,NA,NA,NA,NA
J10,GND,NA,NA,NA,NA
J20,GND,NA,NA,NA,NA
J25,GND,NA,NA,NA,NA
J33,GND,NA,NA,NA,NA
J35,GND,NA,NA,NA,NA
J39,GND,NA,NA,NA,NA
J40,GND,NA,NA,NA,NA
J8,GND,NA,NA,NA,NA
J9,GND,NA,NA,NA,NA
K10,GND,NA,NA,NA,NA
K13,GND,NA,NA,NA,NA
K23,GND,NA,NA,NA,NA
K28,GND,NA,NA,NA,NA
K33,GND,NA,NA,NA,NA
K37,GND,NA,NA,NA,NA
K40,GND,NA,NA,NA,NA
K41,GND,NA,NA,NA,NA
K42,GND,NA,NA,NA,NA
L10,GND,NA,NA,NA,NA
L11,GND,NA,NA,NA,NA
L12,GND,NA,NA,NA,NA
L13,GND,NA,NA,NA,NA
L16,GND,NA,NA,NA,NA
L31,GND,NA,NA,NA,NA
L33,GND,NA,NA,NA,NA
L35,GND,NA,NA,NA,NA
L39,GND,NA,NA,NA,NA
L40,GND,NA,NA,NA,NA
M13,GND,NA,NA,NA,NA
M19,GND,NA,NA,NA,NA
M24,GND,NA,NA,NA,NA
M29,GND,NA,NA,NA,NA
M33,GND,NA,NA,NA,NA
M37,GND,NA,NA,NA,NA
M40,GND,NA,NA,NA,NA
M41,GND,NA,NA,NA,NA
M42,GND,NA,NA,NA,NA
N13,GND,NA,NA,NA,NA
N17,GND,NA,NA,NA,NA
N22,GND,NA,NA,NA,NA
N27,GND,NA,NA,NA,NA
N33,GND,NA,NA,NA,NA
N35,GND,NA,NA,NA,NA
N39,GND,NA,NA,NA,NA
N40,GND,NA,NA,NA,NA
P14,GND,NA,NA,NA,NA
P16,GND,NA,NA,NA,NA
P20,GND,NA,NA,NA,NA
P25,GND,NA,NA,NA,NA
P30,GND,NA,NA,NA,NA
P33,GND,NA,NA,NA,NA
P37,GND,NA,NA,NA,NA
P40,GND,NA,NA,NA,NA
P41,GND,NA,NA,NA,NA
P42,GND,NA,NA,NA,NA
R13,GND,NA,NA,NA,NA
R15,GND,NA,NA,NA,NA
R18,GND,NA,NA,NA,NA
R23,GND,NA,NA,NA,NA
R33,GND,NA,NA,NA,NA
R35,GND,NA,NA,NA,NA
R39,GND,NA,NA,NA,NA
R40,GND,NA,NA,NA,NA
T14,GND,NA,NA,NA,NA
T16,GND,NA,NA,NA,NA
T18,GND,NA,NA,NA,NA
T20,GND,NA,NA,NA,NA
T22,GND,NA,NA,NA,NA
T24,GND,NA,NA,NA,NA
T26,GND,NA,NA,NA,NA
T31,GND,NA,NA,NA,NA
T33,GND,NA,NA,NA,NA
T37,GND,NA,NA,NA,NA
T40,GND,NA,NA,NA,NA
T41,GND,NA,NA,NA,NA
T42,GND,NA,NA,NA,NA
U13,GND,NA,NA,NA,NA
U15,GND,NA,NA,NA,NA
U17,GND,NA,NA,NA,NA
U19,GND,NA,NA,NA,NA
U21,GND,NA,NA,NA,NA
U23,GND,NA,NA,NA,NA
U25,GND,NA,NA,NA,NA
U27,GND,NA,NA,NA,NA
U29,GND,NA,NA,NA,NA
U33,GND,NA,NA,NA,NA
U35,GND,NA,NA,NA,NA
U39,GND,NA,NA,NA,NA
U40,GND,NA,NA,NA,NA
V14,GND,NA,NA,NA,NA
V16,GND,NA,NA,NA,NA
V18,GND,NA,NA,NA,NA
V20,GND,NA,NA,NA,NA
V22,GND,NA,NA,NA,NA
V24,GND,NA,NA,NA,NA
V26,GND,NA,NA,NA,NA
V32,GND,NA,NA,NA,NA
V33,GND,NA,NA,NA,NA
V36,GND,NA,NA,NA,NA
V37,GND,NA,NA,NA,NA
V40,GND,NA,NA,NA,NA
V41,GND,NA,NA,NA,NA
V42,GND,NA,NA,NA,NA
W13,GND,NA,NA,NA,NA
W15,GND,NA,NA,NA,NA
W17,GND,NA,NA,NA,NA
W19,GND,NA,NA,NA,NA
W21,GND,NA,NA,NA,NA
W23,GND,NA,NA,NA,NA
W25,GND,NA,NA,NA,NA
W27,GND,NA,NA,NA,NA
W33,GND,NA,NA,NA,NA
W35,GND,NA,NA,NA,NA
W38,GND,NA,NA,NA,NA
W39,GND,NA,NA,NA,NA
W40,GND,NA,NA,NA,NA
Y14,GND,NA,NA,NA,NA
Y16,GND,NA,NA,NA,NA
Y20,GND,NA,NA,NA,NA
Y22,GND,NA,NA,NA,NA
Y24,GND,NA,NA,NA,NA
Y26,GND,NA,NA,NA,NA
Y28,GND,NA,NA,NA,NA
Y33,GND,NA,NA,NA,NA
Y36,GND,NA,NA,NA,NA
Y37,GND,NA,NA,NA,NA
Y38,GND,NA,NA,NA,NA
Y41,GND,NA,NA,NA,NA
Y42,GND,NA,NA,NA,NA
G34,MGTAVCC,NA,NA,NA,NA
J34,MGTAVCC,NA,NA,NA,NA
K36,MGTAVCC,NA,NA,NA,NA
L34,MGTAVCC,NA,NA,NA,NA
M36,MGTAVCC,NA,NA,NA,NA
P36,MGTAVCC,NA,NA,NA,NA
T36,MGTAVCC,NA,NA,NA,NA
U34,MGTAVCC,NA,NA,NA,NA
W34,MGTAVCC,NA,NA,NA,NA
B36,MGTAVTT,NA,NA,NA,NA
D36,MGTAVTT,NA,NA,NA,NA
F36,MGTAVTT,NA,NA,NA,NA
H36,MGTAVTT,NA,NA,NA,NA
J38,MGTAVTT,NA,NA,NA,NA
L38,MGTAVTT,NA,NA,NA,NA
N38,MGTAVTT,NA,NA,NA,NA
R38,MGTAVTT,NA,NA,NA,NA
U38,MGTAVTT,NA,NA,NA,NA
N34,MGTVCCAUX,NA,NA,NA,NA
R34,MGTVCCAUX,NA,NA,NA,NA
AC34,PS_MGTRAVCC,NA,NA,NA,NA
AE34,PS_MGTRAVCC,NA,NA,NA,NA
AG34,PS_MGTRAVCC,NA,NA,NA,NA
AD37,PS_MGTRAVTT,NA,NA,NA,NA
AE39,PS_MGTRAVTT,NA,NA,NA,NA
AF37,PS_MGTRAVTT,NA,NA,NA,NA
AA14,VCCAUX,NA,NA,NA,NA
AC14,VCCAUX,NA,NA,NA,NA
R14,VCCAUX,NA,NA,NA,NA
U14,VCCAUX,NA,NA,NA,NA
W14,VCCAUX,NA,NA,NA,NA
P15,VCCAUX_IO,NA,NA,NA,NA
R16,VCCAUX_IO,NA,NA,NA,NA
T15,VCCAUX_IO,NA,NA,NA,NA
V15,VCCAUX_IO,NA,NA,NA,NA
Y15,VCCAUX_IO,NA,NA,NA,NA
AG24,VCCBRAM,NA,NA,NA,NA
AG26,VCCBRAM,NA,NA,NA,NA
AH25,VCCBRAM,NA,NA,NA,NA
AA16,VCCINT,NA,NA,NA,NA
AA20,VCCINT,NA,NA,NA,NA
AA22,VCCINT,NA,NA,NA,NA
AA24,VCCINT,NA,NA,NA,NA
AA26,VCCINT,NA,NA,NA,NA
AB17,VCCINT,NA,NA,NA,NA
AB21,VCCINT,NA,NA,NA,NA
AB23,VCCINT,NA,NA,NA,NA
AB25,VCCINT,NA,NA,NA,NA
AB27,VCCINT,NA,NA,NA,NA
AC16,VCCINT,NA,NA,NA,NA
AC20,VCCINT,NA,NA,NA,NA
AC22,VCCINT,NA,NA,NA,NA
AC24,VCCINT,NA,NA,NA,NA
AC26,VCCINT,NA,NA,NA,NA
AD17,VCCINT,NA,NA,NA,NA
AD19,VCCINT,NA,NA,NA,NA
AD21,VCCINT,NA,NA,NA,NA
AD23,VCCINT,NA,NA,NA,NA
AD25,VCCINT,NA,NA,NA,NA
AE16,VCCINT,NA,NA,NA,NA
AE18,VCCINT,NA,NA,NA,NA
AE20,VCCINT,NA,NA,NA,NA
AE22,VCCINT,NA,NA,NA,NA
AE24,VCCINT,NA,NA,NA,NA
AE26,VCCINT,NA,NA,NA,NA
AF17,VCCINT,NA,NA,NA,NA
AF19,VCCINT,NA,NA,NA,NA
AF21,VCCINT,NA,NA,NA,NA
AF23,VCCINT,NA,NA,NA,NA
AF25,VCCINT,NA,NA,NA,NA
AG16,VCCINT,NA,NA,NA,NA
AG18,VCCINT,NA,NA,NA,NA
AG20,VCCINT,NA,NA,NA,NA
AG22,VCCINT,NA,NA,NA,NA
T17,VCCINT,NA,NA,NA,NA
T19,VCCINT,NA,NA,NA,NA
T21,VCCINT,NA,NA,NA,NA
T23,VCCINT,NA,NA,NA,NA
T25,VCCINT,NA,NA,NA,NA
T27,VCCINT,NA,NA,NA,NA
U16,VCCINT,NA,NA,NA,NA
U18,VCCINT,NA,NA,NA,NA
U20,VCCINT,NA,NA,NA,NA
U22,VCCINT,NA,NA,NA,NA
U24,VCCINT,NA,NA,NA,NA
U26,VCCINT,NA,NA,NA,NA
V17,VCCINT,NA,NA,NA,NA
V19,VCCINT,NA,NA,NA,NA
V21,VCCINT,NA,NA,NA,NA
V23,VCCINT,NA,NA,NA,NA
V25,VCCINT,NA,NA,NA,NA
V27,VCCINT,NA,NA,NA,NA
W16,VCCINT,NA,NA,NA,NA
W18,VCCINT,NA,NA,NA,NA
W20,VCCINT,NA,NA,NA,NA
W22,VCCINT,NA,NA,NA,NA
W24,VCCINT,NA,NA,NA,NA
W26,VCCINT,NA,NA,NA,NA
Y17,VCCINT,NA,NA,NA,NA
Y21,VCCINT,NA,NA,NA,NA
Y23,VCCINT,NA,NA,NA,NA
Y25,VCCINT,NA,NA,NA,NA
Y27,VCCINT,NA,NA,NA,NA
AB13,VCCINT_AMS,NA,NA,NA,NA
AD13,VCCINT_AMS,NA,NA,NA,NA
AF13,VCCINT_AMS,NA,NA,NA,NA
AH13,VCCINT_AMS,NA,NA,NA,NA
AK13,VCCINT_AMS,NA,NA,NA,NA
P13,VCCINT_AMS,NA,NA,NA,NA
T13,VCCINT_AMS,NA,NA,NA,NA
V13,VCCINT_AMS,NA,NA,NA,NA
Y13,VCCINT_AMS,NA,NA,NA,NA
AB15,VCCINT_IO,NA,NA,NA,NA
AD15,VCCINT_IO,NA,NA,NA,NA
AE14,VCCINT_IO,NA,NA,NA,NA
AF15,VCCINT_IO,NA,NA,NA,NA
AG14,VCCINT_IO,NA,NA,NA,NA
AD28,VCC_PSAUX,NA,NA,NA,NA
AD29,VCC_PSAUX,NA,NA,NA,NA
AD31,VCC_PSAUX,NA,NA,NA,NA
AD32,VCC_PSAUX,NA,NA,NA,NA
AE29,VCC_PSBATT,NA,NA,NA,NA
AF28,VCC_PSDDR_PLL,NA,NA,NA,NA
AF29,VCC_PSDDR_PLL,NA,NA,NA,NA
AF27,VCC_PSINTFP,NA,NA,NA,NA
AG27,VCC_PSINTFP,NA,NA,NA,NA
AH28,VCC_PSINTFP,NA,NA,NA,NA
AJ27,VCC_PSINTFP,NA,NA,NA,NA
AJ28,VCC_PSINTFP,NA,NA,NA,NA
AJ29,VCC_PSINTFP,NA,NA,NA,NA
AK27,VCC_PSINTFP,NA,NA,NA,NA
AK29,VCC_PSINTFP_DDR,NA,NA,NA,NA
AK30,VCC_PSINTFP_DDR,NA,NA,NA,NA
AK31,VCC_PSINTFP_DDR,NA,NA,NA,NA
AK32,VCC_PSINTFP_DDR,NA,NA,NA,NA
AL29,VCC_PSINTFP_DDR,NA,NA,NA,NA
AL30,VCC_PSINTFP_DDR,NA,NA,NA,NA
AL32,VCC_PSINTFP_DDR,NA,NA,NA,NA
AG28,VCC_PSINTLP,NA,NA,NA,NA
AH29,VCC_PSINTLP,NA,NA,NA,NA
AH30,VCC_PSINTLP,NA,NA,NA,NA
AH31,VCC_PSINTLP,NA,NA,NA,NA
AJ31,VCC_PSINTLP,NA,NA,NA,NA
AJ32,VCC_PSINTLP,NA,NA,NA,NA
AE32,VCC_PSPLL,NA,NA,NA,NA
AF32,VCC_PSPLL,NA,NA,NA,NA
AG31,VCC_PSPLL,NA,NA,NA,NA
AG32,VCC_PSPLL,NA,NA,NA,NA
,,,,,
Total Number of Pins,1760,,,,
