"#  (c) Copyright 2016 Xilinx, Inc. All rights reserved."
"# "
"#  This file contains confidential and proprietary information"
"#  of Xilinx, Inc. and is protected under U.S. and"
"#  international copyright and other intellectual property"
"#  laws."
"# "
"#  DISCLAIMER"
"#  This disclaimer is not a license and does not grant any"
"#  rights to the materials distributed herewith. Except as"
"#  otherwise provided in a valid license issued to you by"
"#  Xilinx, and to the maximum extent permitted by applicable"
"#  law: (1) THESE MATERIALS ARE MADE AVAILABLE ""AS IS"" AND"
"#  WITH ALL FAULTS, AND XILINX HEREBY DISCLAIMS ALL WARRANTIES"
"#  AND CONDITIONS, EXPRESS, IMPLIED, OR STATUTORY, INCLUDING"
"#  BUT NOT LIMITED TO WARRANTIES OF MERCHANTABILITY, NON-"
"#  INFRINGEMENT, OR FITNESS FOR ANY PARTICULAR PURPOSE; and"
"#  (2) Xilinx shall not be liable (whether in contract or tort,"
"#  including negligence, or under any other theory of"
"#  liability) for any loss or damage of any kind or nature"
"#  related to, arising under or in connection with these"
"#  materials, including for any direct, or any indirect,"
"#  special, incidental, or consequential loss or damage"
"#  (including loss of data, profits, goodwill, or any type of"
"#  loss or damage suffered as a result of any action brought"
"#  by a third party) even if such damage or loss was"
"#  reasonably foreseeable or Xilinx had been advised of the"
"#  possibility of the same."
"# "
"#  CRITICAL APPLICATIONS"
"#  Xilinx products are not designed or intended to be fail-"
"#  safe, or for use in any application requiring fail-safe"
"#  performance, such as life-support or safety devices or"
"#  systems, Class III medical devices, nuclear facilities,"
"#  applications related to the deployment of airbags, or any"
"#  other applications that could lead to death, personal"
"#  injury, or severe property or environmental damage"
"#  (individually and collectively, ""Critical"
"#  Applications""). Customer assumes the sole risk and"
"#  liability of any use of Xilinx products in Critical"
"#  Applications, subject only to applicable laws and"
"#  regulations governing limitations on product liability."
"# "
"#  THIS COPYRIGHT NOTICE AND DISCLAIMER MUST BE RETAINED AS"
"#  PART OF THIS FILE AT ALL TIMES."
"# "
"#----------------------------------------------------------------------"
"#  ASCII Pinout File"
"# "
"#  Device   : xczu25drfsve1156"
"#  Date     : 5/12/2018 14:23:57"
"#  Revision : 1.2"
"#  Status   : Production"
"# "
"#  Production package specifications are released coincident"
"#  with production release of a particular device."
"# "
"#----------------------------------------------------------------------"
"#  Modification History"
"#  | Date    : 11/21/2016"
"#  | Revision: 0.1"
"#  | Status  : Evaluation Only"
"#  | Details : Initial Creation for xczu25drffve1156"
"#----------------------------------------------------------------------"
"#  | Date    : 12/16/2016"
"#  | Revision: 0.2"
"#  | Status  : Evaluation Only"
"#  | Details : Updated DC12_FFVE1156 with VCCFEC pins and some pins swap"
"#----------------------------------------------------------------------"
"#  | Date    : 1/24/2017"
"#  | Revision: 0.3"
"#  | Status  : Evaluation Only"
"#  | Details : Updated DC12 E1156 with dummy floating bumps tie off to DAC_AVTT and ADC_GND"
"#----------------------------------------------------------------------"
"#  | Date    : 2/2/2017"
"#  | Revision: 1.0"
"#  | Status  : Engineering Sample"
"#  | Details : Updated DC12 FFVE1156 to Engineering_Sample"
"#----------------------------------------------------------------------"
"#  | Date    : 2/8/2017"
"#  | Revision: 1.1"
"#  | Status  : Engineering Sample"
"#  | Details : correct banking number to -1 for GND_PSADC and VCC_PSADC"
"#----------------------------------------------------------------------"
"#  | Date    : 5/12/2018"
"#  | Revision: 1.2"
"#  | Status  : Production"
"#  | Details : Updated from Engineering Sample to Production"
"#----------------------------------------------------------------------"
,,,,,
Pin,Pin Name,Memory Byte Group,Bank,I/O Type,Super Logic Region
V14,DXN,NA,NA,NA,NA
V15,DXP,NA,NA,NA,NA
R15,GNDADC,NA,NA,NA,NA
AD11,POR_OVERRIDE,NA,NA,NA,NA
AC12,PUDC_B,NA,0,CONFIG,NA
R14,VCCADC,NA,NA,NA,NA
U14,VN,NA,NA,NA,NA
T15,VP,NA,NA,NA,NA
T14,VREFN,NA,NA,NA,NA
U15,VREFP,NA,NA,NA,NA
AF10,IO_L24N_T3U_N11_66,3U,66,HP,NA
AE11,IO_L24P_T3U_N10_66,3U,66,HP,NA
AF11,IO_L23N_T3U_N9_66,3U,66,HP,NA
AF12,IO_L23P_T3U_N8_66,3U,66,HP,NA
AJ9,IO_L22N_T3U_N7_DBC_AD0N_66,3U,66,HP,NA
AJ10,IO_L22P_T3U_N6_DBC_AD0P_66,3U,66,HP,NA
AG9,IO_L21N_T3L_N5_AD8N_66,3L,66,HP,NA
AG10,IO_L21P_T3L_N4_AD8P_66,3L,66,HP,NA
AH9,IO_L20N_T3L_N3_AD1N_66,3L,66,HP,NA
AH10,IO_L20P_T3L_N2_AD1P_66,3L,66,HP,NA
AG11,IO_L19N_T3L_N1_DBC_AD9N_66,3L,66,HP,NA
AG12,IO_L19P_T3L_N0_DBC_AD9P_66,3L,66,HP,NA
AH12,IO_T3U_N12_66,3U,66,HP,NA
AJ12,IO_T2U_N12_66,2U,66,HP,NA
AK11,IO_L18N_T2U_N11_AD2N_66,2U,66,HP,NA
AJ11,IO_L18P_T2U_N10_AD2P_66,2U,66,HP,NA
AK9,IO_L17N_T2U_N9_AD10N_66,2U,66,HP,NA
AK10,IO_L17P_T2U_N8_AD10P_66,2U,66,HP,NA
AL11,IO_L16N_T2U_N7_QBC_AD3N_66,2U,66,HP,NA
AL12,IO_L16P_T2U_N6_QBC_AD3P_66,2U,66,HP,NA
AL13,IO_L15N_T2L_N5_AD11N_66,2L,66,HP,NA
AK13,IO_L15P_T2L_N4_AD11P_66,2L,66,HP,NA
AM11,IO_L14N_T2L_N3_GC_66,2L,66,HP,NA
AM12,IO_L14P_T2L_N2_GC_66,2L,66,HP,NA
AM9,IO_L13N_T2L_N1_GC_QBC_66,2L,66,HP,NA
AL9,IO_L13P_T2L_N0_GC_QBC_66,2L,66,HP,NA
AN10,IO_L12N_T1U_N11_GC_66,1U,66,HP,NA
AM10,IO_L12P_T1U_N10_GC_66,1U,66,HP,NA
AP10,IO_L11N_T1U_N9_GC_66,1U,66,HP,NA
AP11,IO_L11P_T1U_N8_GC_66,1U,66,HP,NA
AM7,IO_L10N_T1U_N7_QBC_AD4N_66,1U,66,HP,NA
AM8,IO_L10P_T1U_N6_QBC_AD4P_66,1U,66,HP,NA
AN7,IO_L9N_T1L_N5_AD12N_66,1L,66,HP,NA
AN8,IO_L9P_T1L_N4_AD12P_66,1L,66,HP,NA
AN12,IO_L8N_T1L_N3_AD5N_66,1L,66,HP,NA
AN13,IO_L8P_T1L_N2_AD5P_66,1L,66,HP,NA
AP12,IO_L7N_T1L_N1_QBC_AD13N_66,1L,66,HP,NA
AP13,IO_L7P_T1L_N0_QBC_AD13P_66,1L,66,HP,NA
AN9,IO_T1U_N12_66,1U,66,HP,NA
AN3,IO_T0U_N12_VRP_66,0U,66,HP,NA
AN1,IO_L6N_T0U_N11_AD6N_66,0U,66,HP,NA
AN2,IO_L6P_T0U_N10_AD6P_66,0U,66,HP,NA
AP2,IO_L5N_T0U_N9_AD14N_66,0U,66,HP,NA
AP3,IO_L5P_T0U_N8_AD14P_66,0U,66,HP,NA
AN4,IO_L4N_T0U_N7_DBC_AD7N_66,0U,66,HP,NA
AN5,IO_L4P_T0U_N6_DBC_AD7P_66,0U,66,HP,NA
AM5,IO_L3N_T0L_N5_AD15N_66,0L,66,HP,NA
AM6,IO_L3P_T0L_N4_AD15P_66,0L,66,HP,NA
AP5,IO_L2N_T0L_N3_66,0L,66,HP,NA
AP6,IO_L2P_T0L_N2_66,0L,66,HP,NA
AP7,IO_L1N_T0L_N1_DBC_66,0L,66,HP,NA
AP8,IO_L1P_T0L_N0_DBC_66,0L,66,HP,NA
AE10,VREF_66,NA,66,HP,NA
AE18,IO_L24N_T3U_N11_PERSTN0_65,3U,65,HP,NA
AD18,IO_L24P_T3U_N10_PERSTN1_I2C_SDA_65,3U,65,HP,NA
AD16,IO_L23N_T3U_N9_65,3U,65,HP,NA
AC17,IO_L23P_T3U_N8_I2C_SCLK_65,3U,65,HP,NA
AC15,IO_L22N_T3U_N7_DBC_AD0N_65,3U,65,HP,NA
AC16,IO_L22P_T3U_N6_DBC_AD0P_65,3U,65,HP,NA
AE15,IO_L21N_T3L_N5_AD8N_65,3L,65,HP,NA
AD15,IO_L21P_T3L_N4_AD8P_65,3L,65,HP,NA
AE13,IO_L20N_T3L_N3_AD1N_65,3L,65,HP,NA
AE14,IO_L20P_T3L_N2_AD1P_65,3L,65,HP,NA
AD13,IO_L19N_T3L_N1_DBC_AD9N_65,3L,65,HP,NA
AC13,IO_L19P_T3L_N0_DBC_AD9P_65,3L,65,HP,NA
AD17,IO_T3U_N12_65,3U,65,HP,NA
AG16,IO_T2U_N12_65,2U,65,HP,NA
AF17,IO_L18N_T2U_N11_AD2N_65,2U,65,HP,NA
AF18,IO_L18P_T2U_N10_AD2P_65,2U,65,HP,NA
AF16,IO_L17N_T2U_N9_AD10N_65,2U,65,HP,NA
AE16,IO_L17P_T2U_N8_AD10P_65,2U,65,HP,NA
AH14,IO_L16N_T2U_N7_QBC_AD3N_65,2U,65,HP,NA
AG14,IO_L16P_T2U_N6_QBC_AD3P_65,2U,65,HP,NA
AF13,IO_L15N_T2L_N5_AD11N_65,2L,65,HP,NA
AF14,IO_L15P_T2L_N4_AD11P_65,2L,65,HP,NA
AH17,IO_L14N_T2L_N3_GC_65,2L,65,HP,NA
AG17,IO_L14P_T2L_N2_GC_65,2L,65,HP,NA
AH15,IO_L13N_T2L_N1_GC_QBC_65,2L,65,HP,NA
AG15,IO_L13P_T2L_N0_GC_QBC_65,2L,65,HP,NA
AK16,IO_L12N_T1U_N11_GC_65,1U,65,HP,NA
AJ17,IO_L12P_T1U_N10_GC_65,1U,65,HP,NA
AJ15,IO_L11N_T1U_N9_GC_65,1U,65,HP,NA
AJ16,IO_L11P_T1U_N8_GC_65,1U,65,HP,NA
AJ18,IO_L10N_T1U_N7_QBC_AD4N_65,1U,65,HP,NA
AH18,IO_L10P_T1U_N6_QBC_AD4P_65,1U,65,HP,NA
AL18,IO_L9N_T1L_N5_AD12N_65,1L,65,HP,NA
AK18,IO_L9P_T1L_N4_AD12P_65,1L,65,HP,NA
AK14,IO_L8N_T1L_N3_AD5N_65,1L,65,HP,NA
AK15,IO_L8P_T1L_N2_AD5P_65,1L,65,HP,NA
AJ13,IO_L7N_T1L_N1_QBC_AD13N_65,1L,65,HP,NA
AH13,IO_L7P_T1L_N0_QBC_AD13P_65,1L,65,HP,NA
AL16,IO_T1U_N12_65,1U,65,HP,NA
AL14,IO_T0U_N12_VRP_65,0U,65,HP,NA
AP17,IO_L6N_T0U_N11_AD6N_65,0U,65,HP,NA
AN18,IO_L6P_T0U_N10_AD6P_65,0U,65,HP,NA
AN17,IO_L5N_T0U_N9_AD14N_65,0U,65,HP,NA
AM17,IO_L5P_T0U_N8_AD14P_65,0U,65,HP,NA
AM16,IO_L4N_T0U_N7_DBC_AD7N_65,0U,65,HP,NA
AL17,IO_L4P_T0U_N6_DBC_AD7P_SMBALERT_65,0U,65,HP,NA
AP15,IO_L3N_T0L_N5_AD15N_65,0L,65,HP,NA
AP16,IO_L3P_T0L_N4_AD15P_65,0L,65,HP,NA
AN15,IO_L2N_T0L_N3_65,0L,65,HP,NA
AM15,IO_L2P_T0L_N2_65,0L,65,HP,NA
AN14,IO_L1N_T0L_N1_DBC_65,0L,65,HP,NA
AM14,IO_L1P_T0L_N0_DBC_65,0L,65,HP,NA
AC14,VREF_65,NA,65,HP,NA
J12,IO_L12N_AD0N_89,NA,89,HD,NA
K12,IO_L12P_AD0P_89,NA,89,HD,NA
H11,IO_L11N_AD1N_89,NA,89,HD,NA
J11,IO_L11P_AD1P_89,NA,89,HD,NA
K10,IO_L10N_AD2N_89,NA,89,HD,NA
K11,IO_L10P_AD2P_89,NA,89,HD,NA
H9,IO_L9N_AD3N_89,NA,89,HD,NA
H10,IO_L9P_AD3P_89,NA,89,HD,NA
G10,IO_L8N_HDGC_AD4N_89,NA,89,HD,NA
G11,IO_L8P_HDGC_AD4P_89,NA,89,HD,NA
F9,IO_L7N_HDGC_AD5N_89,NA,89,HD,NA
F10,IO_L7P_HDGC_AD5P_89,NA,89,HD,NA
E9,IO_L6N_HDGC_AD6N_89,NA,89,HD,NA
E10,IO_L6P_HDGC_AD6P_89,NA,89,HD,NA
D11,IO_L5N_HDGC_AD7N_89,NA,89,HD,NA
E11,IO_L5P_HDGC_AD7P_89,NA,89,HD,NA
C9,IO_L4N_AD8N_89,NA,89,HD,NA
D9,IO_L4P_AD8P_89,NA,89,HD,NA
A9,IO_L3N_AD9N_89,NA,89,HD,NA
A10,IO_L3P_AD9P_89,NA,89,HD,NA
B10,IO_L2N_AD10N_89,NA,89,HD,NA
C10,IO_L2P_AD10P_89,NA,89,HD,NA
B11,IO_L1N_AD11N_89,NA,89,HD,NA
C11,IO_L1P_AD11P_89,NA,89,HD,NA
A12,IO_L12N_AD8N_88,NA,88,HD,NA
B12,IO_L12P_AD8P_88,NA,88,HD,NA
A13,IO_L11N_AD9N_88,NA,88,HD,NA
A14,IO_L11P_AD9P_88,NA,88,HD,NA
B13,IO_L10N_AD10N_88,NA,88,HD,NA
C14,IO_L10P_AD10P_88,NA,88,HD,NA
C13,IO_L9N_AD11N_88,NA,88,HD,NA
D13,IO_L9P_AD11P_88,NA,88,HD,NA
D12,IO_L8N_HDGC_88,NA,88,HD,NA
E12,IO_L8P_HDGC_88,NA,88,HD,NA
D14,IO_L7N_HDGC_88,NA,88,HD,NA
E14,IO_L7P_HDGC_88,NA,88,HD,NA
F12,IO_L6N_HDGC_88,NA,88,HD,NA
G12,IO_L6P_HDGC_88,NA,88,HD,NA
F13,IO_L5N_HDGC_88,NA,88,HD,NA
F14,IO_L5P_HDGC_88,NA,88,HD,NA
G13,IO_L4N_AD12N_88,NA,88,HD,NA
H13,IO_L4P_AD12P_88,NA,88,HD,NA
J13,IO_L3N_AD13N_88,NA,88,HD,NA
J14,IO_L3P_AD13P_88,NA,88,HD,NA
H14,IO_L2N_AD14N_88,NA,88,HD,NA
H15,IO_L2P_AD14P_88,NA,88,HD,NA
K14,IO_L1N_AD15N_88,NA,88,HD,NA
K15,IO_L1P_AD15P_88,NA,88,HD,NA
M29,MGTREFCLK0N_128,NA,128,GTY,NA
M28,MGTREFCLK0P_128,NA,128,GTY,NA
K29,MGTREFCLK1N_128,NA,128,GTY,NA
K28,MGTREFCLK1P_128,NA,128,GTY,NA
P34,MGTYRXN0_128,NA,128,GTY,NA
M34,MGTYRXN1_128,NA,128,GTY,NA
K34,MGTYRXN2_128,NA,128,GTY,NA
H34,MGTYRXN3_128,NA,128,GTY,NA
P33,MGTYRXP0_128,NA,128,GTY,NA
M33,MGTYRXP1_128,NA,128,GTY,NA
K33,MGTYRXP2_128,NA,128,GTY,NA
H33,MGTYRXP3_128,NA,128,GTY,NA
N31,MGTYTXN0_128,NA,128,GTY,NA
L31,MGTYTXN1_128,NA,128,GTY,NA
J31,MGTYTXN2_128,NA,128,GTY,NA
G31,MGTYTXN3_128,NA,128,GTY,NA
N30,MGTYTXP0_128,NA,128,GTY,NA
L30,MGTYTXP1_128,NA,128,GTY,NA
J30,MGTYTXP2_128,NA,128,GTY,NA
G30,MGTYTXP3_128,NA,128,GTY,NA
G29,MGTAVTTRCAL_L,NA,NA,NA,NA
H29,MGTREFCLK0N_129,NA,129,GTY,NA
H28,MGTREFCLK0P_129,NA,129,GTY,NA
F29,MGTREFCLK1N_129,NA,129,GTY,NA
F28,MGTREFCLK1P_129,NA,129,GTY,NA
G28,MGTRREF_L,NA,NA,NA,NA
F34,MGTYRXN0_129,NA,129,GTY,NA
D34,MGTYRXN1_129,NA,129,GTY,NA
B34,MGTYRXN2_129,NA,129,GTY,NA
A32,MGTYRXN3_129,NA,129,GTY,NA
F33,MGTYRXP0_129,NA,129,GTY,NA
D33,MGTYRXP1_129,NA,129,GTY,NA
B33,MGTYRXP2_129,NA,129,GTY,NA
A31,MGTYRXP3_129,NA,129,GTY,NA
E31,MGTYTXN0_129,NA,129,GTY,NA
D29,MGTYTXN1_129,NA,129,GTY,NA
C31,MGTYTXN2_129,NA,129,GTY,NA
B29,MGTYTXN3_129,NA,129,GTY,NA
E30,MGTYTXP0_129,NA,129,GTY,NA
D28,MGTYTXP1_129,NA,129,GTY,NA
C30,MGTYTXP2_129,NA,129,GTY,NA
B28,MGTYTXP3_129,NA,129,GTY,NA
AD4,ADC_CLK_N_224,NA,224,ADC,NA
AD5,ADC_CLK_P_224,NA,224,ADC,NA
AF7,ADC_REXT_224,NA,224,ADC,NA
AJ5,VCM01_224,NA,224,ADC,NA
AJ4,VCM23_224,NA,224,ADC,NA
AK1,ADC_VIN_I01_N_224,NA,224,ADC,NA
AK2,ADC_VIN_I01_P_224,NA,224,ADC,NA
AH1,ADC_VIN_I23_N_224,NA,224,ADC,NA
AH2,ADC_VIN_I23_P_224,NA,224,ADC,NA
AB4,ADC_CLK_N_225,NA,225,ADC,NA
AB5,ADC_CLK_P_225,NA,225,ADC,NA
AH5,VCM01_225,NA,225,ADC,NA
AH4,VCM23_225,NA,225,ADC,NA
AF1,ADC_VIN_I01_N_225,NA,225,ADC,NA
AF2,ADC_VIN_I01_P_225,NA,225,ADC,NA
AD1,ADC_VIN_I23_N_225,NA,225,ADC,NA
AD2,ADC_VIN_I23_P_225,NA,225,ADC,NA
Y4,ADC_CLK_N_226,NA,226,ADC,NA
Y5,ADC_CLK_P_226,NA,226,ADC,NA
AG5,VCM01_226,NA,226,ADC,NA
AG4,VCM23_226,NA,226,ADC,NA
AB1,ADC_VIN_I01_N_226,NA,226,ADC,NA
AB2,ADC_VIN_I01_P_226,NA,226,ADC,NA
Y1,ADC_VIN_I23_N_226,NA,226,ADC,NA
Y2,ADC_VIN_I23_P_226,NA,226,ADC,NA
V4,ADC_CLK_N_227,NA,227,ADC,NA
V5,ADC_CLK_P_227,NA,227,ADC,NA
AF5,VCM01_227,NA,227,ADC,NA
AF4,VCM23_227,NA,227,ADC,NA
V1,ADC_VIN_I01_N_227,NA,227,ADC,NA
V2,ADC_VIN_I01_P_227,NA,227,ADC,NA
T1,ADC_VIN_I23_N_227,NA,227,ADC,NA
T2,ADC_VIN_I23_P_227,NA,227,ADC,NA
L4,DAC_CLK_N_228,NA,228,DAC,NA
L5,DAC_CLK_P_228,NA,228,DAC,NA
F6,DAC_REXT_228,NA,228,DAC,NA
N4,SYSREF_N_228,NA,228,DAC,NA
N5,SYSREF_P_228,NA,228,DAC,NA
N1,DAC_VOUT0_N_228,NA,228,DAC,NA
N2,DAC_VOUT0_P_228,NA,228,DAC,NA
L1,DAC_VOUT1_N_228,NA,228,DAC,NA
L2,DAC_VOUT1_P_228,NA,228,DAC,NA
J1,DAC_VOUT2_N_228,NA,228,DAC,NA
J2,DAC_VOUT2_P_228,NA,228,DAC,NA
G1,DAC_VOUT3_N_228,NA,228,DAC,NA
G2,DAC_VOUT3_P_228,NA,228,DAC,NA
J4,DAC_CLK_N_229,NA,229,DAC,NA
J5,DAC_CLK_P_229,NA,229,DAC,NA
E1,DAC_VOUT0_N_229,NA,229,DAC,NA
E2,DAC_VOUT0_P_229,NA,229,DAC,NA
C1,DAC_VOUT1_N_229,NA,229,DAC,NA
C2,DAC_VOUT1_P_229,NA,229,DAC,NA
A4,DAC_VOUT2_N_229,NA,229,DAC,NA
B4,DAC_VOUT2_P_229,NA,229,DAC,NA
A6,DAC_VOUT3_N_229,NA,229,DAC,NA
B6,DAC_VOUT3_P_229,NA,229,DAC,NA
J17,PS_MIO0,NA,500,PSMIO,NA
J18,PS_MIO1,NA,500,PSMIO,NA
C15,PS_MIO10,NA,500,PSMIO,NA
G16,PS_MIO11,NA,500,PSMIO,NA
B15,PS_MIO12,NA,500,PSMIO,NA
G18,PS_MIO13,NA,500,PSMIO,NA
A15,PS_MIO14,NA,500,PSMIO,NA
D16,PS_MIO15,NA,500,PSMIO,NA
G17,PS_MIO16,NA,500,PSMIO,NA
E16,PS_MIO17,NA,500,PSMIO,NA
F18,PS_MIO18,NA,500,PSMIO,NA
C16,PS_MIO19,NA,500,PSMIO,NA
J16,PS_MIO2,NA,500,PSMIO,NA
B16,PS_MIO20,NA,500,PSMIO,NA
F17,PS_MIO21,NA,500,PSMIO,NA
E17,PS_MIO22,NA,500,PSMIO,NA
D17,PS_MIO23,NA,500,PSMIO,NA
A17,PS_MIO24,NA,500,PSMIO,NA
B17,PS_MIO25,NA,500,PSMIO,NA
K16,PS_MIO3,NA,500,PSMIO,NA
G15,PS_MIO4,NA,500,PSMIO,NA
H18,PS_MIO5,NA,500,PSMIO,NA
H16,PS_MIO6,NA,500,PSMIO,NA
K17,PS_MIO7,NA,500,PSMIO,NA
E15,PS_MIO8,NA,500,PSMIO,NA
F15,PS_MIO9,NA,500,PSMIO,NA
K19,PS_MIO26,NA,501,PSMIO,NA
H19,PS_MIO27,NA,501,PSMIO,NA
J19,PS_MIO28,NA,501,PSMIO,NA
H21,PS_MIO29,NA,501,PSMIO,NA
H20,PS_MIO30,NA,501,PSMIO,NA
G20,PS_MIO31,NA,501,PSMIO,NA
F19,PS_MIO32,NA,501,PSMIO,NA
G21,PS_MIO33,NA,501,PSMIO,NA
D18,PS_MIO34,NA,501,PSMIO,NA
F20,PS_MIO35,NA,501,PSMIO,NA
C18,PS_MIO36,NA,501,PSMIO,NA
E19,PS_MIO37,NA,501,PSMIO,NA
B18,PS_MIO38,NA,501,PSMIO,NA
D19,PS_MIO39,NA,501,PSMIO,NA
A18,PS_MIO40,NA,501,PSMIO,NA
C19,PS_MIO41,NA,501,PSMIO,NA
E20,PS_MIO42,NA,501,PSMIO,NA
A19,PS_MIO43,NA,501,PSMIO,NA
C20,PS_MIO44,NA,501,PSMIO,NA
B20,PS_MIO45,NA,501,PSMIO,NA
A20,PS_MIO46,NA,501,PSMIO,NA
D21,PS_MIO47,NA,501,PSMIO,NA
C21,PS_MIO48,NA,501,PSMIO,NA
E21,PS_MIO49,NA,501,PSMIO,NA
A22,PS_MIO50,NA,501,PSMIO,NA
B21,PS_MIO51,NA,501,PSMIO,NA
G22,PS_MIO52,NA,502,PSMIO,NA
F22,PS_MIO53,NA,502,PSMIO,NA
H23,PS_MIO54,NA,502,PSMIO,NA
D22,PS_MIO55,NA,502,PSMIO,NA
G23,PS_MIO56,NA,502,PSMIO,NA
F23,PS_MIO57,NA,502,PSMIO,NA
B22,PS_MIO58,NA,502,PSMIO,NA
D23,PS_MIO59,NA,502,PSMIO,NA
A23,PS_MIO60,NA,502,PSMIO,NA
E22,PS_MIO61,NA,502,PSMIO,NA
B23,PS_MIO62,NA,502,PSMIO,NA
C23,PS_MIO63,NA,502,PSMIO,NA
D24,PS_MIO64,NA,502,PSMIO,NA
C24,PS_MIO65,NA,502,PSMIO,NA
F24,PS_MIO66,NA,502,PSMIO,NA
F25,PS_MIO67,NA,502,PSMIO,NA
E25,PS_MIO68,NA,502,PSMIO,NA
E24,PS_MIO69,NA,502,PSMIO,NA
B25,PS_MIO70,NA,502,PSMIO,NA
A24,PS_MIO71,NA,502,PSMIO,NA
C25,PS_MIO72,NA,502,PSMIO,NA
A25,PS_MIO73,NA,502,PSMIO,NA
C26,PS_MIO74,NA,502,PSMIO,NA
B26,PS_MIO75,NA,502,PSMIO,NA
E26,PS_MIO76,NA,502,PSMIO,NA
D26,PS_MIO77,NA,502,PSMIO,NA
T24,PS_DONE,NA,503,PSCONFIG,NA
J24,PS_ERROR_OUT,NA,503,PSCONFIG,NA
R26,PS_ERROR_STATUS,NA,503,PSCONFIG,NA
R24,PS_INIT_B,NA,503,PSCONFIG,NA
P26,PS_JTAG_TCK,NA,503,PSCONFIG,NA
M26,PS_JTAG_TDI,NA,503,PSCONFIG,NA
T26,PS_JTAG_TDO,NA,503,PSCONFIG,NA
N25,PS_JTAG_TMS,NA,503,PSCONFIG,NA
L26,PS_MODE0,NA,503,PSCONFIG,NA
L24,PS_MODE1,NA,503,PSCONFIG,NA
K24,PS_MODE2,NA,503,PSCONFIG,NA
M24,PS_MODE3,NA,503,PSCONFIG,NA
K26,PS_PADI,NA,503,PSCONFIG,NA
K25,PS_PADO,NA,503,PSCONFIG,NA
N24,PS_POR_B,NA,503,PSCONFIG,NA
P25,PS_PROG_B,NA,503,PSCONFIG,NA
M25,PS_REF_CLK,NA,503,PSCONFIG,NA
R25,PS_SRST_B,NA,503,PSCONFIG,NA
AN29,PS_DDR_A0,NA,504,PSDDR,NA
AP27,PS_DDR_A1,NA,504,PSDDR,NA
AL28,PS_DDR_A10,NA,504,PSDDR,NA
AM26,PS_DDR_A11,NA,504,PSDDR,NA
AL29,PS_DDR_A12,NA,504,PSDDR,NA
AM25,PS_DDR_A13,NA,504,PSDDR,NA
AM29,PS_DDR_A14,NA,504,PSDDR,NA
AL26,PS_DDR_A15,NA,504,PSDDR,NA
AH25,PS_DDR_A16,NA,504,PSDDR,NA
AG25,PS_DDR_A17,NA,504,PSDDR,NA
AP25,PS_DDR_A2,NA,504,PSDDR,NA
AP26,PS_DDR_A3,NA,504,PSDDR,NA
AN27,PS_DDR_A4,NA,504,PSDDR,NA
AN25,PS_DDR_A5,NA,504,PSDDR,NA
AK26,PS_DDR_A6,NA,504,PSDDR,NA
AK25,PS_DDR_A7,NA,504,PSDDR,NA
AJ26,PS_DDR_A8,NA,504,PSDDR,NA
AJ25,PS_DDR_A9,NA,504,PSDDR,NA
AH27,PS_DDR_ACT_N,NA,504,PSDDR,NA
AE26,PS_DDR_ALERT_N,NA,504,PSDDR,NA
AG26,PS_DDR_BA0,NA,504,PSDDR,NA
AK28,PS_DDR_BA1,NA,504,PSDDR,NA
AJ27,PS_DDR_BG0,NA,504,PSDDR,NA
AJ28,PS_DDR_BG1,NA,504,PSDDR,NA
AN28,PS_DDR_CK0,NA,504,PSDDR,NA
AL27,PS_DDR_CK1,NA,504,PSDDR,NA
AP31,PS_DDR_CKE0,NA,504,PSDDR,NA
AK29,PS_DDR_CKE1,NA,504,PSDDR,NA
AP28,PS_DDR_CK_N0,NA,504,PSDDR,NA
AM27,PS_DDR_CK_N1,NA,504,PSDDR,NA
AN30,PS_DDR_CS_N0,NA,504,PSDDR,NA
AM30,PS_DDR_CS_N1,NA,504,PSDDR,NA
AM20,PS_DDR_DM0,NA,504,PSDDR,NA
AL23,PS_DDR_DM1,NA,504,PSDDR,NA
AH20,PS_DDR_DM2,NA,504,PSDDR,NA
AG22,PS_DDR_DM3,NA,504,PSDDR,NA
AG31,PS_DDR_DM4,NA,504,PSDDR,NA
AJ31,PS_DDR_DM6,NA,504,PSDDR,NA
AE33,PS_DDR_DM7,NA,504,PSDDR,NA
AL33,PS_DDR_DM8,NA,504,PSDDR,NA
AP22,PS_DDR_DQ0,NA,504,PSDDR,NA
AM21,PS_DDR_DQ1,NA,504,PSDDR,NA
AM22,PS_DDR_DQ10,NA,504,PSDDR,NA
AN22,PS_DDR_DQ11,NA,504,PSDDR,NA
AK24,PS_DDR_DQ12,NA,504,PSDDR,NA
AL24,PS_DDR_DQ13,NA,504,PSDDR,NA
AN24,PS_DDR_DQ14,NA,504,PSDDR,NA
AM24,PS_DDR_DQ15,NA,504,PSDDR,NA
AJ22,PS_DDR_DQ16,NA,504,PSDDR,NA
AK21,PS_DDR_DQ17,NA,504,PSDDR,NA
AK20,PS_DDR_DQ18,NA,504,PSDDR,NA
AK19,PS_DDR_DQ19,NA,504,PSDDR,NA
AP21,PS_DDR_DQ2,NA,504,PSDDR,NA
AG21,PS_DDR_DQ20,NA,504,PSDDR,NA
AG19,PS_DDR_DQ21,NA,504,PSDDR,NA
AG20,PS_DDR_DQ22,NA,504,PSDDR,NA
AH19,PS_DDR_DQ23,NA,504,PSDDR,NA
AE23,PS_DDR_DQ24,NA,504,PSDDR,NA
AF23,PS_DDR_DQ25,NA,504,PSDDR,NA
AE25,PS_DDR_DQ26,NA,504,PSDDR,NA
AE24,PS_DDR_DQ27,NA,504,PSDDR,NA
AH23,PS_DDR_DQ28,NA,504,PSDDR,NA
AH22,PS_DDR_DQ29,NA,504,PSDDR,NA
AL21,PS_DDR_DQ3,NA,504,PSDDR,NA
AJ23,PS_DDR_DQ30,NA,504,PSDDR,NA
AH24,PS_DDR_DQ31,NA,504,PSDDR,NA
AE29,PS_DDR_DQ32,NA,504,PSDDR,NA
AF29,PS_DDR_DQ33,NA,504,PSDDR,NA
AE28,PS_DDR_DQ34,NA,504,PSDDR,NA
AF28,PS_DDR_DQ35,NA,504,PSDDR,NA
AJ30,PS_DDR_DQ36,NA,504,PSDDR,NA
AH29,PS_DDR_DQ37,NA,504,PSDDR,NA
AH30,PS_DDR_DQ38,NA,504,PSDDR,NA
AH28,PS_DDR_DQ39,NA,504,PSDDR,NA
AP18,PS_DDR_DQ4,NA,504,PSDDR,NA
AE30,PS_DDR_DQ40,NA,504,PSDDR,NA
AD30,PS_DDR_DQ41,NA,504,PSDDR,NA
AD28,PS_DDR_DQ42,NA,504,PSDDR,NA
AD27,PS_DDR_DQ43,NA,504,PSDDR,NA
AB29,PS_DDR_DQ44,NA,504,PSDDR,NA
AC28,PS_DDR_DQ45,NA,504,PSDDR,NA
AB28,PS_DDR_DQ46,NA,504,PSDDR,NA
AC27,PS_DDR_DQ47,NA,504,PSDDR,NA
AG34,PS_DDR_DQ48,NA,504,PSDDR,NA
AH33,PS_DDR_DQ49,NA,504,PSDDR,NA
AN19,PS_DDR_DQ5,NA,504,PSDDR,NA
AH34,PS_DDR_DQ50,NA,504,PSDDR,NA
AH32,PS_DDR_DQ51,NA,504,PSDDR,NA
AK34,PS_DDR_DQ52,NA,504,PSDDR,NA
AK33,PS_DDR_DQ53,NA,504,PSDDR,NA
AK31,PS_DDR_DQ54,NA,504,PSDDR,NA
AK30,PS_DDR_DQ55,NA,504,PSDDR,NA
AG32,PS_DDR_DQ56,NA,504,PSDDR,NA
AF31,PS_DDR_DQ57,NA,504,PSDDR,NA
AF34,PS_DDR_DQ58,NA,504,PSDDR,NA
AE34,PS_DDR_DQ59,NA,504,PSDDR,NA
AM19,PS_DDR_DQ6,NA,504,PSDDR,NA
AD31,PS_DDR_DM5,NA,504,PSDDR,NA
AE31,PS_DDR_DQ61,NA,504,PSDDR,NA
AD33,PS_DDR_DQ63,NA,504,PSDDR,NA
AD34,PS_DDR_DQ62,NA,504,PSDDR,NA
AD32,PS_DDR_DQ60,NA,504,PSDDR,NA
AP32,PS_DDR_DQ64,NA,504,PSDDR,NA
AM32,PS_DDR_DQ65,NA,504,PSDDR,NA
AL31,PS_DDR_DQ66,NA,504,PSDDR,NA
AL32,PS_DDR_DQ67,NA,504,PSDDR,NA
AP33,PS_DDR_DQ68,NA,504,PSDDR,NA
AM34,PS_DDR_DQ69,NA,504,PSDDR,NA
AL19,PS_DDR_DQ7,NA,504,PSDDR,NA
AN34,PS_DDR_DQ70,NA,504,PSDDR,NA
AL34,PS_DDR_DQ71,NA,504,PSDDR,NA
AL22,PS_DDR_DQ8,NA,504,PSDDR,NA
AK23,PS_DDR_DQ9,NA,504,PSDDR,NA
AP20,PS_DDR_DQS_N0,NA,504,PSDDR,NA
AP23,PS_DDR_DQS_N1,NA,504,PSDDR,NA
AJ21,PS_DDR_DQS_N2,NA,504,PSDDR,NA
AG24,PS_DDR_DQS_N3,NA,504,PSDDR,NA
AG30,PS_DDR_DQS_N4,NA,504,PSDDR,NA
AC30,PS_DDR_DQS_N5,NA,504,PSDDR,NA
AJ33,PS_DDR_DQS_N6,NA,504,PSDDR,NA
AF33,PS_DDR_DQS_N7,NA,504,PSDDR,NA
AN33,PS_DDR_DQS_N8,NA,504,PSDDR,NA
AN20,PS_DDR_DQS_P0,NA,504,PSDDR,NA
AN23,PS_DDR_DQS_P1,NA,504,PSDDR,NA
AJ20,PS_DDR_DQS_P2,NA,504,PSDDR,NA
AF24,PS_DDR_DQS_P3,NA,504,PSDDR,NA
AG29,PS_DDR_DQS_P4,NA,504,PSDDR,NA
AC29,PS_DDR_DQS_P5,NA,504,PSDDR,NA
AJ32,PS_DDR_DQS_P6,NA,504,PSDDR,NA
AF32,PS_DDR_DQS_P7,NA,504,PSDDR,NA
AN32,PS_DDR_DQS_P8,NA,504,PSDDR,NA
AP30,PS_DDR_ODT0,NA,504,PSDDR,NA
AM31,PS_DDR_ODT1,NA,504,PSDDR,NA
AG27,PS_DDR_PARITY,NA,504,PSDDR,NA
AF27,PS_DDR_RAM_RST_N,NA,504,PSDDR,NA
AF26,PS_DDR_ZQ,NA,504,PSDDR,NA
AB34,PS_MGTRRXN0_505,NA,505,PSGTR,NA
Y34,PS_MGTRRXN1_505,NA,505,PSGTR,NA
V34,PS_MGTRRXN2_505,NA,505,PSGTR,NA
T34,PS_MGTRRXN3_505,NA,505,PSGTR,NA
AB33,PS_MGTRRXP0_505,NA,505,PSGTR,NA
Y33,PS_MGTRRXP1_505,NA,505,PSGTR,NA
V33,PS_MGTRRXP2_505,NA,505,PSGTR,NA
T33,PS_MGTRRXP3_505,NA,505,PSGTR,NA
AA32,PS_MGTRTXN0_505,NA,505,PSGTR,NA
W32,PS_MGTRTXN1_505,NA,505,PSGTR,NA
U32,PS_MGTRTXN2_505,NA,505,PSGTR,NA
R31,PS_MGTRTXN3_505,NA,505,PSGTR,NA
AA31,PS_MGTRTXP0_505,NA,505,PSGTR,NA
W31,PS_MGTRTXP1_505,NA,505,PSGTR,NA
U31,PS_MGTRTXP2_505,NA,505,PSGTR,NA
R30,PS_MGTRTXP3_505,NA,505,PSGTR,NA
Y30,PS_MGTREFCLK0N_505,NA,505,PSGTR,NA
Y29,PS_MGTREFCLK0P_505,NA,505,PSGTR,NA
V30,PS_MGTREFCLK1N_505,NA,505,PSGTR,NA
V29,PS_MGTREFCLK1P_505,NA,505,PSGTR,NA
T29,PS_MGTREFCLK2N_505,NA,505,PSGTR,NA
T28,PS_MGTREFCLK2P_505,NA,505,PSGTR,NA
P29,PS_MGTREFCLK3N_505,NA,505,PSGTR,NA
P28,PS_MGTREFCLK3P_505,NA,505,PSGTR,NA
T31,PS_MGTRREF_505,NA,NA,NA,NA
W25,VCC_PSADC,NA,NA,NA,NA
W26,GND_PSADC,NA,NA,NA,NA
AF15,VCCO_65,NA,65,NA,NA
AJ14,VCCO_65,NA,65,NA,NA
AK17,VCCO_65,NA,65,NA,NA
AE12,VCCO_66,NA,66,NA,NA
AH11,VCCO_66,NA,66,NA,NA
AL10,VCCO_66,NA,66,NA,NA
E13,VCCO_88,NA,88,NA,NA
H12,VCCO_88,NA,88,NA,NA
D10,VCCO_89,NA,89,NA,NA
G9,VCCO_89,NA,89,NA,NA
C17,VCCO_PSIO0_500,NA,500,NA,NA
F16,VCCO_PSIO0_500,NA,500,NA,NA
D20,VCCO_PSIO1_501,NA,501,NA,NA
G19,VCCO_PSIO1_501,NA,501,NA,NA
E23,VCCO_PSIO2_502,NA,502,NA,NA
G25,VCCO_PSIO2_502,NA,502,NA,NA
N26,VCCO_PSIO3_503,NA,503,NA,NA
T25,VCCO_PSIO3_503,NA,503,NA,NA
AF25,VCCO_PSDDR_504,NA,504,NA,NA
AG28,VCCO_PSDDR_504,NA,504,NA,NA
AK27,VCCO_PSDDR_504,NA,504,NA,NA
AL30,VCCO_PSDDR_504,NA,504,NA,NA
AN26,VCCO_PSDDR_504,NA,504,NA,NA
AP29,VCCO_PSDDR_504,NA,504,NA,NA
AA7,ADC_AVCC,NA,NA,NA,NA
AB7,ADC_AVCC,NA,NA,NA,NA
AC7,ADC_AVCC,NA,NA,NA,NA
AD7,ADC_AVCC,NA,NA,NA,NA
AE7,ADC_AVCC,NA,NA,NA,NA
W7,ADC_AVCC,NA,NA,NA,NA
Y7,ADC_AVCC,NA,NA,NA,NA
AG7,ADC_AVCCAUX,NA,NA,NA,NA
AH7,ADC_AVCCAUX,NA,NA,NA,NA
AJ7,ADC_AVCCAUX,NA,NA,NA,NA
AK7,ADC_AVCCAUX,NA,NA,NA,NA
AA1,ADC_GND,NA,NA,NA,NA
AA2,ADC_GND,NA,NA,NA,NA
AA3,ADC_GND,NA,NA,NA,NA
AA4,ADC_GND,NA,NA,NA,NA
AA5,ADC_GND,NA,NA,NA,NA
AA6,ADC_GND,NA,NA,NA,NA
AA8,ADC_GND,NA,NA,NA,NA
AB3,ADC_GND,NA,NA,NA,NA
AB6,ADC_GND,NA,NA,NA,NA
AB8,ADC_GND,NA,NA,NA,NA
AC1,ADC_GND,NA,NA,NA,NA
AC2,ADC_GND,NA,NA,NA,NA
AC3,ADC_GND,NA,NA,NA,NA
AC4,ADC_GND,NA,NA,NA,NA
AC5,ADC_GND,NA,NA,NA,NA
AC6,ADC_GND,NA,NA,NA,NA
AD3,ADC_GND,NA,NA,NA,NA
AD6,ADC_GND,NA,NA,NA,NA
AD8,ADC_GND,NA,NA,NA,NA
AE1,ADC_GND,NA,NA,NA,NA
AE2,ADC_GND,NA,NA,NA,NA
AE3,ADC_GND,NA,NA,NA,NA
AE4,ADC_GND,NA,NA,NA,NA
AE5,ADC_GND,NA,NA,NA,NA
AE6,ADC_GND,NA,NA,NA,NA
AE8,ADC_GND,NA,NA,NA,NA
AF3,ADC_GND,NA,NA,NA,NA
AF6,ADC_GND,NA,NA,NA,NA
AF8,ADC_GND,NA,NA,NA,NA
AG1,ADC_GND,NA,NA,NA,NA
AG2,ADC_GND,NA,NA,NA,NA
AG3,ADC_GND,NA,NA,NA,NA
AG6,ADC_GND,NA,NA,NA,NA
AH3,ADC_GND,NA,NA,NA,NA
AH6,ADC_GND,NA,NA,NA,NA
AJ1,ADC_GND,NA,NA,NA,NA
AJ2,ADC_GND,NA,NA,NA,NA
AJ3,ADC_GND,NA,NA,NA,NA
AJ6,ADC_GND,NA,NA,NA,NA
AK3,ADC_GND,NA,NA,NA,NA
AK4,ADC_GND,NA,NA,NA,NA
AK5,ADC_GND,NA,NA,NA,NA
AK6,ADC_GND,NA,NA,NA,NA
AL1,ADC_GND,NA,NA,NA,NA
AL2,ADC_GND,NA,NA,NA,NA
AL3,ADC_GND,NA,NA,NA,NA
R1,ADC_GND,NA,NA,NA,NA
R2,ADC_GND,NA,NA,NA,NA
R3,ADC_GND,NA,NA,NA,NA
T3,ADC_GND,NA,NA,NA,NA
T4,ADC_GND,NA,NA,NA,NA
T5,ADC_GND,NA,NA,NA,NA
U1,ADC_GND,NA,NA,NA,NA
U2,ADC_GND,NA,NA,NA,NA
U3,ADC_GND,NA,NA,NA,NA
U4,ADC_GND,NA,NA,NA,NA
U5,ADC_GND,NA,NA,NA,NA
U6,ADC_GND,NA,NA,NA,NA
V3,ADC_GND,NA,NA,NA,NA
V6,ADC_GND,NA,NA,NA,NA
V7,ADC_GND,NA,NA,NA,NA
V8,ADC_GND,NA,NA,NA,NA
W1,ADC_GND,NA,NA,NA,NA
W2,ADC_GND,NA,NA,NA,NA
W3,ADC_GND,NA,NA,NA,NA
W4,ADC_GND,NA,NA,NA,NA
W5,ADC_GND,NA,NA,NA,NA
W6,ADC_GND,NA,NA,NA,NA
W8,ADC_GND,NA,NA,NA,NA
Y3,ADC_GND,NA,NA,NA,NA
Y6,ADC_GND,NA,NA,NA,NA
Y8,ADC_GND,NA,NA,NA,NA
AC8,ADC_SUB_GND,NA,NA,NA,NA
G6,DAC_AVCC,NA,NA,NA,NA
G7,DAC_AVCC,NA,NA,NA,NA
H7,DAC_AVCC,NA,NA,NA,NA
J7,DAC_AVCC,NA,NA,NA,NA
K7,DAC_AVCC,NA,NA,NA,NA
L7,DAC_AVCC,NA,NA,NA,NA
M7,DAC_AVCC,NA,NA,NA,NA
N7,DAC_AVCC,NA,NA,NA,NA
P7,DAC_AVCC,NA,NA,NA,NA
D6,DAC_AVCCAUX,NA,NA,NA,NA
D7,DAC_AVCCAUX,NA,NA,NA,NA
E6,DAC_AVCCAUX,NA,NA,NA,NA
E7,DAC_AVCCAUX,NA,NA,NA,NA
D4,DAC_AVTT,NA,NA,NA,NA
E4,DAC_AVTT,NA,NA,NA,NA
F4,DAC_AVTT,NA,NA,NA,NA
G4,DAC_AVTT,NA,NA,NA,NA
A1,DAC_GND,NA,NA,NA,NA
A2,DAC_GND,NA,NA,NA,NA
A3,DAC_GND,NA,NA,NA,NA
A5,DAC_GND,NA,NA,NA,NA
A7,DAC_GND,NA,NA,NA,NA
B1,DAC_GND,NA,NA,NA,NA
B2,DAC_GND,NA,NA,NA,NA
B3,DAC_GND,NA,NA,NA,NA
B5,DAC_GND,NA,NA,NA,NA
B7,DAC_GND,NA,NA,NA,NA
C3,DAC_GND,NA,NA,NA,NA
C4,DAC_GND,NA,NA,NA,NA
C5,DAC_GND,NA,NA,NA,NA
C6,DAC_GND,NA,NA,NA,NA
C7,DAC_GND,NA,NA,NA,NA
D1,DAC_GND,NA,NA,NA,NA
D2,DAC_GND,NA,NA,NA,NA
D3,DAC_GND,NA,NA,NA,NA
D5,DAC_GND,NA,NA,NA,NA
E3,DAC_GND,NA,NA,NA,NA
E5,DAC_GND,NA,NA,NA,NA
F1,DAC_GND,NA,NA,NA,NA
F2,DAC_GND,NA,NA,NA,NA
F3,DAC_GND,NA,NA,NA,NA
F5,DAC_GND,NA,NA,NA,NA
F7,DAC_GND,NA,NA,NA,NA
G3,DAC_GND,NA,NA,NA,NA
G5,DAC_GND,NA,NA,NA,NA
H1,DAC_GND,NA,NA,NA,NA
H2,DAC_GND,NA,NA,NA,NA
H3,DAC_GND,NA,NA,NA,NA
H4,DAC_GND,NA,NA,NA,NA
H5,DAC_GND,NA,NA,NA,NA
H6,DAC_GND,NA,NA,NA,NA
J3,DAC_GND,NA,NA,NA,NA
J6,DAC_GND,NA,NA,NA,NA
J8,DAC_GND,NA,NA,NA,NA
K1,DAC_GND,NA,NA,NA,NA
K2,DAC_GND,NA,NA,NA,NA
K3,DAC_GND,NA,NA,NA,NA
K4,DAC_GND,NA,NA,NA,NA
K5,DAC_GND,NA,NA,NA,NA
K6,DAC_GND,NA,NA,NA,NA
K8,DAC_GND,NA,NA,NA,NA
L3,DAC_GND,NA,NA,NA,NA
L6,DAC_GND,NA,NA,NA,NA
M1,DAC_GND,NA,NA,NA,NA
M2,DAC_GND,NA,NA,NA,NA
M3,DAC_GND,NA,NA,NA,NA
M4,DAC_GND,NA,NA,NA,NA
M5,DAC_GND,NA,NA,NA,NA
M6,DAC_GND,NA,NA,NA,NA
M8,DAC_GND,NA,NA,NA,NA
N3,DAC_GND,NA,NA,NA,NA
N6,DAC_GND,NA,NA,NA,NA
N8,DAC_GND,NA,NA,NA,NA
P1,DAC_GND,NA,NA,NA,NA
P2,DAC_GND,NA,NA,NA,NA
P3,DAC_GND,NA,NA,NA,NA
P4,DAC_GND,NA,NA,NA,NA
P5,DAC_GND,NA,NA,NA,NA
P6,DAC_GND,NA,NA,NA,NA
P8,DAC_GND,NA,NA,NA,NA
R4,DAC_GND,NA,NA,NA,NA
R5,DAC_GND,NA,NA,NA,NA
R6,DAC_GND,NA,NA,NA,NA
R7,DAC_GND,NA,NA,NA,NA
R8,DAC_GND,NA,NA,NA,NA
T6,DAC_GND,NA,NA,NA,NA
T7,DAC_GND,NA,NA,NA,NA
T8,DAC_GND,NA,NA,NA,NA
U7,DAC_GND,NA,NA,NA,NA
U8,DAC_GND,NA,NA,NA,NA
L8,DAC_SUB_GND,NA,NA,NA,NA
A11,GND,NA,NA,NA,NA
A16,GND,NA,NA,NA,NA
A21,GND,NA,NA,NA,NA
A26,GND,NA,NA,NA,NA
A27,GND,NA,NA,NA,NA
A29,GND,NA,NA,NA,NA
A30,GND,NA,NA,NA,NA
A33,GND,NA,NA,NA,NA
A34,GND,NA,NA,NA,NA
A8,GND,NA,NA,NA,NA
AA11,GND,NA,NA,NA,NA
AA13,GND,NA,NA,NA,NA
AA15,GND,NA,NA,NA,NA
AA17,GND,NA,NA,NA,NA
AA19,GND,NA,NA,NA,NA
AA21,GND,NA,NA,NA,NA
AA25,GND,NA,NA,NA,NA
AA28,GND,NA,NA,NA,NA
AA29,GND,NA,NA,NA,NA
AA30,GND,NA,NA,NA,NA
AA34,GND,NA,NA,NA,NA
AA9,GND,NA,NA,NA,NA
AB10,GND,NA,NA,NA,NA
AB12,GND,NA,NA,NA,NA
AB14,GND,NA,NA,NA,NA
AB16,GND,NA,NA,NA,NA
AB19,GND,NA,NA,NA,NA
AB21,GND,NA,NA,NA,NA
AB22,GND,NA,NA,NA,NA
AB30,GND,NA,NA,NA,NA
AB32,GND,NA,NA,NA,NA
AC11,GND,NA,NA,NA,NA
AC18,GND,NA,NA,NA,NA
AC19,GND,NA,NA,NA,NA
AC26,GND,NA,NA,NA,NA
AC21,GND,NA,NA,NA,NA
AC34,GND,NA,NA,NA,NA
AC33,GND,NA,NA,NA,NA
AC32,GND,NA,NA,NA,NA
AC31,GND,NA,NA,NA,NA
AC9,GND,NA,NA,NA,NA
AD10,GND,NA,NA,NA,NA
AD12,GND,NA,NA,NA,NA
AD14,GND,NA,NA,NA,NA
AD22,GND,NA,NA,NA,NA
AD24,GND,NA,NA,NA,NA
AD29,GND,NA,NA,NA,NA
AE17,GND,NA,NA,NA,NA
AE19,GND,NA,NA,NA,NA
AE21,GND,NA,NA,NA,NA
AE27,GND,NA,NA,NA,NA
AE32,GND,NA,NA,NA,NA
AE9,GND,NA,NA,NA,NA
AF22,GND,NA,NA,NA,NA
AF30,GND,NA,NA,NA,NA
AF9,GND,NA,NA,NA,NA
AG13,GND,NA,NA,NA,NA
AG18,GND,NA,NA,NA,NA
AG23,GND,NA,NA,NA,NA
AG33,GND,NA,NA,NA,NA
AG8,GND,NA,NA,NA,NA
AH16,GND,NA,NA,NA,NA
AH21,GND,NA,NA,NA,NA
AH26,GND,NA,NA,NA,NA
AH31,GND,NA,NA,NA,NA
AH8,GND,NA,NA,NA,NA
AJ19,GND,NA,NA,NA,NA
AJ24,GND,NA,NA,NA,NA
AJ29,GND,NA,NA,NA,NA
AJ34,GND,NA,NA,NA,NA
AJ8,GND,NA,NA,NA,NA
AK12,GND,NA,NA,NA,NA
AK22,GND,NA,NA,NA,NA
AK32,GND,NA,NA,NA,NA
AK8,GND,NA,NA,NA,NA
AL15,GND,NA,NA,NA,NA
AL20,GND,NA,NA,NA,NA
AL25,GND,NA,NA,NA,NA
AL4,GND,NA,NA,NA,NA
AL5,GND,NA,NA,NA,NA
AL6,GND,NA,NA,NA,NA
AL7,GND,NA,NA,NA,NA
AL8,GND,NA,NA,NA,NA
AM1,GND,NA,NA,NA,NA
AM13,GND,NA,NA,NA,NA
AM18,GND,NA,NA,NA,NA
AM2,GND,NA,NA,NA,NA
AM23,GND,NA,NA,NA,NA
AM28,GND,NA,NA,NA,NA
AM3,GND,NA,NA,NA,NA
AM33,GND,NA,NA,NA,NA
AM4,GND,NA,NA,NA,NA
AN11,GND,NA,NA,NA,NA
AN16,GND,NA,NA,NA,NA
AN21,GND,NA,NA,NA,NA
AN31,GND,NA,NA,NA,NA
AN6,GND,NA,NA,NA,NA
AP1,GND,NA,NA,NA,NA
AP14,GND,NA,NA,NA,NA
AP19,GND,NA,NA,NA,NA
AP24,GND,NA,NA,NA,NA
AP34,GND,NA,NA,NA,NA
AP4,GND,NA,NA,NA,NA
AP9,GND,NA,NA,NA,NA
B14,GND,NA,NA,NA,NA
B19,GND,NA,NA,NA,NA
B24,GND,NA,NA,NA,NA
B27,GND,NA,NA,NA,NA
B30,GND,NA,NA,NA,NA
B31,GND,NA,NA,NA,NA
B32,GND,NA,NA,NA,NA
B8,GND,NA,NA,NA,NA
B9,GND,NA,NA,NA,NA
C12,GND,NA,NA,NA,NA
C22,GND,NA,NA,NA,NA
C27,GND,NA,NA,NA,NA
C29,GND,NA,NA,NA,NA
C32,GND,NA,NA,NA,NA
C33,GND,NA,NA,NA,NA
C34,GND,NA,NA,NA,NA
C8,GND,NA,NA,NA,NA
D15,GND,NA,NA,NA,NA
D25,GND,NA,NA,NA,NA
D27,GND,NA,NA,NA,NA
D31,GND,NA,NA,NA,NA
D32,GND,NA,NA,NA,NA
D8,GND,NA,NA,NA,NA
E18,GND,NA,NA,NA,NA
E27,GND,NA,NA,NA,NA
E29,GND,NA,NA,NA,NA
E32,GND,NA,NA,NA,NA
E33,GND,NA,NA,NA,NA
E34,GND,NA,NA,NA,NA
E8,GND,NA,NA,NA,NA
F11,GND,NA,NA,NA,NA
F21,GND,NA,NA,NA,NA
F26,GND,NA,NA,NA,NA
F27,GND,NA,NA,NA,NA
F31,GND,NA,NA,NA,NA
F32,GND,NA,NA,NA,NA
F8,GND,NA,NA,NA,NA
G14,GND,NA,NA,NA,NA
G24,GND,NA,NA,NA,NA
G27,GND,NA,NA,NA,NA
G32,GND,NA,NA,NA,NA
G33,GND,NA,NA,NA,NA
G34,GND,NA,NA,NA,NA
G8,GND,NA,NA,NA,NA
H17,GND,NA,NA,NA,NA
H22,GND,NA,NA,NA,NA
H27,GND,NA,NA,NA,NA
H31,GND,NA,NA,NA,NA
H32,GND,NA,NA,NA,NA
H8,GND,NA,NA,NA,NA
J10,GND,NA,NA,NA,NA
J15,GND,NA,NA,NA,NA
J21,GND,NA,NA,NA,NA
J23,GND,NA,NA,NA,NA
J26,GND,NA,NA,NA,NA
J27,GND,NA,NA,NA,NA
J29,GND,NA,NA,NA,NA
J32,GND,NA,NA,NA,NA
J33,GND,NA,NA,NA,NA
J34,GND,NA,NA,NA,NA
J9,GND,NA,NA,NA,NA
K13,GND,NA,NA,NA,NA
K18,GND,NA,NA,NA,NA
K21,GND,NA,NA,NA,NA
K23,GND,NA,NA,NA,NA
K27,GND,NA,NA,NA,NA
K31,GND,NA,NA,NA,NA
K32,GND,NA,NA,NA,NA
L11,GND,NA,NA,NA,NA
L13,GND,NA,NA,NA,NA
L15,GND,NA,NA,NA,NA
L17,GND,NA,NA,NA,NA
L19,GND,NA,NA,NA,NA
L21,GND,NA,NA,NA,NA
L23,GND,NA,NA,NA,NA
L25,GND,NA,NA,NA,NA
L27,GND,NA,NA,NA,NA
L29,GND,NA,NA,NA,NA
L32,GND,NA,NA,NA,NA
L33,GND,NA,NA,NA,NA
L34,GND,NA,NA,NA,NA
L9,GND,NA,NA,NA,NA
M10,GND,NA,NA,NA,NA
M12,GND,NA,NA,NA,NA
M14,GND,NA,NA,NA,NA
M16,GND,NA,NA,NA,NA
M19,GND,NA,NA,NA,NA
M21,GND,NA,NA,NA,NA
M23,GND,NA,NA,NA,NA
M27,GND,NA,NA,NA,NA
M31,GND,NA,NA,NA,NA
M32,GND,NA,NA,NA,NA
N11,GND,NA,NA,NA,NA
N13,GND,NA,NA,NA,NA
N15,GND,NA,NA,NA,NA
N17,GND,NA,NA,NA,NA
N19,GND,NA,NA,NA,NA
N21,GND,NA,NA,NA,NA
N23,GND,NA,NA,NA,NA
N27,GND,NA,NA,NA,NA
N29,GND,NA,NA,NA,NA
N32,GND,NA,NA,NA,NA
N33,GND,NA,NA,NA,NA
N34,GND,NA,NA,NA,NA
N9,GND,NA,NA,NA,NA
P10,GND,NA,NA,NA,NA
P12,GND,NA,NA,NA,NA
P14,GND,NA,NA,NA,NA
P16,GND,NA,NA,NA,NA
P19,GND,NA,NA,NA,NA
P21,GND,NA,NA,NA,NA
P23,GND,NA,NA,NA,NA
P24,GND,NA,NA,NA,NA
P27,GND,NA,NA,NA,NA
P30,GND,NA,NA,NA,NA
P31,GND,NA,NA,NA,NA
P32,GND,NA,NA,NA,NA
R11,GND,NA,NA,NA,NA
R13,GND,NA,NA,NA,NA
R17,GND,NA,NA,NA,NA
R19,GND,NA,NA,NA,NA
R21,GND,NA,NA,NA,NA
R23,GND,NA,NA,NA,NA
R27,GND,NA,NA,NA,NA
R29,GND,NA,NA,NA,NA
R32,GND,NA,NA,NA,NA
R33,GND,NA,NA,NA,NA
R34,GND,NA,NA,NA,NA
R9,GND,NA,NA,NA,NA
T10,GND,NA,NA,NA,NA
T12,GND,NA,NA,NA,NA
T16,GND,NA,NA,NA,NA
T19,GND,NA,NA,NA,NA
T21,GND,NA,NA,NA,NA
T23,GND,NA,NA,NA,NA
T27,GND,NA,NA,NA,NA
T30,GND,NA,NA,NA,NA
T32,GND,NA,NA,NA,NA
U11,GND,NA,NA,NA,NA
U13,GND,NA,NA,NA,NA
U17,GND,NA,NA,NA,NA
U19,GND,NA,NA,NA,NA
U21,GND,NA,NA,NA,NA
U23,GND,NA,NA,NA,NA
U27,GND,NA,NA,NA,NA
U29,GND,NA,NA,NA,NA
U30,GND,NA,NA,NA,NA
U34,GND,NA,NA,NA,NA
U9,GND,NA,NA,NA,NA
V10,GND,NA,NA,NA,NA
V12,GND,NA,NA,NA,NA
V16,GND,NA,NA,NA,NA
V19,GND,NA,NA,NA,NA
V21,GND,NA,NA,NA,NA
V23,GND,NA,NA,NA,NA
V26,GND,NA,NA,NA,NA
V27,GND,NA,NA,NA,NA
V28,GND,NA,NA,NA,NA
V32,GND,NA,NA,NA,NA
W11,GND,NA,NA,NA,NA
W13,GND,NA,NA,NA,NA
W15,GND,NA,NA,NA,NA
W17,GND,NA,NA,NA,NA
W19,GND,NA,NA,NA,NA
W21,GND,NA,NA,NA,NA
W23,GND,NA,NA,NA,NA
W24,GND,NA,NA,NA,NA
W28,GND,NA,NA,NA,NA
W30,GND,NA,NA,NA,NA
W34,GND,NA,NA,NA,NA
W9,GND,NA,NA,NA,NA
Y10,GND,NA,NA,NA,NA
Y12,GND,NA,NA,NA,NA
Y14,GND,NA,NA,NA,NA
Y16,GND,NA,NA,NA,NA
Y19,GND,NA,NA,NA,NA
Y21,GND,NA,NA,NA,NA
Y22,GND,NA,NA,NA,NA
Y28,GND,NA,NA,NA,NA
Y32,GND,NA,NA,NA,NA
AD20,GND,NA,NA,NA,NA
AF20,GND,NA,NA,NA,NA
AA33,GND,NA,NA,NA,NA
U33,GND,NA,NA,NA,NA
W33,GND,NA,NA,NA,NA
Y18,GND,NA,NA,NA,NA
A28,MGTAVCC,NA,NA,NA,NA
C28,MGTAVCC,NA,NA,NA,NA
E28,MGTAVCC,NA,NA,NA,NA
N28,MGTAVCC,NA,NA,NA,NA
D30,MGTAVTT,NA,NA,NA,NA
F30,MGTAVTT,NA,NA,NA,NA
H30,MGTAVTT,NA,NA,NA,NA
K30,MGTAVTT,NA,NA,NA,NA
M30,MGTAVTT,NA,NA,NA,NA
J28,MGTVCCAUX,NA,NA,NA,NA
L28,MGTVCCAUX,NA,NA,NA,NA
G26,NC,NA,NA,NA,NA
H24,NC,NA,NA,NA,NA
H25,NC,NA,NA,NA,NA
H26,NC,NA,NA,NA,NA
J25,NC,NA,NA,NA,NA
R28,PS_MGTRAVCC,NA,NA,NA,NA
U28,PS_MGTRAVCC,NA,NA,NA,NA
W29,PS_MGTRAVCC,NA,NA,NA,NA
V31,PS_MGTRAVTT,NA,NA,NA,NA
AB31,PS_MGTRAVTT,NA,NA,NA,NA
Y31,PS_MGTRAVTT,NA,NA,NA,NA
L10,VCCAUX,NA,NA,NA,NA
N10,VCCAUX,NA,NA,NA,NA
R10,VCCAUX,NA,NA,NA,NA
AA10,VCCAUX_IO,NA,NA,NA,NA
AC10,VCCAUX_IO,NA,NA,NA,NA
U10,VCCAUX_IO,NA,NA,NA,NA
W10,VCCAUX_IO,NA,NA,NA,NA
AA20,VCCSDFEC,NA,NA,NA,NA
AB20,VCCSDFEC,NA,NA,NA,NA
AC20,VCCSDFEC,NA,NA,NA,NA
AE20,VCCSDFEC,NA,NA,NA,NA
J20,VCCSDFEC,NA,NA,NA,NA
K20,VCCSDFEC,NA,NA,NA,NA
L20,VCCSDFEC,NA,NA,NA,NA
M20,VCCSDFEC,NA,NA,NA,NA
N20,VCCSDFEC,NA,NA,NA,NA
P20,VCCSDFEC,NA,NA,NA,NA
R20,VCCSDFEC,NA,NA,NA,NA
T20,VCCSDFEC,NA,NA,NA,NA
U20,VCCSDFEC,NA,NA,NA,NA
V20,VCCSDFEC,NA,NA,NA,NA
W20,VCCSDFEC,NA,NA,NA,NA
Y20,VCCSDFEC,NA,NA,NA,NA
AD21,VCCSDFEC,NA,NA,NA,NA
AF21,VCCSDFEC,NA,NA,NA,NA
AA12,VCCINT,NA,NA,NA,NA
AA14,VCCINT,NA,NA,NA,NA
AA16,VCCINT,NA,NA,NA,NA
AA22,VCCINT,NA,NA,NA,NA
AB11,VCCINT,NA,NA,NA,NA
AB13,VCCINT,NA,NA,NA,NA
AB15,VCCINT,NA,NA,NA,NA
AC22,VCCINT,NA,NA,NA,NA
AE22,VCCINT,NA,NA,NA,NA
J22,VCCINT,NA,NA,NA,NA
K22,VCCINT,NA,NA,NA,NA
L12,VCCINT,NA,NA,NA,NA
L14,VCCINT,NA,NA,NA,NA
L16,VCCINT,NA,NA,NA,NA
L18,VCCINT,NA,NA,NA,NA
L22,VCCINT,NA,NA,NA,NA
M11,VCCINT,NA,NA,NA,NA
M13,VCCINT,NA,NA,NA,NA
M15,VCCINT,NA,NA,NA,NA
M17,VCCINT,NA,NA,NA,NA
M18,VCCINT,NA,NA,NA,NA
M22,VCCINT,NA,NA,NA,NA
N12,VCCINT,NA,NA,NA,NA
N14,VCCINT,NA,NA,NA,NA
N16,VCCINT,NA,NA,NA,NA
N18,VCCINT,NA,NA,NA,NA
N22,VCCINT,NA,NA,NA,NA
P11,VCCINT,NA,NA,NA,NA
P13,VCCINT,NA,NA,NA,NA
P15,VCCINT,NA,NA,NA,NA
P17,VCCINT,NA,NA,NA,NA
P18,VCCINT,NA,NA,NA,NA
P22,VCCINT,NA,NA,NA,NA
R12,VCCINT,NA,NA,NA,NA
R16,VCCINT,NA,NA,NA,NA
R18,VCCINT,NA,NA,NA,NA
R22,VCCINT,NA,NA,NA,NA
T11,VCCINT,NA,NA,NA,NA
T13,VCCINT,NA,NA,NA,NA
T17,VCCINT,NA,NA,NA,NA
T18,VCCINT,NA,NA,NA,NA
T22,VCCINT,NA,NA,NA,NA
U12,VCCINT,NA,NA,NA,NA
U16,VCCINT,NA,NA,NA,NA
U18,VCCINT,NA,NA,NA,NA
U22,VCCINT,NA,NA,NA,NA
V11,VCCINT,NA,NA,NA,NA
V13,VCCINT,NA,NA,NA,NA
V17,VCCINT,NA,NA,NA,NA
V18,VCCINT,NA,NA,NA,NA
V22,VCCINT,NA,NA,NA,NA
W12,VCCINT,NA,NA,NA,NA
W14,VCCINT,NA,NA,NA,NA
W16,VCCINT,NA,NA,NA,NA
W18,VCCINT,NA,NA,NA,NA
W22,VCCINT,NA,NA,NA,NA
Y11,VCCINT,NA,NA,NA,NA
Y13,VCCINT,NA,NA,NA,NA
Y15,VCCINT,NA,NA,NA,NA
Y17,VCCINT,NA,NA,NA,NA
AA18,VCCBRAM,NA,NA,NA,NA
AB17,VCCBRAM,NA,NA,NA,NA
AB18,VCCBRAM,NA,NA,NA,NA
AB9,VCCINT_AMS,NA,NA,NA,NA
AD9,VCCINT_AMS,NA,NA,NA,NA
K9,VCCINT_AMS,NA,NA,NA,NA
M9,VCCINT_AMS,NA,NA,NA,NA
P9,VCCINT_AMS,NA,NA,NA,NA
T9,VCCINT_AMS,NA,NA,NA,NA
V9,VCCINT_AMS,NA,NA,NA,NA
Y9,VCCINT_AMS,NA,NA,NA,NA
AD19,VCCINT_IO,NA,NA,NA,NA
AF19,VCCINT_IO,NA,NA,NA,NA
U24,VCC_PSAUX,NA,NA,NA,NA
U25,VCC_PSAUX,NA,NA,NA,NA
U26,VCC_PSAUX,NA,NA,NA,NA
V25,VCC_PSAUX,NA,NA,NA,NA
V24,VCC_PSBATT,NA,NA,NA,NA
Y24,VCC_PSDDR_PLL,NA,NA,NA,NA
Y25,VCC_PSDDR_PLL,NA,NA,NA,NA
AA23,VCC_PSINTFP,NA,NA,NA,NA
AB23,VCC_PSINTFP,NA,NA,NA,NA
AB24,VCC_PSINTFP,NA,NA,NA,NA
AC23,VCC_PSINTFP,NA,NA,NA,NA
AC24,VCC_PSINTFP,NA,NA,NA,NA
AD23,VCC_PSINTFP,NA,NA,NA,NA
Y23,VCC_PSINTFP,NA,NA,NA,NA
AC25,VCC_PSINTFP_DDR,NA,NA,NA,NA
AD25,VCC_PSINTFP_DDR,NA,NA,NA,NA
AD26,VCC_PSINTFP_DDR,NA,NA,NA,NA
AA24,VCC_PSINTLP,NA,NA,NA,NA
AA26,VCC_PSINTLP,NA,NA,NA,NA
AA27,VCC_PSINTLP,NA,NA,NA,NA
AB25,VCC_PSINTLP,NA,NA,NA,NA
AB26,VCC_PSINTLP,NA,NA,NA,NA
AB27,VCC_PSINTLP,NA,NA,NA,NA
W27,VCC_PSPLL,NA,NA,NA,NA
Y26,VCC_PSPLL,NA,NA,NA,NA
Y27,VCC_PSPLL,NA,NA,NA,NA
,,,,,
Total Number of Pins,1156,,,,
