"#  (c) Copyright 2016 Xilinx, Inc. All rights reserved."
"# "
"#  This file contains confidential and proprietary information"
"#  of Xilinx, Inc. and is protected under U.S. and"
"#  international copyright and other intellectual property"
"#  laws."
"# "
"#  DISCLAIMER"
"#  This disclaimer is not a license and does not grant any"
"#  rights to the materials distributed herewith. Except as"
"#  otherwise provided in a valid license issued to you by"
"#  Xilinx, and to the maximum extent permitted by applicable"
"#  law: (1) THESE MATERIALS ARE MADE AVAILABLE ""AS IS"" AND"
"#  WITH ALL FAULTS, AND XILINX HEREBY DISCLAIMS ALL WARRANTIES"
"#  AND CONDITIONS, EXPRESS, IMPLIED, OR STATUTORY, INCLUDING"
"#  BUT NOT LIMITED TO WARRANTIES OF MERCHANTABILITY, NON-"
"#  INFRINGEMENT, OR FITNESS FOR ANY PARTICULAR PURPOSE; and"
"#  (2) Xilinx shall not be liable (whether in contract or tort,"
"#  including negligence, or under any other theory of"
"#  liability) for any loss or damage of any kind or nature"
"#  related to, arising under or in connection with these"
"#  materials, including for any direct, or any indirect,"
"#  special, incidental, or consequential loss or damage"
"#  (including loss of data, profits, goodwill, or any type of"
"#  loss or damage suffered as a result of any action brought"
"#  by a third party) even if such damage or loss was"
"#  reasonably foreseeable or Xilinx had been advised of the"
"#  possibility of the same."
"# "
"#  CRITICAL APPLICATIONS"
"#  Xilinx products are not designed or intended to be fail-"
"#  safe, or for use in any application requiring fail-safe"
"#  performance, such as life-support or safety devices or"
"#  systems, Class III medical devices, nuclear facilities,"
"#  applications related to the deployment of airbags, or any"
"#  other applications that could lead to death, personal"
"#  injury, or severe property or environmental damage"
"#  (individually and collectively, ""Critical"
"#  Applications""). Customer assumes the sole risk and"
"#  liability of any use of Xilinx products in Critical"
"#  Applications, subject only to applicable laws and"
"#  regulations governing limitations on product liability."
"# "
"#  THIS COPYRIGHT NOTICE AND DISCLAIMER MUST BE RETAINED AS"
"#  PART OF THIS FILE AT ALL TIMES."
"# "
"#----------------------------------------------------------------------"
"#  ASCII Pinout File"
"# "
"#  Device   : xczu9egffvb1156"
"#  Date     : 3/3/2017 15:32:12"
"#  Revision : 1.1"
"#  Status   : Production"
"# "
"#  Production package specifications are released coincident"
"#  with production release of a particular device."
"# "
"#----------------------------------------------------------------------"
"#  Modification History"
"#  | Date    : 10/6/2016"
"#  | Revision: 1.0"
"#  | Status  : Engineering Sample"
"#  | Details : Initial creation."
"#----------------------------------------------------------------------"
"#  | Date    : 3/3/2017"
"#  | Revision: 1.1"
"#  | Status  : Production"
"#  | Details : Updated from Engineering Sample to Production"
"#----------------------------------------------------------------------"
,,,,,
Pin,Pin Name,Memory Byte Group,Bank,I/O Type,Super Logic Region
W17,DXN,NA,NA,NA,NA
T18,VCCADC,NA,NA,NA,NA
T17,GNDADC,NA,NA,NA,NA
W18,DXP,NA,NA,NA,NA
V18,VREFP,NA,NA,NA,NA
U17,VREFN,NA,NA,NA,NA
U18,VP,NA,NA,NA,NA
V17,VN,NA,NA,NA,NA
AD15,PUDC_B,NA,0,CONFIG,NA
AD14,POR_OVERRIDE,NA,NA,NA,NA
J15,IO_L12N_AD8N_50,NA,50,HD,NA
J16,IO_L12P_AD8P_50,NA,50,HD,NA
G16,IO_L11N_AD9N_50,NA,50,HD,NA
H16,IO_L11P_AD9P_50,NA,50,HD,NA
H14,IO_L10N_AD10N_50,NA,50,HD,NA
J14,IO_L10P_AD10P_50,NA,50,HD,NA
G14,IO_L9N_AD11N_50,NA,50,HD,NA
G15,IO_L9P_AD11P_50,NA,50,HD,NA
G13,IO_L8N_HDGC_50,NA,50,HD,NA
H13,IO_L8P_HDGC_50,NA,50,HD,NA
H12,IO_L7N_HDGC_50,NA,50,HD,NA
J12,IO_L7P_HDGC_50,NA,50,HD,NA
F11,IO_L6N_HDGC_50,NA,50,HD,NA
F12,IO_L6P_HDGC_50,NA,50,HD,NA
G11,IO_L5N_HDGC_50,NA,50,HD,NA
H11,IO_L5P_HDGC_50,NA,50,HD,NA
D10,IO_L4N_AD12N_50,NA,50,HD,NA
D11,IO_L4P_AD12P_50,NA,50,HD,NA
E10,IO_L3N_AD13N_50,NA,50,HD,NA
F10,IO_L3P_AD13P_50,NA,50,HD,NA
G10,IO_L2N_AD14N_50,NA,50,HD,NA
H10,IO_L2P_AD14P_50,NA,50,HD,NA
J10,IO_L1N_AD15N_50,NA,50,HD,NA
J11,IO_L1P_AD15P_50,NA,50,HD,NA
E13,IO_L12N_AD8N_49,NA,49,HD,NA
F13,IO_L12P_AD8P_49,NA,49,HD,NA
D12,IO_L11N_AD9N_49,NA,49,HD,NA
E12,IO_L11P_AD9P_49,NA,49,HD,NA
B12,IO_L10N_AD10N_49,NA,49,HD,NA
C12,IO_L10P_AD10P_49,NA,49,HD,NA
A12,IO_L9N_AD11N_49,NA,49,HD,NA
A13,IO_L9P_AD11P_49,NA,49,HD,NA
B13,IO_L8N_HDGC_49,NA,49,HD,NA
C13,IO_L8P_HDGC_49,NA,49,HD,NA
B14,IO_L7N_HDGC_49,NA,49,HD,NA
C14,IO_L7P_HDGC_49,NA,49,HD,NA
D14,IO_L6N_HDGC_49,NA,49,HD,NA
E14,IO_L6P_HDGC_49,NA,49,HD,NA
D15,IO_L5N_HDGC_49,NA,49,HD,NA
E15,IO_L5P_HDGC_49,NA,49,HD,NA
A15,IO_L4N_AD12N_49,NA,49,HD,NA
B15,IO_L4P_AD12P_49,NA,49,HD,NA
A16,IO_L3N_AD13N_49,NA,49,HD,NA
B16,IO_L3P_AD13P_49,NA,49,HD,NA
C16,IO_L2N_AD14N_49,NA,49,HD,NA
D16,IO_L2P_AD14P_49,NA,49,HD,NA
F15,IO_L1N_AD15N_49,NA,49,HD,NA
F16,IO_L1P_AD15P_49,NA,49,HD,NA
A18,IO_L12N_AD8N_48,NA,48,HD,NA
A17,IO_L12P_AD8P_48,NA,48,HD,NA
C19,IO_L11N_AD9N_48,NA,48,HD,NA
C18,IO_L11P_AD9P_48,NA,48,HD,NA
B19,IO_L10N_AD10N_48,NA,48,HD,NA
B18,IO_L10P_AD10P_48,NA,48,HD,NA
C17,IO_L9N_AD11N_48,NA,48,HD,NA
D17,IO_L9P_AD11P_48,NA,48,HD,NA
E18,IO_L8N_HDGC_48,NA,48,HD,NA
E17,IO_L8P_HDGC_48,NA,48,HD,NA
D19,IO_L7N_HDGC_48,NA,48,HD,NA
E19,IO_L7P_HDGC_48,NA,48,HD,NA
F18,IO_L6N_HDGC_48,NA,48,HD,NA
F17,IO_L6P_HDGC_48,NA,48,HD,NA
G19,IO_L5N_HDGC_48,NA,48,HD,NA
G18,IO_L5P_HDGC_48,NA,48,HD,NA
K17,IO_L4N_AD12N_48,NA,48,HD,NA
L17,IO_L4P_AD12P_48,NA,48,HD,NA
K18,IO_L3N_AD13N_48,NA,48,HD,NA
L18,IO_L3P_AD13P_48,NA,48,HD,NA
H17,IO_L2N_AD14N_48,NA,48,HD,NA
J17,IO_L2P_AD14P_48,NA,48,HD,NA
H19,IO_L1N_AD15N_48,NA,48,HD,NA
H18,IO_L1P_AD15P_48,NA,48,HD,NA
A20,IO_L12N_AD0N_47,NA,47,HD,NA
B20,IO_L12P_AD0P_47,NA,47,HD,NA
A22,IO_L11N_AD1N_47,NA,47,HD,NA
A21,IO_L11P_AD1P_47,NA,47,HD,NA
B21,IO_L10N_AD2N_47,NA,47,HD,NA
C21,IO_L10P_AD2P_47,NA,47,HD,NA
C22,IO_L9N_AD3N_47,NA,47,HD,NA
D21,IO_L9P_AD3P_47,NA,47,HD,NA
D20,IO_L8N_HDGC_AD4N_47,NA,47,HD,NA
E20,IO_L8P_HDGC_AD4P_47,NA,47,HD,NA
D22,IO_L7N_HDGC_AD5N_47,NA,47,HD,NA
E22,IO_L7P_HDGC_AD5P_47,NA,47,HD,NA
F20,IO_L6N_HDGC_AD6N_47,NA,47,HD,NA
G20,IO_L6P_HDGC_AD6P_47,NA,47,HD,NA
F21,IO_L5N_HDGC_AD7N_47,NA,47,HD,NA
G21,IO_L5P_HDGC_AD7P_47,NA,47,HD,NA
J20,IO_L4N_AD8N_47,NA,47,HD,NA
J19,IO_L4P_AD8P_47,NA,47,HD,NA
H21,IO_L3N_AD9N_47,NA,47,HD,NA
J21,IO_L3P_AD9P_47,NA,47,HD,NA
K19,IO_L2N_AD10N_47,NA,47,HD,NA
L19,IO_L2P_AD10P_47,NA,47,HD,NA
K20,IO_L1N_AD11N_47,NA,47,HD,NA
L20,IO_L1P_AD11P_47,NA,47,HD,NA
AE14,IO_L12N_AD0N_44,NA,44,HD,NA
AE15,IO_L12P_AD0P_44,NA,44,HD,NA
AG15,IO_L11N_AD1N_44,NA,44,HD,NA
AF15,IO_L11P_AD1P_44,NA,44,HD,NA
AG13,IO_L10N_AD2N_44,NA,44,HD,NA
AG14,IO_L10P_AD2P_44,NA,44,HD,NA
AF13,IO_L9N_AD3N_44,NA,44,HD,NA
AE13,IO_L9P_AD3P_44,NA,44,HD,NA
AJ14,IO_L8N_HDGC_AD4N_44,NA,44,HD,NA
AJ15,IO_L8P_HDGC_AD4P_44,NA,44,HD,NA
AH13,IO_L7N_HDGC_AD5N_44,NA,44,HD,NA
AH14,IO_L7P_HDGC_AD5P_44,NA,44,HD,NA
AL12,IO_L6N_HDGC_AD6N_44,NA,44,HD,NA
AK13,IO_L6P_HDGC_AD6P_44,NA,44,HD,NA
AK14,IO_L5N_HDGC_AD7N_44,NA,44,HD,NA
AK15,IO_L5P_HDGC_AD7P_44,NA,44,HD,NA
AM13,IO_L4N_AD8N_44,NA,44,HD,NA
AL13,IO_L4P_AD8P_44,NA,44,HD,NA
AP12,IO_L3N_AD9N_44,NA,44,HD,NA
AN12,IO_L3P_AD9P_44,NA,44,HD,NA
AN13,IO_L2N_AD10N_44,NA,44,HD,NA
AM14,IO_L2P_AD10P_44,NA,44,HD,NA
AP14,IO_L1N_AD11N_44,NA,44,HD,NA
AN14,IO_L1P_AD11P_44,NA,44,HD,NA
K15,IO_L24N_T3U_N11_67,3U,67,HP,NA
L15,IO_L24P_T3U_N10_67,3U,67,HP,NA
K13,IO_L23N_T3U_N9_67,3U,67,HP,NA
L13,IO_L23P_T3U_N8_67,3U,67,HP,NA
M13,IO_L22N_T3U_N7_DBC_AD0N_67,3U,67,HP,NA
N13,IO_L22P_T3U_N6_DBC_AD0P_67,3U,67,HP,NA
N12,IO_L21N_T3L_N5_AD8N_67,3L,67,HP,NA
P12,IO_L21P_T3L_N4_AD8P_67,3L,67,HP,NA
M14,IO_L20N_T3L_N3_AD1N_67,3L,67,HP,NA
M15,IO_L20P_T3L_N2_AD1P_67,3L,67,HP,NA
K16,IO_L19N_T3L_N1_DBC_AD9N_67,3L,67,HP,NA
L16,IO_L19P_T3L_N0_DBC_AD9P_67,3L,67,HP,NA
K14,IO_T3U_N12_67,3U,67,HP,NA
K10,IO_T2U_N12_67,2U,67,HP,NA
K12,IO_L18N_T2U_N11_AD2N_67,2U,67,HP,NA
L12,IO_L18P_T2U_N10_AD2P_67,2U,67,HP,NA
L11,IO_L17N_T2U_N9_AD10N_67,2U,67,HP,NA
M11,IO_L17P_T2U_N8_AD10P_67,2U,67,HP,NA
N8,IO_L16N_T2U_N7_QBC_AD3N_67,2U,67,HP,NA
N9,IO_L16P_T2U_N6_QBC_AD3P_67,2U,67,HP,NA
L10,IO_L15N_T2L_N5_AD11N_67,2L,67,HP,NA
M10,IO_L15P_T2L_N4_AD11P_67,2L,67,HP,NA
P9,IO_L14N_T2L_N3_GC_67,2L,67,HP,NA
P10,IO_L14P_T2L_N2_GC_67,2L,67,HP,NA
N11,IO_L13N_T2L_N1_GC_QBC_67,2L,67,HP,NA
P11,IO_L13P_T2L_N0_GC_QBC_67,2L,67,HP,NA
R8,IO_L12N_T1U_N11_GC_67,1U,67,HP,NA
T8,IO_L12P_T1U_N10_GC_67,1U,67,HP,NA
R9,IO_L11N_T1U_N9_GC_67,1U,67,HP,NA
R10,IO_L11P_T1U_N8_GC_67,1U,67,HP,NA
T6,IO_L10N_T1U_N7_QBC_AD4N_67,1U,67,HP,NA
T7,IO_L10P_T1U_N6_QBC_AD4P_67,1U,67,HP,NA
U8,IO_L9N_T1L_N5_AD12N_67,1L,67,HP,NA
U9,IO_L9P_T1L_N4_AD12P_67,1L,67,HP,NA
U6,IO_L8N_T1L_N3_AD5N_67,1L,67,HP,NA
V6,IO_L8P_T1L_N2_AD5P_67,1L,67,HP,NA
V7,IO_L7N_T1L_N1_QBC_AD13N_67,1L,67,HP,NA
V8,IO_L7P_T1L_N0_QBC_AD13P_67,1L,67,HP,NA
V9,IO_T1U_N12_67,1U,67,HP,NA
W10,IO_T0U_N12_VRP_67,0U,67,HP,NA
T11,IO_L6N_T0U_N11_AD6N_67,0U,67,HP,NA
U11,IO_L6P_T0U_N10_AD6P_67,0U,67,HP,NA
V11,IO_L5N_T0U_N9_AD14N_67,0U,67,HP,NA
V12,IO_L5P_T0U_N8_AD14P_67,0U,67,HP,NA
R12,IO_L4N_T0U_N7_DBC_AD7N_67,0U,67,HP,NA
T12,IO_L4P_T0U_N6_DBC_AD7P_67,0U,67,HP,NA
T10,IO_L3N_T0L_N5_AD15N_67,0L,67,HP,NA
U10,IO_L3P_T0L_N4_AD15P_67,0L,67,HP,NA
R13,IO_L2N_T0L_N3_67,0L,67,HP,NA
T13,IO_L2P_T0L_N2_67,0L,67,HP,NA
W11,IO_L1N_T0L_N1_DBC_67,0L,67,HP,NA
W12,IO_L1P_T0L_N0_DBC_67,0L,67,HP,NA
N14,VREF_67,NA,67,HP,NA
W1,IO_L24N_T3U_N11_66,3U,66,HP,NA
W2,IO_L24P_T3U_N10_66,3U,66,HP,NA
V1,IO_L23N_T3U_N9_66,3U,66,HP,NA
V2,IO_L23P_T3U_N8_66,3U,66,HP,NA
Y1,IO_L22N_T3U_N7_DBC_AD0N_66,3U,66,HP,NA
Y2,IO_L22P_T3U_N6_DBC_AD0P_66,3U,66,HP,NA
AA1,IO_L21N_T3L_N5_AD8N_66,3L,66,HP,NA
AA2,IO_L21P_T3L_N4_AD8P_66,3L,66,HP,NA
AC3,IO_L20N_T3L_N3_AD1N_66,3L,66,HP,NA
AB3,IO_L20P_T3L_N2_AD1P_66,3L,66,HP,NA
AC1,IO_L19N_T3L_N1_DBC_AD9N_66,3L,66,HP,NA
AC2,IO_L19P_T3L_N0_DBC_AD9P_66,3L,66,HP,NA
AB1,IO_T3U_N12_66,3U,66,HP,NA
AA3,IO_T2U_N12_66,2U,66,HP,NA
U4,IO_L18N_T2U_N11_AD2N_66,2U,66,HP,NA
U5,IO_L18P_T2U_N10_AD2P_66,2U,66,HP,NA
V3,IO_L17N_T2U_N9_AD10N_66,2U,66,HP,NA
V4,IO_L17P_T2U_N8_AD10P_66,2U,66,HP,NA
AC4,IO_L16N_T2U_N7_QBC_AD3N_66,2U,66,HP,NA
AB4,IO_L16P_T2U_N6_QBC_AD3P_66,2U,66,HP,NA
W4,IO_L15N_T2L_N5_AD11N_66,2L,66,HP,NA
W5,IO_L15P_T2L_N4_AD11P_66,2L,66,HP,NA
AA5,IO_L14N_T2L_N3_GC_66,2L,66,HP,NA
Y5,IO_L14P_T2L_N2_GC_66,2L,66,HP,NA
Y3,IO_L13N_T2L_N1_GC_QBC_66,2L,66,HP,NA
Y4,IO_L13P_T2L_N0_GC_QBC_66,2L,66,HP,NA
AA6,IO_L12N_T1U_N11_GC_66,1U,66,HP,NA
AA7,IO_L12P_T1U_N10_GC_66,1U,66,HP,NA
Y7,IO_L11N_T1U_N9_GC_66,1U,66,HP,NA
Y8,IO_L11P_T1U_N8_GC_66,1U,66,HP,NA
AB5,IO_L10N_T1U_N7_QBC_AD4N_66,1U,66,HP,NA
AB6,IO_L10P_T1U_N6_QBC_AD4P_66,1U,66,HP,NA
W6,IO_L9N_T1L_N5_AD12N_66,1L,66,HP,NA
W7,IO_L9P_T1L_N4_AD12P_66,1L,66,HP,NA
AC8,IO_L8N_T1L_N3_AD5N_66,1L,66,HP,NA
AB8,IO_L8P_T1L_N2_AD5P_66,1L,66,HP,NA
AC6,IO_L7N_T1L_N1_QBC_AD13N_66,1L,66,HP,NA
AC7,IO_L7P_T1L_N0_QBC_AD13P_66,1L,66,HP,NA
AA8,IO_T1U_N12_66,1U,66,HP,NA
W9,IO_T0U_N12_VRP_66,0U,66,HP,NA
Y9,IO_L6N_T0U_N11_AD6N_66,0U,66,HP,NA
Y10,IO_L6P_T0U_N10_AD6P_66,0U,66,HP,NA
AA12,IO_L5N_T0U_N9_AD14N_66,0U,66,HP,NA
Y12,IO_L5P_T0U_N8_AD14P_66,0U,66,HP,NA
AC9,IO_L4N_T0U_N7_DBC_AD7N_66,0U,66,HP,NA
AB9,IO_L4P_T0U_N6_DBC_AD7P_66,0U,66,HP,NA
AA10,IO_L3N_T0L_N5_AD15N_66,0L,66,HP,NA
AA11,IO_L3P_T0L_N4_AD15P_66,0L,66,HP,NA
AB10,IO_L2N_T0L_N3_66,0L,66,HP,NA
AB11,IO_L2P_T0L_N2_66,0L,66,HP,NA
AC11,IO_L1N_T0L_N1_DBC_66,0L,66,HP,NA
AC12,IO_L1P_T0L_N0_DBC_66,0L,66,HP,NA
AD12,VREF_66,NA,66,HP,NA
AE1,IO_L24N_T3U_N11_PERSTN0_65,3U,65,HP,NA
AE2,IO_L24P_T3U_N10_PERSTN1_I2C_SDA_65,3U,65,HP,NA
AD1,IO_L23N_T3U_N9_65,3U,65,HP,NA
AD2,IO_L23P_T3U_N8_I2C_SCLK_65,3U,65,HP,NA
AJ1,IO_L22N_T3U_N7_DBC_AD0N_65,3U,65,HP,NA
AH1,IO_L22P_T3U_N6_DBC_AD0P_65,3U,65,HP,NA
AF1,IO_L21N_T3L_N5_AD8N_65,3L,65,HP,NA
AF2,IO_L21P_T3L_N4_AD8P_65,3L,65,HP,NA
AH3,IO_L20N_T3L_N3_AD1N_65,3L,65,HP,NA
AG3,IO_L20P_T3L_N2_AD1P_65,3L,65,HP,NA
AJ2,IO_L19N_T3L_N1_DBC_AD9N_65,3L,65,HP,NA
AH2,IO_L19P_T3L_N0_DBC_AD9P_65,3L,65,HP,NA
AG1,IO_T3U_N12_65,3U,65,HP,NA
AD5,IO_T2U_N12_65,2U,65,HP,NA
AE4,IO_L18N_T2U_N11_AD2N_65,2U,65,HP,NA
AD4,IO_L18P_T2U_N10_AD2P_65,2U,65,HP,NA
AF3,IO_L17N_T2U_N9_AD10N_65,2U,65,HP,NA
AE3,IO_L17P_T2U_N8_AD10P_65,2U,65,HP,NA
AJ5,IO_L16N_T2U_N7_QBC_AD3N_65,2U,65,HP,NA
AJ6,IO_L16P_T2U_N6_QBC_AD3P_65,2U,65,HP,NA
AJ4,IO_L15N_T2L_N5_AD11N_65,2L,65,HP,NA
AH4,IO_L15P_T2L_N4_AD11P_65,2L,65,HP,NA
AG4,IO_L14N_T2L_N3_GC_65,2L,65,HP,NA
AG5,IO_L14P_T2L_N2_GC_65,2L,65,HP,NA
AF5,IO_L13N_T2L_N1_GC_QBC_65,2L,65,HP,NA
AE5,IO_L13P_T2L_N0_GC_QBC_65,2L,65,HP,NA
AF7,IO_L12N_T1U_N11_GC_65,1U,65,HP,NA
AE7,IO_L12P_T1U_N10_GC_65,1U,65,HP,NA
AG6,IO_L11N_T1U_N9_GC_65,1U,65,HP,NA
AF6,IO_L11P_T1U_N8_GC_65,1U,65,HP,NA
AF8,IO_L10N_T1U_N7_QBC_AD4N_65,1U,65,HP,NA
AE8,IO_L10P_T1U_N6_QBC_AD4P_65,1U,65,HP,NA
AD6,IO_L9N_T1L_N5_AD12N_65,1L,65,HP,NA
AD7,IO_L9P_T1L_N4_AD12P_65,1L,65,HP,NA
AH8,IO_L8N_T1L_N3_AD5N_65,1L,65,HP,NA
AG8,IO_L8P_T1L_N2_AD5P_65,1L,65,HP,NA
AH6,IO_L7N_T1L_N1_QBC_AD13N_65,1L,65,HP,NA
AH7,IO_L7P_T1L_N0_QBC_AD13P_65,1L,65,HP,NA
AH9,IO_T1U_N12_65,1U,65,HP,NA
AD9,IO_T0U_N12_VRP_65,0U,65,HP,NA
AE9,IO_L6N_T0U_N11_AD6N_65,0U,65,HP,NA
AD10,IO_L6P_T0U_N10_AD6P_65,0U,65,HP,NA
AG9,IO_L5N_T0U_N9_AD14N_65,0U,65,HP,NA
AG10,IO_L5P_T0U_N8_AD14P_65,0U,65,HP,NA
AG11,IO_L4N_T0U_N7_DBC_AD7N_65,0U,65,HP,NA
AF11,IO_L4P_T0U_N6_DBC_AD7P_SMBALERT_65,0U,65,HP,NA
AF12,IO_L3N_T0L_N5_AD15N_65,0L,65,HP,NA
AE12,IO_L3P_T0L_N4_AD15P_65,0L,65,HP,NA
AH11,IO_L2N_T0L_N3_65,0L,65,HP,NA
AH12,IO_L2P_T0L_N2_65,0L,65,HP,NA
AF10,IO_L1N_T0L_N1_DBC_65,0L,65,HP,NA
AE10,IO_L1P_T0L_N0_DBC_65,0L,65,HP,NA
AD11,VREF_65,NA,65,HP,NA
AK2,IO_L24N_T3U_N11_64,3U,64,HP,NA
AK3,IO_L24P_T3U_N10_64,3U,64,HP,NA
AL1,IO_L23N_T3U_N9_64,3U,64,HP,NA
AK1,IO_L23P_T3U_N8_64,3U,64,HP,NA
AL2,IO_L22N_T3U_N7_DBC_AD0N_64,3U,64,HP,NA
AL3,IO_L22P_T3U_N6_DBC_AD0P_64,3U,64,HP,NA
AN1,IO_L21N_T3L_N5_AD8N_64,3L,64,HP,NA
AM1,IO_L21P_T3L_N4_AD8P_64,3L,64,HP,NA
AP3,IO_L20N_T3L_N3_AD1N_64,3L,64,HP,NA
AN3,IO_L20P_T3L_N2_AD1P_64,3L,64,HP,NA
AP2,IO_L19N_T3L_N1_DBC_AD9N_64,3L,64,HP,NA
AN2,IO_L19P_T3L_N0_DBC_AD9P_64,3L,64,HP,NA
AP1,IO_T3U_N12_64,3U,64,HP,NA
AM3,IO_T2U_N12_64,2U,64,HP,NA
AK4,IO_L18N_T2U_N11_AD2N_64,2U,64,HP,NA
AK5,IO_L18P_T2U_N10_AD2P_64,2U,64,HP,NA
AN4,IO_L17N_T2U_N9_AD10N_64,2U,64,HP,NA
AM4,IO_L17P_T2U_N8_AD10P_64,2U,64,HP,NA
AP6,IO_L16N_T2U_N7_QBC_AD3N_64,2U,64,HP,NA
AN6,IO_L16P_T2U_N6_QBC_AD3P_64,2U,64,HP,NA
AP4,IO_L15N_T2L_N5_AD11N_64,2L,64,HP,NA
AP5,IO_L15P_T2L_N4_AD11P_64,2L,64,HP,NA
AM5,IO_L14N_T2L_N3_GC_64,2L,64,HP,NA
AM6,IO_L14P_T2L_N2_GC_64,2L,64,HP,NA
AL5,IO_L13N_T2L_N1_GC_QBC_64,2L,64,HP,NA
AL6,IO_L13P_T2L_N0_GC_QBC_64,2L,64,HP,NA
AL7,IO_L12N_T1U_N11_GC_64,1U,64,HP,NA
AL8,IO_L12P_T1U_N10_GC_64,1U,64,HP,NA
AK7,IO_L11N_T1U_N9_GC_64,1U,64,HP,NA
AK8,IO_L11P_T1U_N8_GC_64,1U,64,HP,NA
AP7,IO_L10N_T1U_N7_QBC_AD4N_64,1U,64,HP,NA
AN7,IO_L10P_T1U_N6_QBC_AD4P_64,1U,64,HP,NA
AK9,IO_L9N_T1L_N5_AD12N_64,1L,64,HP,NA
AJ9,IO_L9P_T1L_N4_AD12P_64,1L,64,HP,NA
AM8,IO_L8N_T1L_N3_AD5N_64,1L,64,HP,NA
AM9,IO_L8P_T1L_N2_AD5P_64,1L,64,HP,NA
AP8,IO_L7N_T1L_N1_QBC_AD13N_64,1L,64,HP,NA
AN8,IO_L7P_T1L_N0_QBC_AD13P_64,1L,64,HP,NA
AJ7,IO_T1U_N12_64,1U,64,HP,NA
AN11,IO_T0U_N12_VRP_64,0U,64,HP,NA
AK10,IO_L6N_T0U_N11_AD6N_64,0U,64,HP,NA
AJ10,IO_L6P_T0U_N10_AD6P_64,0U,64,HP,NA
AP9,IO_L5N_T0U_N9_AD14N_64,0U,64,HP,NA
AN9,IO_L5P_T0U_N8_AD14P_64,0U,64,HP,NA
AP10,IO_L4N_T0U_N7_DBC_AD7N_64,0U,64,HP,NA
AP11,IO_L4P_T0U_N6_DBC_AD7P_64,0U,64,HP,NA
AM10,IO_L3N_T0L_N5_AD15N_64,0L,64,HP,NA
AL10,IO_L3P_T0L_N4_AD15P_64,0L,64,HP,NA
AM11,IO_L2N_T0L_N3_64,0L,64,HP,NA
AL11,IO_L2P_T0L_N2_64,0L,64,HP,NA
AK12,IO_L1N_T0L_N1_DBC_64,0L,64,HP,NA
AJ12,IO_L1P_T0L_N0_DBC_64,0L,64,HP,NA
AJ11,VREF_64,NA,64,HP,NA
T34,MGTHRXN0_128,NA,128,GTH,NA
P34,MGTHRXN1_128,NA,128,GTH,NA
N32,MGTHRXN2_128,NA,128,GTH,NA
M34,MGTHRXN3_128,NA,128,GTH,NA
T33,MGTHRXP0_128,NA,128,GTH,NA
P33,MGTHRXP1_128,NA,128,GTH,NA
N31,MGTHRXP2_128,NA,128,GTH,NA
M33,MGTHRXP3_128,NA,128,GTH,NA
T30,MGTHTXN0_128,NA,128,GTH,NA
R32,MGTHTXN1_128,NA,128,GTH,NA
P30,MGTHTXN2_128,NA,128,GTH,NA
M30,MGTHTXN3_128,NA,128,GTH,NA
T29,MGTHTXP0_128,NA,128,GTH,NA
R31,MGTHTXP1_128,NA,128,GTH,NA
P29,MGTHTXP2_128,NA,128,GTH,NA
M29,MGTHTXP3_128,NA,128,GTH,NA
N28,MGTREFCLK1N_128,NA,128,GTH,NA
N27,MGTREFCLK1P_128,NA,128,GTH,NA
R28,MGTREFCLK0N_128,NA,128,GTH,NA
R27,MGTREFCLK0P_128,NA,128,GTH,NA
A29,MGTRREF_L,NA,NA,NA,NA
A30,MGTAVTTRCAL_L,NA,NA,NA,NA
L32,MGTHRXN0_129,NA,129,GTH,NA
K34,MGTHRXN1_129,NA,129,GTH,NA
H34,MGTHRXN2_129,NA,129,GTH,NA
F34,MGTHRXN3_129,NA,129,GTH,NA
L31,MGTHRXP0_129,NA,129,GTH,NA
K33,MGTHRXP1_129,NA,129,GTH,NA
H33,MGTHRXP2_129,NA,129,GTH,NA
F33,MGTHRXP3_129,NA,129,GTH,NA
K30,MGTHTXN0_129,NA,129,GTH,NA
J32,MGTHTXN1_129,NA,129,GTH,NA
H30,MGTHTXN2_129,NA,129,GTH,NA
G32,MGTHTXN3_129,NA,129,GTH,NA
K29,MGTHTXP0_129,NA,129,GTH,NA
J31,MGTHTXP1_129,NA,129,GTH,NA
H29,MGTHTXP2_129,NA,129,GTH,NA
G31,MGTHTXP3_129,NA,129,GTH,NA
J28,MGTREFCLK1N_129,NA,129,GTH,NA
J27,MGTREFCLK1P_129,NA,129,GTH,NA
L28,MGTREFCLK0N_129,NA,129,GTH,NA
L27,MGTREFCLK0P_129,NA,129,GTH,NA
E32,MGTHRXN0_130,NA,130,GTH,NA
D34,MGTHRXN1_130,NA,130,GTH,NA
C32,MGTHRXN2_130,NA,130,GTH,NA
B34,MGTHRXN3_130,NA,130,GTH,NA
E31,MGTHRXP0_130,NA,130,GTH,NA
D33,MGTHRXP1_130,NA,130,GTH,NA
C31,MGTHRXP2_130,NA,130,GTH,NA
B33,MGTHRXP3_130,NA,130,GTH,NA
F30,MGTHTXN0_130,NA,130,GTH,NA
D30,MGTHTXN1_130,NA,130,GTH,NA
B30,MGTHTXN2_130,NA,130,GTH,NA
A32,MGTHTXN3_130,NA,130,GTH,NA
F29,MGTHTXP0_130,NA,130,GTH,NA
D29,MGTHTXP1_130,NA,130,GTH,NA
B29,MGTHTXP2_130,NA,130,GTH,NA
A31,MGTHTXP3_130,NA,130,GTH,NA
G28,MGTREFCLK0N_130,NA,130,GTH,NA
G27,MGTREFCLK0P_130,NA,130,GTH,NA
E28,MGTREFCLK1N_130,NA,130,GTH,NA
E27,MGTREFCLK1P_130,NA,130,GTH,NA
T1,MGTHRXN0_228,NA,228,GTH,NA
P1,MGTHRXN1_228,NA,228,GTH,NA
M1,MGTHRXN2_228,NA,228,GTH,NA
L3,MGTHRXN3_228,NA,228,GTH,NA
T2,MGTHRXP0_228,NA,228,GTH,NA
P2,MGTHRXP1_228,NA,228,GTH,NA
M2,MGTHRXP2_228,NA,228,GTH,NA
L4,MGTHRXP3_228,NA,228,GTH,NA
R3,MGTHTXN0_228,NA,228,GTH,NA
P5,MGTHTXN1_228,NA,228,GTH,NA
N3,MGTHTXN2_228,NA,228,GTH,NA
M5,MGTHTXN3_228,NA,228,GTH,NA
R4,MGTHTXP0_228,NA,228,GTH,NA
P6,MGTHTXP1_228,NA,228,GTH,NA
N4,MGTHTXP2_228,NA,228,GTH,NA
M6,MGTHTXP3_228,NA,228,GTH,NA
J7,MGTREFCLK1N_228,NA,228,GTH,NA
J8,MGTREFCLK1P_228,NA,228,GTH,NA
L7,MGTREFCLK0N_228,NA,228,GTH,NA
L8,MGTREFCLK0P_228,NA,228,GTH,NA
A6,MGTRREF_R,NA,NA,NA,NA
A5,MGTAVTTRCAL_R,NA,NA,NA,NA
K1,MGTHRXN0_229,NA,229,GTH,NA
J3,MGTHRXN1_229,NA,229,GTH,NA
H1,MGTHRXN2_229,NA,229,GTH,NA
F1,MGTHRXN3_229,NA,229,GTH,NA
K2,MGTHRXP0_229,NA,229,GTH,NA
J4,MGTHRXP1_229,NA,229,GTH,NA
H2,MGTHRXP2_229,NA,229,GTH,NA
F2,MGTHRXP3_229,NA,229,GTH,NA
K5,MGTHTXN0_229,NA,229,GTH,NA
H5,MGTHTXN1_229,NA,229,GTH,NA
G3,MGTHTXN2_229,NA,229,GTH,NA
F5,MGTHTXN3_229,NA,229,GTH,NA
K6,MGTHTXP0_229,NA,229,GTH,NA
H6,MGTHTXP1_229,NA,229,GTH,NA
G4,MGTHTXP2_229,NA,229,GTH,NA
F6,MGTHTXP3_229,NA,229,GTH,NA
E7,MGTREFCLK1N_229,NA,229,GTH,NA
E8,MGTREFCLK1P_229,NA,229,GTH,NA
G7,MGTREFCLK0N_229,NA,229,GTH,NA
G8,MGTREFCLK0P_229,NA,229,GTH,NA
D1,MGTHRXN0_230,NA,230,GTH,NA
C3,MGTHRXN1_230,NA,230,GTH,NA
B1,MGTHRXN2_230,NA,230,GTH,NA
A3,MGTHRXN3_230,NA,230,GTH,NA
D2,MGTHRXP0_230,NA,230,GTH,NA
C4,MGTHRXP1_230,NA,230,GTH,NA
B2,MGTHRXP2_230,NA,230,GTH,NA
A4,MGTHRXP3_230,NA,230,GTH,NA
E3,MGTHTXN0_230,NA,230,GTH,NA
D5,MGTHTXN1_230,NA,230,GTH,NA
B5,MGTHTXN2_230,NA,230,GTH,NA
A7,MGTHTXN3_230,NA,230,GTH,NA
E4,MGTHTXP0_230,NA,230,GTH,NA
D6,MGTHTXP1_230,NA,230,GTH,NA
B6,MGTHTXP2_230,NA,230,GTH,NA
A8,MGTHTXP3_230,NA,230,GTH,NA
C7,MGTREFCLK0N_230,NA,230,GTH,NA
C8,MGTREFCLK0P_230,NA,230,GTH,NA
B9,MGTREFCLK1N_230,NA,230,GTH,NA
B10,MGTREFCLK1P_230,NA,230,GTH,NA
AF16,PS_MIO0,NA,500,PSMIO,NA
AJ16,PS_MIO1,NA,500,PSMIO,NA
AD16,PS_MIO2,NA,500,PSMIO,NA
AG16,PS_MIO3,NA,500,PSMIO,NA
AH16,PS_MIO4,NA,500,PSMIO,NA
AM15,PS_MIO5,NA,500,PSMIO,NA
AL15,PS_MIO6,NA,500,PSMIO,NA
AD17,PS_MIO7,NA,500,PSMIO,NA
AE17,PS_MIO8,NA,500,PSMIO,NA
AP15,PS_MIO9,NA,500,PSMIO,NA
AH17,PS_MIO10,NA,500,PSMIO,NA
AF17,PS_MIO11,NA,500,PSMIO,NA
AJ17,PS_MIO12,NA,500,PSMIO,NA
AK17,PS_MIO13,NA,500,PSMIO,NA
AL16,PS_MIO14,NA,500,PSMIO,NA
AN16,PS_MIO15,NA,500,PSMIO,NA
AM16,PS_MIO16,NA,500,PSMIO,NA
AP16,PS_MIO17,NA,500,PSMIO,NA
AE18,PS_MIO18,NA,500,PSMIO,NA
AL17,PS_MIO19,NA,500,PSMIO,NA
AD18,PS_MIO20,NA,500,PSMIO,NA
AF18,PS_MIO21,NA,500,PSMIO,NA
AD20,PS_MIO22,NA,500,PSMIO,NA
AD19,PS_MIO23,NA,500,PSMIO,NA
AE20,PS_MIO24,NA,500,PSMIO,NA
AE19,PS_MIO25,NA,500,PSMIO,NA
P21,PS_MIO26,NA,501,PSMIO,NA
M21,PS_MIO27,NA,501,PSMIO,NA
N21,PS_MIO28,NA,501,PSMIO,NA
K22,PS_MIO29,NA,501,PSMIO,NA
L21,PS_MIO30,NA,501,PSMIO,NA
J22,PS_MIO31,NA,501,PSMIO,NA
H22,PS_MIO32,NA,501,PSMIO,NA
H23,PS_MIO33,NA,501,PSMIO,NA
L22,PS_MIO34,NA,501,PSMIO,NA
P22,PS_MIO35,NA,501,PSMIO,NA
K23,PS_MIO36,NA,501,PSMIO,NA
N22,PS_MIO37,NA,501,PSMIO,NA
L23,PS_MIO38,NA,501,PSMIO,NA
N23,PS_MIO39,NA,501,PSMIO,NA
M23,PS_MIO40,NA,501,PSMIO,NA
J24,PS_MIO41,NA,501,PSMIO,NA
M24,PS_MIO42,NA,501,PSMIO,NA
K24,PS_MIO43,NA,501,PSMIO,NA
N24,PS_MIO44,NA,501,PSMIO,NA
P24,PS_MIO45,NA,501,PSMIO,NA
J25,PS_MIO46,NA,501,PSMIO,NA
L25,PS_MIO47,NA,501,PSMIO,NA
M25,PS_MIO48,NA,501,PSMIO,NA
K25,PS_MIO49,NA,501,PSMIO,NA
P25,PS_MIO50,NA,501,PSMIO,NA
N25,PS_MIO51,NA,501,PSMIO,NA
F22,PS_MIO52,NA,502,PSMIO,NA
E23,PS_MIO53,NA,502,PSMIO,NA
F23,PS_MIO54,NA,502,PSMIO,NA
B23,PS_MIO55,NA,502,PSMIO,NA
C23,PS_MIO56,NA,502,PSMIO,NA
A23,PS_MIO57,NA,502,PSMIO,NA
G23,PS_MIO58,NA,502,PSMIO,NA
B24,PS_MIO59,NA,502,PSMIO,NA
E24,PS_MIO60,NA,502,PSMIO,NA
C24,PS_MIO61,NA,502,PSMIO,NA
G24,PS_MIO62,NA,502,PSMIO,NA
D24,PS_MIO63,NA,502,PSMIO,NA
A25,PS_MIO64,NA,502,PSMIO,NA
A26,PS_MIO65,NA,502,PSMIO,NA
A27,PS_MIO66,NA,502,PSMIO,NA
B25,PS_MIO67,NA,502,PSMIO,NA
B26,PS_MIO68,NA,502,PSMIO,NA
B27,PS_MIO69,NA,502,PSMIO,NA
C26,PS_MIO70,NA,502,PSMIO,NA
C27,PS_MIO71,NA,502,PSMIO,NA
E25,PS_MIO72,NA,502,PSMIO,NA
H24,PS_MIO73,NA,502,PSMIO,NA
G25,PS_MIO74,NA,502,PSMIO,NA
D25,PS_MIO75,NA,502,PSMIO,NA
H25,PS_MIO76,NA,502,PSMIO,NA
F25,PS_MIO77,NA,502,PSMIO,NA
W21,PS_DONE,NA,503,PSCONFIG,NA
T21,PS_ERROR_OUT,NA,503,PSCONFIG,NA
R21,PS_ERROR_STATUS,NA,503,PSCONFIG,NA
V24,PS_INIT_B,NA,503,PSCONFIG,NA
R25,PS_JTAG_TCK,NA,503,PSCONFIG,NA
U25,PS_JTAG_TDI,NA,503,PSCONFIG,NA
T25,PS_JTAG_TDO,NA,503,PSCONFIG,NA
R24,PS_JTAG_TMS,NA,503,PSCONFIG,NA
T22,PS_MODE0,NA,503,PSCONFIG,NA
R22,PS_MODE1,NA,503,PSCONFIG,NA
T23,PS_MODE2,NA,503,PSCONFIG,NA
R23,PS_MODE3,NA,503,PSCONFIG,NA
V21,PS_PADI,NA,503,PSCONFIG,NA
V22,PS_PADO,NA,503,PSCONFIG,NA
V23,PS_POR_B,NA,503,PSCONFIG,NA
U21,PS_PROG_B,NA,503,PSCONFIG,NA
U24,PS_REF_CLK,NA,503,PSCONFIG,NA
U23,PS_SRST_B,NA,503,PSCONFIG,NA
AP29,PS_DDR_A0,NA,504,PSDDR,NA
AP30,PS_DDR_A1,NA,504,PSDDR,NA
AL28,PS_DDR_A10,NA,504,PSDDR,NA
AK27,PS_DDR_A11,NA,504,PSDDR,NA
AJ25,PS_DDR_A12,NA,504,PSDDR,NA
AL25,PS_DDR_A13,NA,504,PSDDR,NA
AK25,PS_DDR_A14,NA,504,PSDDR,NA
AK24,PS_DDR_A15,NA,504,PSDDR,NA
AM24,PS_DDR_A16,NA,504,PSDDR,NA
AF25,PS_DDR_A17,NA,504,PSDDR,NA
AP26,PS_DDR_A2,NA,504,PSDDR,NA
AP27,PS_DDR_A3,NA,504,PSDDR,NA
AP25,PS_DDR_A4,NA,504,PSDDR,NA
AN24,PS_DDR_A5,NA,504,PSDDR,NA
AM29,PS_DDR_A6,NA,504,PSDDR,NA
AM28,PS_DDR_A7,NA,504,PSDDR,NA
AM26,PS_DDR_A8,NA,504,PSDDR,NA
AM25,PS_DDR_A9,NA,504,PSDDR,NA
AG25,PS_DDR_ACT_N,NA,504,PSDDR,NA
AF22,PS_DDR_ALERT_N,NA,504,PSDDR,NA
AH26,PS_DDR_BA0,NA,504,PSDDR,NA
AG26,PS_DDR_BA1,NA,504,PSDDR,NA
AK28,PS_DDR_BG0,NA,504,PSDDR,NA
AH27,PS_DDR_BG1,NA,504,PSDDR,NA
AN27,PS_DDR_CK_N0,NA,504,PSDDR,NA
AL27,PS_DDR_CK_N1,NA,504,PSDDR,NA
AN26,PS_DDR_CK0,NA,504,PSDDR,NA
AL26,PS_DDR_CK1,NA,504,PSDDR,NA
AN29,PS_DDR_CKE0,NA,504,PSDDR,NA
AJ27,PS_DDR_CKE1,NA,504,PSDDR,NA
AN28,PS_DDR_CS_N0,NA,504,PSDDR,NA
AL30,PS_DDR_CS_N1,NA,504,PSDDR,NA
AN17,PS_DDR_DM0,NA,504,PSDDR,NA
AM21,PS_DDR_DM1,NA,504,PSDDR,NA
AK19,PS_DDR_DM2,NA,504,PSDDR,NA
AH24,PS_DDR_DM3,NA,504,PSDDR,NA
AH31,PS_DDR_DM4,NA,504,PSDDR,NA
AE30,PS_DDR_DM5,NA,504,PSDDR,NA
AJ31,PS_DDR_DM6,NA,504,PSDDR,NA
AE34,PS_DDR_DM7,NA,504,PSDDR,NA
AN34,PS_DDR_DM8,NA,504,PSDDR,NA
AP20,PS_DDR_DQ0,NA,504,PSDDR,NA
AP18,PS_DDR_DQ1,NA,504,PSDDR,NA
AP19,PS_DDR_DQ2,NA,504,PSDDR,NA
AP17,PS_DDR_DQ3,NA,504,PSDDR,NA
AM20,PS_DDR_DQ4,NA,504,PSDDR,NA
AM19,PS_DDR_DQ5,NA,504,PSDDR,NA
AM18,PS_DDR_DQ6,NA,504,PSDDR,NA
AL18,PS_DDR_DQ7,NA,504,PSDDR,NA
AP22,PS_DDR_DQ8,NA,504,PSDDR,NA
AP21,PS_DDR_DQ9,NA,504,PSDDR,NA
AP24,PS_DDR_DQ10,NA,504,PSDDR,NA
AN23,PS_DDR_DQ11,NA,504,PSDDR,NA
AL21,PS_DDR_DQ12,NA,504,PSDDR,NA
AL22,PS_DDR_DQ13,NA,504,PSDDR,NA
AM23,PS_DDR_DQ14,NA,504,PSDDR,NA
AL23,PS_DDR_DQ15,NA,504,PSDDR,NA
AL20,PS_DDR_DQ16,NA,504,PSDDR,NA
AK20,PS_DDR_DQ17,NA,504,PSDDR,NA
AJ20,PS_DDR_DQ18,NA,504,PSDDR,NA
AK18,PS_DDR_DQ19,NA,504,PSDDR,NA
AG20,PS_DDR_DQ20,NA,504,PSDDR,NA
AH18,PS_DDR_DQ21,NA,504,PSDDR,NA
AG19,PS_DDR_DQ22,NA,504,PSDDR,NA
AG18,PS_DDR_DQ23,NA,504,PSDDR,NA
AG21,PS_DDR_DQ24,NA,504,PSDDR,NA
AH21,PS_DDR_DQ25,NA,504,PSDDR,NA
AG24,PS_DDR_DQ26,NA,504,PSDDR,NA
AG23,PS_DDR_DQ27,NA,504,PSDDR,NA
AK22,PS_DDR_DQ28,NA,504,PSDDR,NA
AJ21,PS_DDR_DQ29,NA,504,PSDDR,NA
AJ22,PS_DDR_DQ30,NA,504,PSDDR,NA
AK23,PS_DDR_DQ31,NA,504,PSDDR,NA
AG31,PS_DDR_DQ32,NA,504,PSDDR,NA
AG30,PS_DDR_DQ33,NA,504,PSDDR,NA
AG29,PS_DDR_DQ34,NA,504,PSDDR,NA
AG28,PS_DDR_DQ35,NA,504,PSDDR,NA
AJ30,PS_DDR_DQ36,NA,504,PSDDR,NA
AK29,PS_DDR_DQ37,NA,504,PSDDR,NA
AK30,PS_DDR_DQ38,NA,504,PSDDR,NA
AJ29,PS_DDR_DQ39,NA,504,PSDDR,NA
AE27,PS_DDR_DQ40,NA,504,PSDDR,NA
AF28,PS_DDR_DQ41,NA,504,PSDDR,NA
AF30,PS_DDR_DQ42,NA,504,PSDDR,NA
AF31,PS_DDR_DQ43,NA,504,PSDDR,NA
AD28,PS_DDR_DQ44,NA,504,PSDDR,NA
AD27,PS_DDR_DQ45,NA,504,PSDDR,NA
AD29,PS_DDR_DQ46,NA,504,PSDDR,NA
AD30,PS_DDR_DQ47,NA,504,PSDDR,NA
AH33,PS_DDR_DQ48,NA,504,PSDDR,NA
AJ34,PS_DDR_DQ49,NA,504,PSDDR,NA
AH34,PS_DDR_DQ50,NA,504,PSDDR,NA
AH32,PS_DDR_DQ51,NA,504,PSDDR,NA
AK34,PS_DDR_DQ52,NA,504,PSDDR,NA
AK33,PS_DDR_DQ53,NA,504,PSDDR,NA
AL32,PS_DDR_DQ54,NA,504,PSDDR,NA
AL31,PS_DDR_DQ55,NA,504,PSDDR,NA
AG33,PS_DDR_DQ56,NA,504,PSDDR,NA
AG34,PS_DDR_DQ57,NA,504,PSDDR,NA
AF32,PS_DDR_DQ58,NA,504,PSDDR,NA
AF33,PS_DDR_DQ59,NA,504,PSDDR,NA
AD31,PS_DDR_DQ60,NA,504,PSDDR,NA
AD32,PS_DDR_DQ61,NA,504,PSDDR,NA
AD34,PS_DDR_DQ62,NA,504,PSDDR,NA
AD33,PS_DDR_DQ63,NA,504,PSDDR,NA
AN31,PS_DDR_DQ64,NA,504,PSDDR,NA
AP31,PS_DDR_DQ65,NA,504,PSDDR,NA
AP32,PS_DDR_DQ66,NA,504,PSDDR,NA
AP33,PS_DDR_DQ67,NA,504,PSDDR,NA
AM31,PS_DDR_DQ68,NA,504,PSDDR,NA
AM33,PS_DDR_DQ69,NA,504,PSDDR,NA
AM34,PS_DDR_DQ70,NA,504,PSDDR,NA
AL33,PS_DDR_DQ71,NA,504,PSDDR,NA
AN19,PS_DDR_DQS_N0,NA,504,PSDDR,NA
AN22,PS_DDR_DQS_N1,NA,504,PSDDR,NA
AJ19,PS_DDR_DQS_N2,NA,504,PSDDR,NA
AH23,PS_DDR_DQS_N3,NA,504,PSDDR,NA
AH29,PS_DDR_DQS_N4,NA,504,PSDDR,NA
AE29,PS_DDR_DQS_N5,NA,504,PSDDR,NA
AK32,PS_DDR_DQS_N6,NA,504,PSDDR,NA
AE33,PS_DDR_DQS_N7,NA,504,PSDDR,NA
AN33,PS_DDR_DQS_N8,NA,504,PSDDR,NA
AN18,PS_DDR_DQS_P0,NA,504,PSDDR,NA
AN21,PS_DDR_DQS_P1,NA,504,PSDDR,NA
AH19,PS_DDR_DQS_P2,NA,504,PSDDR,NA
AH22,PS_DDR_DQS_P3,NA,504,PSDDR,NA
AH28,PS_DDR_DQS_P4,NA,504,PSDDR,NA
AE28,PS_DDR_DQS_P5,NA,504,PSDDR,NA
AJ32,PS_DDR_DQS_P6,NA,504,PSDDR,NA
AE32,PS_DDR_DQS_P7,NA,504,PSDDR,NA
AN32,PS_DDR_DQS_P8,NA,504,PSDDR,NA
AM30,PS_DDR_ODT0,NA,504,PSDDR,NA
AJ26,PS_DDR_ODT1,NA,504,PSDDR,NA
AF20,PS_DDR_PARITY,NA,504,PSDDR,NA
AF21,PS_DDR_RAM_RST_N,NA,504,PSDDR,NA
AF23,PS_DDR_ZQ,NA,504,PSDDR,NA
AB34,PS_MGTRRXN0_505,NA,505,PSGTR,NA
AA32,PS_MGTRRXN1_505,NA,505,PSGTR,NA
Y34,PS_MGTRRXN2_505,NA,505,PSGTR,NA
V34,PS_MGTRRXN3_505,NA,505,PSGTR,NA
AB33,PS_MGTRRXP0_505,NA,505,PSGTR,NA
AA31,PS_MGTRRXP1_505,NA,505,PSGTR,NA
Y33,PS_MGTRRXP2_505,NA,505,PSGTR,NA
V33,PS_MGTRRXP3_505,NA,505,PSGTR,NA
AB30,PS_MGTRTXN0_505,NA,505,PSGTR,NA
Y30,PS_MGTRTXN1_505,NA,505,PSGTR,NA
W32,PS_MGTRTXN2_505,NA,505,PSGTR,NA
V30,PS_MGTRTXN3_505,NA,505,PSGTR,NA
AB29,PS_MGTRTXP0_505,NA,505,PSGTR,NA
Y29,PS_MGTRTXP1_505,NA,505,PSGTR,NA
W31,PS_MGTRTXP2_505,NA,505,PSGTR,NA
V29,PS_MGTRTXP3_505,NA,505,PSGTR,NA
AA28,PS_MGTREFCLK0N_505,NA,505,PSGTR,NA
AA27,PS_MGTREFCLK0P_505,NA,505,PSGTR,NA
W28,PS_MGTREFCLK1N_505,NA,505,PSGTR,NA
W27,PS_MGTREFCLK1P_505,NA,505,PSGTR,NA
U28,PS_MGTREFCLK2N_505,NA,505,PSGTR,NA
U27,PS_MGTREFCLK2P_505,NA,505,PSGTR,NA
U32,PS_MGTREFCLK3N_505,NA,505,PSGTR,NA
U31,PS_MGTREFCLK3P_505,NA,505,PSGTR,NA
AB28,PS_MGTRREF_505,NA,NA,NA,NA
AF14,VCCO_44,NA,44,NA,NA
AJ13,VCCO_44,NA,44,NA,NA
E21,VCCO_47,NA,47,NA,NA
H20,VCCO_47,NA,47,NA,NA
G17,VCCO_48,NA,48,NA,NA
J18,VCCO_48,NA,48,NA,NA
E16,VCCO_49,NA,49,NA,NA
F14,VCCO_49,NA,49,NA,NA
G12,VCCO_50,NA,50,NA,NA
J13,VCCO_50,NA,50,NA,NA
AJ8,VCCO_64,NA,64,NA,NA
AK11,VCCO_64,NA,64,NA,NA
AL9,VCCO_64,NA,64,NA,NA
AD8,VCCO_65,NA,65,NA,NA
AF9,VCCO_65,NA,65,NA,NA
AG7,VCCO_65,NA,65,NA,NA
AA9,VCCO_66,NA,66,NA,NA
W8,VCCO_66,NA,66,NA,NA
Y11,VCCO_66,NA,66,NA,NA
P8,VCCO_67,NA,67,NA,NA
T9,VCCO_67,NA,67,NA,NA
U7,VCCO_67,NA,67,NA,NA
AB24,GND_PSADC,NA,NA,NA,NA
AC25,GND_PSADC,NA,NA,NA,NA
AB25,VCC_PSADC,NA,NA,NA,NA
AC26,VCC_PSADC,NA,NA,NA,NA
AE16,VCCO_PSIO0_500,NA,500,NA,NA
AG17,VCCO_PSIO0_500,NA,500,NA,NA
AK16,VCCO_PSIO0_500,NA,500,NA,NA
L24,VCCO_PSIO1_501,NA,501,NA,NA
M22,VCCO_PSIO1_501,NA,501,NA,NA
D23,VCCO_PSIO2_502,NA,502,NA,NA
F24,VCCO_PSIO2_502,NA,502,NA,NA
G22,VCCO_PSIO2_502,NA,502,NA,NA
T24,VCCO_PSIO3_503,NA,503,NA,NA
U22,VCCO_PSIO3_503,NA,503,NA,NA
AG27,VCCO_PSDDR_504,NA,504,NA,NA
AJ24,VCCO_PSDDR_504,NA,504,NA,NA
AJ28,VCCO_PSDDR_504,NA,504,NA,NA
AL24,VCCO_PSDDR_504,NA,504,NA,NA
AL29,VCCO_PSDDR_504,NA,504,NA,NA
AN25,VCCO_PSDDR_504,NA,504,NA,NA
AN30,VCCO_PSDDR_504,NA,504,NA,NA
AA23,VCC_PSAUX,NA,NA,NA,NA
AA25,VCC_PSAUX,NA,NA,NA,NA
Y22,VCC_PSAUX,NA,NA,NA,NA
Y23,VCC_PSAUX,NA,NA,NA,NA
A1,GND,NA,NA,NA,NA
A11,GND,NA,NA,NA,NA
A14,GND,NA,NA,NA,NA
A19,GND,NA,NA,NA,NA
A2,GND,NA,NA,NA,NA
A24,GND,NA,NA,NA,NA
A28,GND,NA,NA,NA,NA
A33,GND,NA,NA,NA,NA
A34,GND,NA,NA,NA,NA
A9,GND,NA,NA,NA,NA
AA14,GND,NA,NA,NA,NA
AA16,GND,NA,NA,NA,NA
AA18,GND,NA,NA,NA,NA
AA20,GND,NA,NA,NA,NA
AA24,GND,NA,NA,NA,NA
AA26,GND,NA,NA,NA,NA
AA30,GND,NA,NA,NA,NA
AA33,GND,NA,NA,NA,NA
AA34,GND,NA,NA,NA,NA
AA4,GND,NA,NA,NA,NA
AB12,GND,NA,NA,NA,NA
AB15,GND,NA,NA,NA,NA
AB17,GND,NA,NA,NA,NA
AB19,GND,NA,NA,NA,NA
AB2,GND,NA,NA,NA,NA
AB22,GND,NA,NA,NA,NA
AB26,GND,NA,NA,NA,NA
AB27,GND,NA,NA,NA,NA
AB31,GND,NA,NA,NA,NA
AB7,GND,NA,NA,NA,NA
AC10,GND,NA,NA,NA,NA
AC16,GND,NA,NA,NA,NA
AC18,GND,NA,NA,NA,NA
AC20,GND,NA,NA,NA,NA
AC27,GND,NA,NA,NA,NA
AC28,GND,NA,NA,NA,NA
AC29,GND,NA,NA,NA,NA
AC30,GND,NA,NA,NA,NA
AC31,GND,NA,NA,NA,NA
AC32,GND,NA,NA,NA,NA
AC33,GND,NA,NA,NA,NA
AC34,GND,NA,NA,NA,NA
AC5,GND,NA,NA,NA,NA
AD13,GND,NA,NA,NA,NA
AD23,GND,NA,NA,NA,NA
AD3,GND,NA,NA,NA,NA
AE11,GND,NA,NA,NA,NA
AE21,GND,NA,NA,NA,NA
AE26,GND,NA,NA,NA,NA
AE31,GND,NA,NA,NA,NA
AE6,GND,NA,NA,NA,NA
AF19,GND,NA,NA,NA,NA
AF24,GND,NA,NA,NA,NA
AF29,GND,NA,NA,NA,NA
AF34,GND,NA,NA,NA,NA
AF4,GND,NA,NA,NA,NA
AG12,GND,NA,NA,NA,NA
AG2,GND,NA,NA,NA,NA
AG22,GND,NA,NA,NA,NA
AG32,GND,NA,NA,NA,NA
AH10,GND,NA,NA,NA,NA
AH15,GND,NA,NA,NA,NA
AH20,GND,NA,NA,NA,NA
AH25,GND,NA,NA,NA,NA
AH30,GND,NA,NA,NA,NA
AH5,GND,NA,NA,NA,NA
AJ18,GND,NA,NA,NA,NA
AJ23,GND,NA,NA,NA,NA
AJ3,GND,NA,NA,NA,NA
AJ33,GND,NA,NA,NA,NA
AK21,GND,NA,NA,NA,NA
AK26,GND,NA,NA,NA,NA
AK31,GND,NA,NA,NA,NA
AK6,GND,NA,NA,NA,NA
AL14,GND,NA,NA,NA,NA
AL19,GND,NA,NA,NA,NA
AL34,GND,NA,NA,NA,NA
AL4,GND,NA,NA,NA,NA
AM12,GND,NA,NA,NA,NA
AM17,GND,NA,NA,NA,NA
AM2,GND,NA,NA,NA,NA
AM22,GND,NA,NA,NA,NA
AM27,GND,NA,NA,NA,NA
AM32,GND,NA,NA,NA,NA
AM7,GND,NA,NA,NA,NA
AN10,GND,NA,NA,NA,NA
AN15,GND,NA,NA,NA,NA
AN20,GND,NA,NA,NA,NA
AN5,GND,NA,NA,NA,NA
AP13,GND,NA,NA,NA,NA
AP23,GND,NA,NA,NA,NA
AP28,GND,NA,NA,NA,NA
AP34,GND,NA,NA,NA,NA
B11,GND,NA,NA,NA,NA
B17,GND,NA,NA,NA,NA
B22,GND,NA,NA,NA,NA
B28,GND,NA,NA,NA,NA
B32,GND,NA,NA,NA,NA
B4,GND,NA,NA,NA,NA
B7,GND,NA,NA,NA,NA
C1,GND,NA,NA,NA,NA
C10,GND,NA,NA,NA,NA
C11,GND,NA,NA,NA,NA
C15,GND,NA,NA,NA,NA
C2,GND,NA,NA,NA,NA
C20,GND,NA,NA,NA,NA
C25,GND,NA,NA,NA,NA
C28,GND,NA,NA,NA,NA
C30,GND,NA,NA,NA,NA
C33,GND,NA,NA,NA,NA
C34,GND,NA,NA,NA,NA
C5,GND,NA,NA,NA,NA
C9,GND,NA,NA,NA,NA
D13,GND,NA,NA,NA,NA
D18,GND,NA,NA,NA,NA
D26,GND,NA,NA,NA,NA
D27,GND,NA,NA,NA,NA
D28,GND,NA,NA,NA,NA
D3,GND,NA,NA,NA,NA
D31,GND,NA,NA,NA,NA
D8,GND,NA,NA,NA,NA
D9,GND,NA,NA,NA,NA
E1,GND,NA,NA,NA,NA
E11,GND,NA,NA,NA,NA
E2,GND,NA,NA,NA,NA
E26,GND,NA,NA,NA,NA
E29,GND,NA,NA,NA,NA
E33,GND,NA,NA,NA,NA
E34,GND,NA,NA,NA,NA
E6,GND,NA,NA,NA,NA
E9,GND,NA,NA,NA,NA
F19,GND,NA,NA,NA,NA
F26,GND,NA,NA,NA,NA
F27,GND,NA,NA,NA,NA
F32,GND,NA,NA,NA,NA
F4,GND,NA,NA,NA,NA
F7,GND,NA,NA,NA,NA
F9,GND,NA,NA,NA,NA
G1,GND,NA,NA,NA,NA
G2,GND,NA,NA,NA,NA
G26,GND,NA,NA,NA,NA
G30,GND,NA,NA,NA,NA
G33,GND,NA,NA,NA,NA
G34,GND,NA,NA,NA,NA
G5,GND,NA,NA,NA,NA
G9,GND,NA,NA,NA,NA
H15,GND,NA,NA,NA,NA
H26,GND,NA,NA,NA,NA
H28,GND,NA,NA,NA,NA
H3,GND,NA,NA,NA,NA
H31,GND,NA,NA,NA,NA
H8,GND,NA,NA,NA,NA
H9,GND,NA,NA,NA,NA
J1,GND,NA,NA,NA,NA
J2,GND,NA,NA,NA,NA
J23,GND,NA,NA,NA,NA
J26,GND,NA,NA,NA,NA
J29,GND,NA,NA,NA,NA
J33,GND,NA,NA,NA,NA
J34,GND,NA,NA,NA,NA
J6,GND,NA,NA,NA,NA
J9,GND,NA,NA,NA,NA
K11,GND,NA,NA,NA,NA
K21,GND,NA,NA,NA,NA
K26,GND,NA,NA,NA,NA
K27,GND,NA,NA,NA,NA
K32,GND,NA,NA,NA,NA
K4,GND,NA,NA,NA,NA
K7,GND,NA,NA,NA,NA
K9,GND,NA,NA,NA,NA
L1,GND,NA,NA,NA,NA
L14,GND,NA,NA,NA,NA
L2,GND,NA,NA,NA,NA
L26,GND,NA,NA,NA,NA
L30,GND,NA,NA,NA,NA
L33,GND,NA,NA,NA,NA
L34,GND,NA,NA,NA,NA
L5,GND,NA,NA,NA,NA
L9,GND,NA,NA,NA,NA
M12,GND,NA,NA,NA,NA
M17,GND,NA,NA,NA,NA
M19,GND,NA,NA,NA,NA
M26,GND,NA,NA,NA,NA
M28,GND,NA,NA,NA,NA
M3,GND,NA,NA,NA,NA
M31,GND,NA,NA,NA,NA
M7,GND,NA,NA,NA,NA
M8,GND,NA,NA,NA,NA
M9,GND,NA,NA,NA,NA
N1,GND,NA,NA,NA,NA
N10,GND,NA,NA,NA,NA
N16,GND,NA,NA,NA,NA
N18,GND,NA,NA,NA,NA
N2,GND,NA,NA,NA,NA
N20,GND,NA,NA,NA,NA
N26,GND,NA,NA,NA,NA
N29,GND,NA,NA,NA,NA
N33,GND,NA,NA,NA,NA
N34,GND,NA,NA,NA,NA
N6,GND,NA,NA,NA,NA
N7,GND,NA,NA,NA,NA
P13,GND,NA,NA,NA,NA
P15,GND,NA,NA,NA,NA
P17,GND,NA,NA,NA,NA
P19,GND,NA,NA,NA,NA
P23,GND,NA,NA,NA,NA
P26,GND,NA,NA,NA,NA
P27,GND,NA,NA,NA,NA
P32,GND,NA,NA,NA,NA
P4,GND,NA,NA,NA,NA
P7,GND,NA,NA,NA,NA
R1,GND,NA,NA,NA,NA
R11,GND,NA,NA,NA,NA
R14,GND,NA,NA,NA,NA
R16,GND,NA,NA,NA,NA
R18,GND,NA,NA,NA,NA
R2,GND,NA,NA,NA,NA
R20,GND,NA,NA,NA,NA
R26,GND,NA,NA,NA,NA
R30,GND,NA,NA,NA,NA
R33,GND,NA,NA,NA,NA
R34,GND,NA,NA,NA,NA
R5,GND,NA,NA,NA,NA
R6,GND,NA,NA,NA,NA
R7,GND,NA,NA,NA,NA
T15,GND,NA,NA,NA,NA
T19,GND,NA,NA,NA,NA
T26,GND,NA,NA,NA,NA
T27,GND,NA,NA,NA,NA
T28,GND,NA,NA,NA,NA
T3,GND,NA,NA,NA,NA
T31,GND,NA,NA,NA,NA
T32,GND,NA,NA,NA,NA
T4,GND,NA,NA,NA,NA
T5,GND,NA,NA,NA,NA
U1,GND,NA,NA,NA,NA
U12,GND,NA,NA,NA,NA
U16,GND,NA,NA,NA,NA
U2,GND,NA,NA,NA,NA
U20,GND,NA,NA,NA,NA
U26,GND,NA,NA,NA,NA
U29,GND,NA,NA,NA,NA
U3,GND,NA,NA,NA,NA
U30,GND,NA,NA,NA,NA
U33,GND,NA,NA,NA,NA
U34,GND,NA,NA,NA,NA
V10,GND,NA,NA,NA,NA
V15,GND,NA,NA,NA,NA
V19,GND,NA,NA,NA,NA
V25,GND,NA,NA,NA,NA
V26,GND,NA,NA,NA,NA
V27,GND,NA,NA,NA,NA
V31,GND,NA,NA,NA,NA
V5,GND,NA,NA,NA,NA
W13,GND,NA,NA,NA,NA
W16,GND,NA,NA,NA,NA
W20,GND,NA,NA,NA,NA
W23,GND,NA,NA,NA,NA
W26,GND,NA,NA,NA,NA
W29,GND,NA,NA,NA,NA
W3,GND,NA,NA,NA,NA
W33,GND,NA,NA,NA,NA
W34,GND,NA,NA,NA,NA
Y15,GND,NA,NA,NA,NA
Y17,GND,NA,NA,NA,NA
Y19,GND,NA,NA,NA,NA
Y21,GND,NA,NA,NA,NA
Y26,GND,NA,NA,NA,NA
Y28,GND,NA,NA,NA,NA
Y32,GND,NA,NA,NA,NA
Y6,GND,NA,NA,NA,NA
F28,MGTAVCC_L,NA,NA,NA,NA
G29,MGTAVCC_L,NA,NA,NA,NA
H27,MGTAVCC_L,NA,NA,NA,NA
L29,MGTAVCC_L,NA,NA,NA,NA
P28,MGTAVCC_L,NA,NA,NA,NA
R29,MGTAVCC_L,NA,NA,NA,NA
A10,MGTAVCC_R,NA,NA,NA,NA
B8,MGTAVCC_R,NA,NA,NA,NA
C6,MGTAVCC_R,NA,NA,NA,NA
D7,MGTAVCC_R,NA,NA,NA,NA
E5,MGTAVCC_R,NA,NA,NA,NA
G6,MGTAVCC_R,NA,NA,NA,NA
K8,MGTAVCC_R,NA,NA,NA,NA
B31,MGTAVTT_L,NA,NA,NA,NA
C29,MGTAVTT_L,NA,NA,NA,NA
D32,MGTAVTT_L,NA,NA,NA,NA
E30,MGTAVTT_L,NA,NA,NA,NA
F31,MGTAVTT_L,NA,NA,NA,NA
H32,MGTAVTT_L,NA,NA,NA,NA
J30,MGTAVTT_L,NA,NA,NA,NA
K31,MGTAVTT_L,NA,NA,NA,NA
M32,MGTAVTT_L,NA,NA,NA,NA
N30,MGTAVTT_L,NA,NA,NA,NA
P31,MGTAVTT_L,NA,NA,NA,NA
B3,MGTAVTT_R,NA,NA,NA,NA
D4,MGTAVTT_R,NA,NA,NA,NA
F3,MGTAVTT_R,NA,NA,NA,NA
H4,MGTAVTT_R,NA,NA,NA,NA
J5,MGTAVTT_R,NA,NA,NA,NA
K3,MGTAVTT_R,NA,NA,NA,NA
L6,MGTAVTT_R,NA,NA,NA,NA
M4,MGTAVTT_R,NA,NA,NA,NA
N5,MGTAVTT_R,NA,NA,NA,NA
P3,MGTAVTT_R,NA,NA,NA,NA
K28,MGTVCCAUX_L,NA,NA,NA,NA
M27,MGTVCCAUX_L,NA,NA,NA,NA
F8,MGTVCCAUX_R,NA,NA,NA,NA
H7,MGTVCCAUX_R,NA,NA,NA,NA
AA29,PS_MGTRAVCC,NA,NA,NA,NA
V28,PS_MGTRAVCC,NA,NA,NA,NA
W30,PS_MGTRAVCC,NA,NA,NA,NA
Y27,PS_MGTRAVCC,NA,NA,NA,NA
AB32,PS_MGTRAVTT,NA,NA,NA,NA
V32,PS_MGTRAVTT,NA,NA,NA,NA
Y31,PS_MGTRAVTT,NA,NA,NA,NA
AA22,VCC_PSBATT,NA,NA,NA,NA
Y24,VCC_PSDDR_PLL,NA,NA,NA,NA
Y25,VCC_PSDDR_PLL,NA,NA,NA,NA
AC24,VCC_PSINTFP,NA,NA,NA,NA
AD21,VCC_PSINTFP,NA,NA,NA,NA
AD22,VCC_PSINTFP,NA,NA,NA,NA
AD25,VCC_PSINTFP,NA,NA,NA,NA
AD26,VCC_PSINTFP,NA,NA,NA,NA
AE22,VCC_PSINTFP,NA,NA,NA,NA
AE23,VCC_PSINTFP,NA,NA,NA,NA
AD24,VCC_PSINTFP_DDR,NA,NA,NA,NA
AE24,VCC_PSINTFP_DDR,NA,NA,NA,NA
AE25,VCC_PSINTFP_DDR,NA,NA,NA,NA
AA21,VCC_PSINTLP,NA,NA,NA,NA
AB21,VCC_PSINTLP,NA,NA,NA,NA
AB23,VCC_PSINTLP,NA,NA,NA,NA
AC21,VCC_PSINTLP,NA,NA,NA,NA
AC22,VCC_PSINTLP,NA,NA,NA,NA
AC23,VCC_PSINTLP,NA,NA,NA,NA
W22,VCC_PSPLL,NA,NA,NA,NA
W24,VCC_PSPLL,NA,NA,NA,NA
W25,VCC_PSPLL,NA,NA,NA,NA
T14,VCCAUX,NA,NA,NA,NA
U14,VCCAUX,NA,NA,NA,NA
U13,VCCAUX_IO,NA,NA,NA,NA
V13,VCCAUX_IO,NA,NA,NA,NA
V14,VCCAUX_IO,NA,NA,NA,NA
AB14,VCCBRAM,NA,NA,NA,NA
AC14,VCCBRAM,NA,NA,NA,NA
W14,VCCBRAM,NA,NA,NA,NA
Y14,VCCBRAM,NA,NA,NA,NA
AA15,VCCINT,NA,NA,NA,NA
AA17,VCCINT,NA,NA,NA,NA
AA19,VCCINT,NA,NA,NA,NA
AB16,VCCINT,NA,NA,NA,NA
AB18,VCCINT,NA,NA,NA,NA
AB20,VCCINT,NA,NA,NA,NA
AC15,VCCINT,NA,NA,NA,NA
AC17,VCCINT,NA,NA,NA,NA
AC19,VCCINT,NA,NA,NA,NA
M16,VCCINT,NA,NA,NA,NA
M18,VCCINT,NA,NA,NA,NA
M20,VCCINT,NA,NA,NA,NA
N15,VCCINT,NA,NA,NA,NA
N17,VCCINT,NA,NA,NA,NA
N19,VCCINT,NA,NA,NA,NA
P14,VCCINT,NA,NA,NA,NA
P16,VCCINT,NA,NA,NA,NA
P18,VCCINT,NA,NA,NA,NA
P20,VCCINT,NA,NA,NA,NA
R15,VCCINT,NA,NA,NA,NA
R17,VCCINT,NA,NA,NA,NA
R19,VCCINT,NA,NA,NA,NA
T16,VCCINT,NA,NA,NA,NA
T20,VCCINT,NA,NA,NA,NA
U15,VCCINT,NA,NA,NA,NA
U19,VCCINT,NA,NA,NA,NA
V16,VCCINT,NA,NA,NA,NA
V20,VCCINT,NA,NA,NA,NA
W15,VCCINT,NA,NA,NA,NA
W19,VCCINT,NA,NA,NA,NA
Y16,VCCINT,NA,NA,NA,NA
Y18,VCCINT,NA,NA,NA,NA
Y20,VCCINT,NA,NA,NA,NA
AA13,VCCINT_IO,NA,NA,NA,NA
AB13,VCCINT_IO,NA,NA,NA,NA
AC13,VCCINT_IO,NA,NA,NA,NA
Y13,VCCINT_IO,NA,NA,NA,NA
AF27,NC,NA,NA,NA,NA
AF26,NC,NA,NA,NA,NA
,,,,,
Total Number of Pins,1156,,,,
