"#  (c) Copyright 2016 Xilinx, Inc. All rights reserved."
"# "
"#  This file contains confidential and proprietary information"
"#  of Xilinx, Inc. and is protected under U.S. and"
"#  international copyright and other intellectual property"
"#  laws."
"# "
"#  DISCLAIMER"
"#  This disclaimer is not a license and does not grant any"
"#  rights to the materials distributed herewith. Except as"
"#  otherwise provided in a valid license issued to you by"
"#  Xilinx, and to the maximum extent permitted by applicable"
"#  law: (1) THESE MATERIALS ARE MADE AVAILABLE ""AS IS"" AND"
"#  WITH ALL FAULTS, AND XILINX HEREBY DISCLAIMS ALL WARRANTIES"
"#  AND CONDITIONS, EXPRESS, IMPLIED, OR STATUTORY, INCLUDING"
"#  BUT NOT LIMITED TO WARRANTIES OF MERCHANTABILITY, NON-"
"#  INFRINGEMENT, OR FITNESS FOR ANY PARTICULAR PURPOSE; and"
"#  (2) Xilinx shall not be liable (whether in contract or tort,"
"#  including negligence, or under any other theory of"
"#  liability) for any loss or damage of any kind or nature"
"#  related to, arising under or in connection with these"
"#  materials, including for any direct, or any indirect,"
"#  special, incidental, or consequential loss or damage"
"#  (including loss of data, profits, goodwill, or any type of"
"#  loss or damage suffered as a result of any action brought"
"#  by a third party) even if such damage or loss was"
"#  reasonably foreseeable or Xilinx had been advised of the"
"#  possibility of the same."
"# "
"#  CRITICAL APPLICATIONS"
"#  Xilinx products are not designed or intended to be fail-"
"#  safe, or for use in any application requiring fail-safe"
"#  performance, such as life-support or safety devices or"
"#  systems, Class III medical devices, nuclear facilities,"
"#  applications related to the deployment of airbags, or any"
"#  other applications that could lead to death, personal"
"#  injury, or severe property or environmental damage"
"#  (individually and collectively, ""Critical"
"#  Applications""). Customer assumes the sole risk and"
"#  liability of any use of Xilinx products in Critical"
"#  Applications, subject only to applicable laws and"
"#  regulations governing limitations on product liability."
"# "
"#  THIS COPYRIGHT NOTICE AND DISCLAIMER MUST BE RETAINED AS"
"#  PART OF THIS FILE AT ALL TIMES."
"# "
"#----------------------------------------------------------------------"
"#  ASCII Pinout File"
"# "
"#  Device   : xczu27drffvg1517"
"#  Date     : 5/12/2018 14:55:59"
"#  Revision : 1.1"
"#  Status   : Production"
"# "
"#  Production package specifications are released coincident"
"#  with production release of a particular device."
"# "
"#----------------------------------------------------------------------"
"#  Modification History"
"#  | Date    : 2/8/2017"
"#  | Revision: 0.1"
"#  | Status  : Evaluation Only"
"#  | Details : correct banking number from 500 to -1 for GND_PSADC and VCC_PSADC"
"#----------------------------------------------------------------------"
"#  | Date    : 5/4/2017"
"#  | Revision: 1.0"
"#  | Status  : Engineering Sample"
"#  | Details : Updated DC12 and DC11.5 FFVG1517 to Engineering_Sample"
"#----------------------------------------------------------------------"
"#  | Date    : 5/12/2018"
"#  | Revision: 1.1"
"#  | Status  : Production"
"#  | Details : Updated from Engineering Sample to Production"
"#----------------------------------------------------------------------"
,,,,,
Pin,Pin Name,Memory Byte Group,Bank,I/O Type,Super Logic Region
AA16,DXN,NA,NA,NA,NA
AA17,DXP,NA,NA,NA,NA
V17,GNDADC,NA,NA,NA,NA
AF12,POR_OVERRIDE,NA,NA,NA,NA
AF14,PUDC_B,NA,0,CONFIG,NA
V16,VCCADC,NA,NA,NA,NA
Y16,VN,NA,NA,NA,NA
W17,VP,NA,NA,NA,NA
W16,VREFN,NA,NA,NA,NA
Y17,VREFP,NA,NA,NA,NA
A16,IO_L24N_T3U_N11_69,3U,69,HP,NA
A17,IO_L24P_T3U_N10_69,3U,69,HP,NA
D15,IO_L23N_T3U_N9_69,3U,69,HP,NA
D16,IO_L23P_T3U_N8_69,3U,69,HP,NA
B17,IO_L22N_T3U_N7_DBC_AD0N_69,3U,69,HP,NA
B18,IO_L22P_T3U_N6_DBC_AD0P_69,3U,69,HP,NA
C16,IO_L21N_T3L_N5_AD8N_69,3L,69,HP,NA
C17,IO_L21P_T3L_N4_AD8P_69,3L,69,HP,NA
A19,IO_L20N_T3L_N3_AD1N_69,3L,69,HP,NA
B19,IO_L20P_T3L_N2_AD1P_69,3L,69,HP,NA
C18,IO_L19N_T3L_N1_DBC_AD9N_69,3L,69,HP,NA
D18,IO_L19P_T3L_N0_DBC_AD9P_69,3L,69,HP,NA
D19,IO_T3U_N12_69,3U,69,HP,NA
E19,IO_T2U_N12_69,2U,69,HP,NA
E17,IO_L18N_T2U_N11_AD2N_69,2U,69,HP,NA
E18,IO_L18P_T2U_N10_AD2P_69,2U,69,HP,NA
E16,IO_L17N_T2U_N9_AD10N_69,2U,69,HP,NA
F16,IO_L17P_T2U_N8_AD10P_69,2U,69,HP,NA
F19,IO_L16N_T2U_N7_QBC_AD3N_69,2U,69,HP,NA
G19,IO_L16P_T2U_N6_QBC_AD3P_69,2U,69,HP,NA
F15,IO_L15N_T2L_N5_AD11N_69,2L,69,HP,NA
G15,IO_L15P_T2L_N4_AD11P_69,2L,69,HP,NA
G18,IO_L14N_T2L_N3_GC_69,2L,69,HP,NA
H18,IO_L14P_T2L_N2_GC_69,2L,69,HP,NA
F17,IO_L13N_T2L_N1_GC_QBC_69,2L,69,HP,NA
G17,IO_L13P_T2L_N0_GC_QBC_69,2L,69,HP,NA
J18,IO_L12N_T1U_N11_GC_69,1U,69,HP,NA
J19,IO_L12P_T1U_N10_GC_69,1U,69,HP,NA
H16,IO_L11N_T1U_N9_GC_69,1U,69,HP,NA
H17,IO_L11P_T1U_N8_GC_69,1U,69,HP,NA
K18,IO_L10N_T1U_N7_QBC_AD4N_69,1U,69,HP,NA
K19,IO_L10P_T1U_N6_QBC_AD4P_69,1U,69,HP,NA
J16,IO_L9N_T1L_N5_AD12N_69,1L,69,HP,NA
K16,IO_L9P_T1L_N4_AD12P_69,1L,69,HP,NA
K17,IO_L8N_T1L_N3_AD5N_69,1L,69,HP,NA
L17,IO_L8P_T1L_N2_AD5P_69,1L,69,HP,NA
H15,IO_L7N_T1L_N1_QBC_AD13N_69,1L,69,HP,NA
J15,IO_L7P_T1L_N0_QBC_AD13P_69,1L,69,HP,NA
M18,IO_T1U_N12_69,1U,69,HP,NA
L16,IO_T0U_N12_VRP_69,0U,69,HP,NA
M17,IO_L6N_T0U_N11_AD6N_69,0U,69,HP,NA
N17,IO_L6P_T0U_N10_AD6P_69,0U,69,HP,NA
L12,IO_L5N_T0U_N9_AD14N_69,0U,69,HP,NA
M12,IO_L5P_T0U_N8_AD14P_69,0U,69,HP,NA
L14,IO_L4N_T0U_N7_DBC_AD7N_69,0U,69,HP,NA
L15,IO_L4P_T0U_N6_DBC_AD7P_69,0U,69,HP,NA
M13,IO_L3N_T0L_N5_AD15N_69,0L,69,HP,NA
N13,IO_L3P_T0L_N4_AD15P_69,0L,69,HP,NA
M15,IO_L2N_T0L_N3_69,0L,69,HP,NA
N15,IO_L2P_T0L_N2_69,0L,69,HP,NA
M14,IO_L1N_T0L_N1_DBC_69,0L,69,HP,NA
N14,IO_L1P_T0L_N0_DBC_69,0L,69,HP,NA
N16,VREF_69,NA,69,HP,NA
A14,IO_L24N_T3U_N11_68,3U,68,HP,NA
A15,IO_L24P_T3U_N10_68,3U,68,HP,NA
A11,IO_L23N_T3U_N9_68,3U,68,HP,NA
A12,IO_L23P_T3U_N8_68,3U,68,HP,NA
B15,IO_L22N_T3U_N7_DBC_AD0N_68,3U,68,HP,NA
C15,IO_L22P_T3U_N6_DBC_AD0P_68,3U,68,HP,NA
B13,IO_L21N_T3L_N5_AD8N_68,3L,68,HP,NA
B14,IO_L21P_T3L_N4_AD8P_68,3L,68,HP,NA
C13,IO_L20N_T3L_N3_AD1N_68,3L,68,HP,NA
D13,IO_L20P_T3L_N2_AD1P_68,3L,68,HP,NA
B12,IO_L19N_T3L_N1_DBC_AD9N_68,3L,68,HP,NA
C12,IO_L19P_T3L_N0_DBC_AD9P_68,3L,68,HP,NA
C11,IO_T3U_N12_68,3U,68,HP,NA
D11,IO_T2U_N12_68,2U,68,HP,NA
D14,IO_L18N_T2U_N11_AD2N_68,2U,68,HP,NA
E14,IO_L18P_T2U_N10_AD2P_68,2U,68,HP,NA
E11,IO_L17N_T2U_N9_AD10N_68,2U,68,HP,NA
F12,IO_L17P_T2U_N8_AD10P_68,2U,68,HP,NA
E12,IO_L16N_T2U_N7_QBC_AD3N_68,2U,68,HP,NA
E13,IO_L16P_T2U_N6_QBC_AD3P_68,2U,68,HP,NA
F14,IO_L15N_T2L_N5_AD11N_68,2L,68,HP,NA
G14,IO_L15P_T2L_N4_AD11P_68,2L,68,HP,NA
H12,IO_L14N_T2L_N3_GC_68,2L,68,HP,NA
H13,IO_L14P_T2L_N2_GC_68,2L,68,HP,NA
G12,IO_L13N_T2L_N1_GC_QBC_68,2L,68,HP,NA
G13,IO_L13P_T2L_N0_GC_QBC_68,2L,68,HP,NA
H10,IO_L12N_T1U_N11_GC_68,1U,68,HP,NA
H11,IO_L12P_T1U_N10_GC_68,1U,68,HP,NA
J10,IO_L11N_T1U_N9_GC_68,1U,68,HP,NA
J11,IO_L11P_T1U_N8_GC_68,1U,68,HP,NA
J13,IO_L10N_T1U_N7_QBC_AD4N_68,1U,68,HP,NA
J14,IO_L10P_T1U_N6_QBC_AD4P_68,1U,68,HP,NA
F10,IO_L9N_T1L_N5_AD12N_68,1L,68,HP,NA
F11,IO_L9P_T1L_N4_AD12P_68,1L,68,HP,NA
K10,IO_L8N_T1L_N3_AD5N_68,1L,68,HP,NA
K11,IO_L8P_T1L_N2_AD5P_68,1L,68,HP,NA
K12,IO_L7N_T1L_N1_QBC_AD13N_68,1L,68,HP,NA
K13,IO_L7P_T1L_N0_QBC_AD13P_68,1L,68,HP,NA
G10,IO_T1U_N12_68,1U,68,HP,NA
F7,IO_T0U_N12_VRP_68,0U,68,HP,NA
F9,IO_L6N_T0U_N11_AD6N_68,0U,68,HP,NA
G9,IO_L6P_T0U_N10_AD6P_68,0U,68,HP,NA
G6,IO_L5N_T0U_N9_AD14N_68,0U,68,HP,NA
G7,IO_L5P_T0U_N8_AD14P_68,0U,68,HP,NA
G8,IO_L4N_T0U_N7_DBC_AD7N_68,0U,68,HP,NA
H8,IO_L4P_T0U_N6_DBC_AD7P_68,0U,68,HP,NA
H6,IO_L3N_T0L_N5_AD15N_68,0L,68,HP,NA
H7,IO_L3P_T0L_N4_AD15P_68,0L,68,HP,NA
J9,IO_L2N_T0L_N3_68,0L,68,HP,NA
K9,IO_L2P_T0L_N2_68,0L,68,HP,NA
J7,IO_L1N_T0L_N1_DBC_68,0L,68,HP,NA
J8,IO_L1P_T0L_N0_DBC_68,0L,68,HP,NA
K14,VREF_68,NA,68,HP,NA
A21,IO_L24N_T3U_N11_67,3U,67,HP,NA
A20,IO_L24P_T3U_N10_67,3U,67,HP,NA
B20,IO_L23N_T3U_N9_67,3U,67,HP,NA
C20,IO_L23P_T3U_N8_67,3U,67,HP,NA
A22,IO_L22N_T3U_N7_DBC_AD0N_67,3U,67,HP,NA
B22,IO_L22P_T3U_N6_DBC_AD0P_67,3U,67,HP,NA
C22,IO_L21N_T3L_N5_AD8N_67,3L,67,HP,NA
C21,IO_L21P_T3L_N4_AD8P_67,3L,67,HP,NA
A24,IO_L20N_T3L_N3_AD1N_67,3L,67,HP,NA
B24,IO_L20P_T3L_N2_AD1P_67,3L,67,HP,NA
B23,IO_L19N_T3L_N1_DBC_AD9N_67,3L,67,HP,NA
C23,IO_L19P_T3L_N0_DBC_AD9P_67,3L,67,HP,NA
A25,IO_T3U_N12_67,3U,67,HP,NA
D20,IO_T2U_N12_67,2U,67,HP,NA
D21,IO_L18N_T2U_N11_AD2N_67,2U,67,HP,NA
E21,IO_L18P_T2U_N10_AD2P_67,2U,67,HP,NA
E23,IO_L17N_T2U_N9_AD10N_67,2U,67,HP,NA
E22,IO_L17P_T2U_N8_AD10P_67,2U,67,HP,NA
D24,IO_L16N_T2U_N7_QBC_AD3N_67,2U,67,HP,NA
D23,IO_L16P_T2U_N6_QBC_AD3P_67,2U,67,HP,NA
E24,IO_L15N_T2L_N5_AD11N_67,2L,67,HP,NA
F24,IO_L15P_T2L_N4_AD11P_67,2L,67,HP,NA
F20,IO_L14N_T2L_N3_GC_67,2L,67,HP,NA
G20,IO_L14P_T2L_N2_GC_67,2L,67,HP,NA
F22,IO_L13N_T2L_N1_GC_QBC_67,2L,67,HP,NA
F21,IO_L13P_T2L_N0_GC_QBC_67,2L,67,HP,NA
G23,IO_L12N_T1U_N11_GC_67,1U,67,HP,NA
H23,IO_L12P_T1U_N10_GC_67,1U,67,HP,NA
G22,IO_L11N_T1U_N9_GC_67,1U,67,HP,NA
H22,IO_L11P_T1U_N8_GC_67,1U,67,HP,NA
H20,IO_L10N_T1U_N7_QBC_AD4N_67,1U,67,HP,NA
J20,IO_L10P_T1U_N6_QBC_AD4P_67,1U,67,HP,NA
H21,IO_L9N_T1L_N5_AD12N_67,1L,67,HP,NA
J21,IO_L9P_T1L_N4_AD12P_67,1L,67,HP,NA
K24,IO_L8N_T1L_N3_AD5N_67,1L,67,HP,NA
L24,IO_L8P_T1L_N2_AD5P_67,1L,67,HP,NA
J24,IO_L7N_T1L_N1_QBC_AD13N_67,1L,67,HP,NA
J23,IO_L7P_T1L_N0_QBC_AD13P_67,1L,67,HP,NA
G24,IO_T1U_N12_67,1U,67,HP,NA
K23,IO_T0U_N12_VRP_67,0U,67,HP,NA
L20,IO_L6N_T0U_N11_AD6N_67,0U,67,HP,NA
L19,IO_L6P_T0U_N10_AD6P_67,0U,67,HP,NA
L23,IO_L5N_T0U_N9_AD14N_67,0U,67,HP,NA
L22,IO_L5P_T0U_N8_AD14P_67,0U,67,HP,NA
K22,IO_L4N_T0U_N7_DBC_AD7N_67,0U,67,HP,NA
K21,IO_L4P_T0U_N6_DBC_AD7P_67,0U,67,HP,NA
L21,IO_L3N_T0L_N5_AD15N_67,0L,67,HP,NA
M20,IO_L3P_T0L_N4_AD15P_67,0L,67,HP,NA
M19,IO_L2N_T0L_N3_67,0L,67,HP,NA
N19,IO_L2P_T0L_N2_67,0L,67,HP,NA
N21,IO_L1N_T0L_N1_DBC_67,0L,67,HP,NA
N20,IO_L1P_T0L_N0_DBC_67,0L,67,HP,NA
N18,VREF_67,NA,67,HP,NA
AF19,IO_L24N_T3U_N11_66,3U,66,HP,NA
AF20,IO_L24P_T3U_N10_66,3U,66,HP,NA
AH18,IO_L23N_T3U_N9_66,3U,66,HP,NA
AG18,IO_L23P_T3U_N8_66,3U,66,HP,NA
AH20,IO_L22N_T3U_N7_DBC_AD0N_66,3U,66,HP,NA
AG20,IO_L22P_T3U_N6_DBC_AD0P_66,3U,66,HP,NA
AJ19,IO_L21N_T3L_N5_AD8N_66,3L,66,HP,NA
AJ20,IO_L21P_T3L_N4_AD8P_66,3L,66,HP,NA
AK21,IO_L20N_T3L_N3_AD1N_66,3L,66,HP,NA
AK22,IO_L20P_T3L_N2_AD1P_66,3L,66,HP,NA
AK18,IO_L19N_T3L_N1_DBC_AD9N_66,3L,66,HP,NA
AJ18,IO_L19P_T3L_N0_DBC_AD9P_66,3L,66,HP,NA
AK19,IO_T3U_N12_66,3U,66,HP,NA
AN22,IO_T2U_N12_66,2U,66,HP,NA
AL20,IO_L18N_T2U_N11_AD2N_66,2U,66,HP,NA
AL21,IO_L18P_T2U_N10_AD2P_66,2U,66,HP,NA
AM19,IO_L17N_T2U_N9_AD10N_66,2U,66,HP,NA
AL19,IO_L17P_T2U_N8_AD10P_66,2U,66,HP,NA
AM22,IO_L16N_T2U_N7_QBC_AD3N_66,2U,66,HP,NA
AL22,IO_L16P_T2U_N6_QBC_AD3P_66,2U,66,HP,NA
AN18,IO_L15N_T2L_N5_AD11N_66,2L,66,HP,NA
AM18,IO_L15P_T2L_N4_AD11P_66,2L,66,HP,NA
AP21,IO_L14N_T2L_N3_GC_66,2L,66,HP,NA
AN21,IO_L14P_T2L_N2_GC_66,2L,66,HP,NA
AN20,IO_L13N_T2L_N1_GC_QBC_66,2L,66,HP,NA
AM20,IO_L13P_T2L_N0_GC_QBC_66,2L,66,HP,NA
AP19,IO_L12N_T1U_N11_GC_66,1U,66,HP,NA
AP20,IO_L12P_T1U_N10_GC_66,1U,66,HP,NA
AR18,IO_L11N_T1U_N9_GC_66,1U,66,HP,NA
AP18,IO_L11P_T1U_N8_GC_66,1U,66,HP,NA
AT22,IO_L10N_T1U_N7_QBC_AD4N_66,1U,66,HP,NA
AR22,IO_L10P_T1U_N6_QBC_AD4P_66,1U,66,HP,NA
AT19,IO_L9N_T1L_N5_AD12N_66,1L,66,HP,NA
AR19,IO_L9P_T1L_N4_AD12P_66,1L,66,HP,NA
AT21,IO_L8N_T1L_N3_AD5N_66,1L,66,HP,NA
AR21,IO_L8P_T1L_N2_AD5P_66,1L,66,HP,NA
AT17,IO_L7N_T1L_N1_QBC_AD13N_66,1L,66,HP,NA
AR17,IO_L7P_T1L_N0_QBC_AD13P_66,1L,66,HP,NA
AT20,IO_T1U_N12_66,1U,66,HP,NA
AU22,IO_T0U_N12_VRP_66,0U,66,HP,NA
AU19,IO_L6N_T0U_N11_AD6N_66,0U,66,HP,NA
AU20,IO_L6P_T0U_N10_AD6P_66,0U,66,HP,NA
AV18,IO_L5N_T0U_N9_AD14N_66,0U,66,HP,NA
AU18,IO_L5P_T0U_N8_AD14P_66,0U,66,HP,NA
AW21,IO_L4N_T0U_N7_DBC_AD7N_66,0U,66,HP,NA
AV21,IO_L4P_T0U_N6_DBC_AD7P_66,0U,66,HP,NA
AV17,IO_L3N_T0L_N5_AD15N_66,0L,66,HP,NA
AU17,IO_L3P_T0L_N4_AD15P_66,0L,66,HP,NA
AW20,IO_L2N_T0L_N3_66,0L,66,HP,NA
AV20,IO_L2P_T0L_N2_66,0L,66,HP,NA
AW18,IO_L1N_T0L_N1_DBC_66,0L,66,HP,NA
AW19,IO_L1P_T0L_N0_DBC_66,0L,66,HP,NA
AG19,VREF_66,NA,66,HP,NA
AJ13,IO_L24N_T3U_N11_PERSTN0_65,3U,65,HP,NA
AH13,IO_L24P_T3U_N10_PERSTN1_I2C_SDA_65,3U,65,HP,NA
AH12,IO_L23N_T3U_N9_65,3U,65,HP,NA
AG12,IO_L23P_T3U_N8_I2C_SCLK_65,3U,65,HP,NA
AK14,IO_L22N_T3U_N7_DBC_AD0N_65,3U,65,HP,NA
AJ14,IO_L22P_T3U_N6_DBC_AD0P_65,3U,65,HP,NA
AK12,IO_L21N_T3L_N5_AD8N_65,3L,65,HP,NA
AJ12,IO_L21P_T3L_N4_AD8P_65,3L,65,HP,NA
AM14,IO_L20N_T3L_N3_AD1N_65,3L,65,HP,NA
AL14,IO_L20P_T3L_N2_AD1P_65,3L,65,HP,NA
AL12,IO_L19N_T3L_N1_DBC_AD9N_65,3L,65,HP,NA
AK13,IO_L19P_T3L_N0_DBC_AD9P_65,3L,65,HP,NA
AG14,IO_T3U_N12_65,3U,65,HP,NA
AT9,IO_T2U_N12_65,2U,65,HP,NA
AL7,IO_L18N_T2U_N11_AD2N_65,2U,65,HP,NA
AL8,IO_L18P_T2U_N10_AD2P_65,2U,65,HP,NA
AM9,IO_L17N_T2U_N9_AD10N_65,2U,65,HP,NA
AL9,IO_L17P_T2U_N8_AD10P_65,2U,65,HP,NA
AN7,IO_L16N_T2U_N7_QBC_AD3N_65,2U,65,HP,NA
AN8,IO_L16P_T2U_N6_QBC_AD3P_65,2U,65,HP,NA
AM7,IO_L15N_T2L_N5_AD11N_65,2L,65,HP,NA
AM8,IO_L15P_T2L_N4_AD11P_65,2L,65,HP,NA
AR9,IO_L14N_T2L_N3_GC_65,2L,65,HP,NA
AP9,IO_L14P_T2L_N2_GC_65,2L,65,HP,NA
AR8,IO_L13N_T2L_N1_GC_QBC_65,2L,65,HP,NA
AP8,IO_L13P_T2L_N0_GC_QBC_65,2L,65,HP,NA
AP10,IO_L12N_T1U_N11_GC_65,1U,65,HP,NA
AN10,IO_L12P_T1U_N10_GC_65,1U,65,HP,NA
AP11,IO_L11N_T1U_N9_GC_65,1U,65,HP,NA
AN11,IO_L11P_T1U_N8_GC_65,1U,65,HP,NA
AN13,IO_L10N_T1U_N7_QBC_AD4N_65,1U,65,HP,NA
AM13,IO_L10P_T1U_N6_QBC_AD4P_65,1U,65,HP,NA
AM10,IO_L9N_T1L_N5_AD12N_65,1L,65,HP,NA
AL10,IO_L9P_T1L_N4_AD12P_65,1L,65,HP,NA
AR11,IO_L8N_T1L_N3_AD5N_65,1L,65,HP,NA
AR12,IO_L8P_T1L_N2_AD5P_65,1L,65,HP,NA
AN12,IO_L7N_T1L_N1_QBC_AD13N_65,1L,65,HP,NA
AM12,IO_L7P_T1L_N0_QBC_AD13P_65,1L,65,HP,NA
AL11,IO_T1U_N12_65,1U,65,HP,NA
AU9,IO_T0U_N12_VRP_65,0U,65,HP,NA
AU10,IO_L6N_T0U_N11_AD6N_65,0U,65,HP,NA
AT10,IO_L6P_T0U_N10_AD6P_65,0U,65,HP,NA
AW8,IO_L5N_T0U_N9_AD14N_65,0U,65,HP,NA
AW9,IO_L5P_T0U_N8_AD14P_65,0U,65,HP,NA
AT11,IO_L4N_T0U_N7_DBC_AD7N_65,0U,65,HP,NA
AT12,IO_L4P_T0U_N6_DBC_AD7P_SMBALERT_65,0U,65,HP,NA
AW11,IO_L3N_T0L_N5_AD15N_65,0L,65,HP,NA
AV11,IO_L3P_T0L_N4_AD15P_65,0L,65,HP,NA
AV12,IO_L2N_T0L_N3_65,0L,65,HP,NA
AU12,IO_L2P_T0L_N2_65,0L,65,HP,NA
AW10,IO_L1N_T0L_N1_DBC_65,0L,65,HP,NA
AV10,IO_L1P_T0L_N0_DBC_65,0L,65,HP,NA
AG13,VREF_65,NA,65,HP,NA
AF15,IO_T2U_N12_64,2U,64,HP,NA
AF16,IO_L18N_T2U_N11_AD2N_64,2U,64,HP,NA
AF17,IO_L18P_T2U_N10_AD2P_64,2U,64,HP,NA
AH15,IO_L17N_T2U_N9_AD10N_64,2U,64,HP,NA
AH16,IO_L17P_T2U_N8_AD10P_64,2U,64,HP,NA
AH17,IO_L16N_T2U_N7_QBC_AD3N_64,2U,64,HP,NA
AG17,IO_L16P_T2U_N6_QBC_AD3P_64,2U,64,HP,NA
AJ15,IO_L15N_T2L_N5_AD11N_64,2L,64,HP,NA
AJ16,IO_L15P_T2L_N4_AD11P_64,2L,64,HP,NA
AK16,IO_L14N_T2L_N3_GC_64,2L,64,HP,NA
AK17,IO_L14P_T2L_N2_GC_64,2L,64,HP,NA
AL15,IO_L13N_T2L_N1_GC_QBC_64,2L,64,HP,NA
AL16,IO_L13P_T2L_N0_GC_QBC_64,2L,64,HP,NA
AM17,IO_L12N_T1U_N11_GC_64,1U,64,HP,NA
AL17,IO_L12P_T1U_N10_GC_64,1U,64,HP,NA
AN15,IO_L11N_T1U_N9_GC_64,1U,64,HP,NA
AM15,IO_L11P_T1U_N8_GC_64,1U,64,HP,NA
AN16,IO_L10N_T1U_N7_QBC_AD4N_64,1U,64,HP,NA
AN17,IO_L10P_T1U_N6_QBC_AD4P_64,1U,64,HP,NA
AR14,IO_L9N_T1L_N5_AD12N_64,1L,64,HP,NA
AP14,IO_L9P_T1L_N4_AD12P_64,1L,64,HP,NA
AR16,IO_L8N_T1L_N3_AD5N_64,1L,64,HP,NA
AP16,IO_L8P_T1L_N2_AD5P_64,1L,64,HP,NA
AR13,IO_L7N_T1L_N1_QBC_AD13N_64,1L,64,HP,NA
AP13,IO_L7P_T1L_N0_QBC_AD13P_64,1L,64,HP,NA
AP15,IO_T1U_N12_64,1U,64,HP,NA
AT14,IO_T0U_N12_VRP_64,0U,64,HP,NA
AU14,IO_L6N_T0U_N11_AD6N_64,0U,64,HP,NA
AU15,IO_L6P_T0U_N10_AD6P_64,0U,64,HP,NA
AT15,IO_L5N_T0U_N9_AD14N_64,0U,64,HP,NA
AT16,IO_L5P_T0U_N8_AD14P_64,0U,64,HP,NA
AW16,IO_L4N_T0U_N7_DBC_AD7N_64,0U,64,HP,NA
AV16,IO_L4P_T0U_N6_DBC_AD7P_64,0U,64,HP,NA
AV13,IO_L3N_T0L_N5_AD15N_64,0L,64,HP,NA
AU13,IO_L3P_T0L_N4_AD15P_64,0L,64,HP,NA
AW15,IO_L2N_T0L_N3_64,0L,64,HP,NA
AV15,IO_L2P_T0L_N2_64,0L,64,HP,NA
AW13,IO_L1N_T0L_N1_DBC_64,0L,64,HP,NA
AW14,IO_L1P_T0L_N0_DBC_64,0L,64,HP,NA
AG15,VREF_64,NA,64,HP,NA
A9,IO_L12N_AD8N_87,NA,87,HD,NA
A10,IO_L12P_AD8P_87,NA,87,HD,NA
A6,IO_L11N_AD9N_87,NA,87,HD,NA
A7,IO_L11P_AD9P_87,NA,87,HD,NA
A5,IO_L10N_AD10N_87,NA,87,HD,NA
B5,IO_L10P_AD10P_87,NA,87,HD,NA
C5,IO_L9N_AD11N_87,NA,87,HD,NA
C6,IO_L9P_AD11P_87,NA,87,HD,NA
B9,IO_L8N_HDGC_87,NA,87,HD,NA
B10,IO_L8P_HDGC_87,NA,87,HD,NA
B7,IO_L7N_HDGC_87,NA,87,HD,NA
B8,IO_L7P_HDGC_87,NA,87,HD,NA
D8,IO_L6N_HDGC_87,NA,87,HD,NA
D9,IO_L6P_HDGC_87,NA,87,HD,NA
C7,IO_L5N_HDGC_87,NA,87,HD,NA
C8,IO_L5P_HDGC_87,NA,87,HD,NA
C10,IO_L4N_AD12N_87,NA,87,HD,NA
D10,IO_L4P_AD12P_87,NA,87,HD,NA
D6,IO_L3N_AD13N_87,NA,87,HD,NA
E7,IO_L3P_AD13P_87,NA,87,HD,NA
E8,IO_L2N_AD14N_87,NA,87,HD,NA
E9,IO_L2P_AD14P_87,NA,87,HD,NA
E6,IO_L1N_AD15N_87,NA,87,HD,NA
F6,IO_L1P_AD15P_87,NA,87,HD,NA
AP5,IO_L12N_AD0N_84,NA,84,HD,NA
AP6,IO_L12P_AD0P_84,NA,84,HD,NA
AR6,IO_L11N_AD1N_84,NA,84,HD,NA
AR7,IO_L11P_AD1P_84,NA,84,HD,NA
AV7,IO_L10N_AD2N_84,NA,84,HD,NA
AU7,IO_L10P_AD2P_84,NA,84,HD,NA
AV8,IO_L9N_AD3N_84,NA,84,HD,NA
AU8,IO_L9P_AD3P_84,NA,84,HD,NA
AT6,IO_L8N_HDGC_AD4N_84,NA,84,HD,NA
AT7,IO_L8P_HDGC_AD4P_84,NA,84,HD,NA
AU5,IO_L7N_HDGC_AD5N_84,NA,84,HD,NA
AT5,IO_L7P_HDGC_AD5P_84,NA,84,HD,NA
AU3,IO_L6N_HDGC_AD6N_84,NA,84,HD,NA
AU4,IO_L6P_HDGC_AD6P_84,NA,84,HD,NA
AV5,IO_L5N_HDGC_AD7N_84,NA,84,HD,NA
AV6,IO_L5P_HDGC_AD7P_84,NA,84,HD,NA
AU1,IO_L4N_AD8N_84,NA,84,HD,NA
AU2,IO_L4P_AD8P_84,NA,84,HD,NA
AV2,IO_L3N_AD9N_84,NA,84,HD,NA
AV3,IO_L3P_AD9P_84,NA,84,HD,NA
AW3,IO_L2N_AD10N_84,NA,84,HD,NA
AW4,IO_L2P_AD10P_84,NA,84,HD,NA
AW5,IO_L1N_AD11N_84,NA,84,HD,NA
AW6,IO_L1P_AD11P_84,NA,84,HD,NA
AA34,MGTREFCLK0N_128,NA,128,GTY,NA
AA33,MGTREFCLK0P_128,NA,128,GTY,NA
Y32,MGTREFCLK1N_128,NA,128,GTY,NA
Y31,MGTREFCLK1P_128,NA,128,GTY,NA
AA39,MGTYRXN0_128,NA,128,GTY,NA
W39,MGTYRXN1_128,NA,128,GTY,NA
U39,MGTYRXN2_128,NA,128,GTY,NA
R39,MGTYRXN3_128,NA,128,GTY,NA
AA38,MGTYRXP0_128,NA,128,GTY,NA
W38,MGTYRXP1_128,NA,128,GTY,NA
U38,MGTYRXP2_128,NA,128,GTY,NA
R38,MGTYRXP3_128,NA,128,GTY,NA
Y36,MGTYTXN0_128,NA,128,GTY,NA
V36,MGTYTXN1_128,NA,128,GTY,NA
T36,MGTYTXN2_128,NA,128,GTY,NA
R34,MGTYTXN3_128,NA,128,GTY,NA
Y35,MGTYTXP0_128,NA,128,GTY,NA
V35,MGTYTXP1_128,NA,128,GTY,NA
T35,MGTYTXP2_128,NA,128,GTY,NA
R33,MGTYTXP3_128,NA,128,GTY,NA
K32,MGTAVTTRCAL_L,NA,NA,NA,NA
W34,MGTREFCLK0N_129,NA,129,GTY,NA
W33,MGTREFCLK0P_129,NA,129,GTY,NA
V32,MGTREFCLK1N_129,NA,129,GTY,NA
V31,MGTREFCLK1P_129,NA,129,GTY,NA
K31,MGTRREF_L,NA,NA,NA,NA
N39,MGTYRXN0_129,NA,129,GTY,NA
M37,MGTYRXN1_129,NA,129,GTY,NA
L39,MGTYRXN2_129,NA,129,GTY,NA
K37,MGTYRXN3_129,NA,129,GTY,NA
N38,MGTYRXP0_129,NA,129,GTY,NA
M36,MGTYRXP1_129,NA,129,GTY,NA
L38,MGTYRXP2_129,NA,129,GTY,NA
K36,MGTYRXP3_129,NA,129,GTY,NA
P36,MGTYTXN0_129,NA,129,GTY,NA
N34,MGTYTXN1_129,NA,129,GTY,NA
L34,MGTYTXN2_129,NA,129,GTY,NA
J34,MGTYTXN3_129,NA,129,GTY,NA
P35,MGTYTXP0_129,NA,129,GTY,NA
N33,MGTYTXP1_129,NA,129,GTY,NA
L33,MGTYTXP2_129,NA,129,GTY,NA
J33,MGTYTXP3_129,NA,129,GTY,NA
U34,MGTREFCLK0N_130,NA,130,GTY,NA
U33,MGTREFCLK0P_130,NA,130,GTY,NA
T32,MGTREFCLK1N_130,NA,130,GTY,NA
T31,MGTREFCLK1P_130,NA,130,GTY,NA
J39,MGTYRXN0_130,NA,130,GTY,NA
H37,MGTYRXN1_130,NA,130,GTY,NA
G39,MGTYRXN2_130,NA,130,GTY,NA
F37,MGTYRXN3_130,NA,130,GTY,NA
J38,MGTYRXP0_130,NA,130,GTY,NA
H36,MGTYRXP1_130,NA,130,GTY,NA
G38,MGTYRXP2_130,NA,130,GTY,NA
F36,MGTYRXP3_130,NA,130,GTY,NA
H32,MGTYTXN0_130,NA,130,GTY,NA
G34,MGTYTXN1_130,NA,130,GTY,NA
F32,MGTYTXN2_130,NA,130,GTY,NA
E34,MGTYTXN3_130,NA,130,GTY,NA
H31,MGTYTXP0_130,NA,130,GTY,NA
G33,MGTYTXP1_130,NA,130,GTY,NA
F31,MGTYTXP2_130,NA,130,GTY,NA
E33,MGTYTXP3_130,NA,130,GTY,NA
P32,MGTREFCLK0N_131,NA,131,GTY,NA
P31,MGTREFCLK0P_131,NA,131,GTY,NA
M32,MGTREFCLK1N_131,NA,131,GTY,NA
M31,MGTREFCLK1P_131,NA,131,GTY,NA
E39,MGTYRXN0_131,NA,131,GTY,NA
D37,MGTYRXN1_131,NA,131,GTY,NA
C39,MGTYRXN2_131,NA,131,GTY,NA
B37,MGTYRXN3_131,NA,131,GTY,NA
E38,MGTYRXP0_131,NA,131,GTY,NA
D36,MGTYRXP1_131,NA,131,GTY,NA
C38,MGTYRXP2_131,NA,131,GTY,NA
B36,MGTYRXP3_131,NA,131,GTY,NA
D32,MGTYTXN0_131,NA,131,GTY,NA
C34,MGTYTXN1_131,NA,131,GTY,NA
B32,MGTYTXN2_131,NA,131,GTY,NA
A34,MGTYTXN3_131,NA,131,GTY,NA
D31,MGTYTXP0_131,NA,131,GTY,NA
C33,MGTYTXP1_131,NA,131,GTY,NA
B31,MGTYTXP2_131,NA,131,GTY,NA
A33,MGTYTXP3_131,NA,131,GTY,NA
AF4,ADC_CLK_N_224,NA,224,ADC,NA
AF5,ADC_CLK_P_224,NA,224,ADC,NA
AB8,ADC_REXT_224,NA,224,ADC,NA
AL5,VCM01_224,NA,224,ADC,NA
AL4,VCM23_224,NA,224,ADC,NA
AP1,ADC_VIN_I01_N_224,NA,224,ADC,NA
AP2,ADC_VIN_I01_P_224,NA,224,ADC,NA
AM1,ADC_VIN_I23_N_224,NA,224,ADC,NA
AM2,ADC_VIN_I23_P_224,NA,224,ADC,NA
AD4,ADC_CLK_N_225,NA,225,ADC,NA
AD5,ADC_CLK_P_225,NA,225,ADC,NA
AK5,VCM01_225,NA,225,ADC,NA
AK4,VCM23_225,NA,225,ADC,NA
AK1,ADC_VIN_I01_N_225,NA,225,ADC,NA
AK2,ADC_VIN_I01_P_225,NA,225,ADC,NA
AH1,ADC_VIN_I23_N_225,NA,225,ADC,NA
AH2,ADC_VIN_I23_P_225,NA,225,ADC,NA
AB4,ADC_CLK_N_226,NA,226,ADC,NA
AB5,ADC_CLK_P_226,NA,226,ADC,NA
AJ5,VCM01_226,NA,226,ADC,NA
AJ4,VCM23_226,NA,226,ADC,NA
AF1,ADC_VIN_I01_N_226,NA,226,ADC,NA
AF2,ADC_VIN_I01_P_226,NA,226,ADC,NA
AD1,ADC_VIN_I23_N_226,NA,226,ADC,NA
AD2,ADC_VIN_I23_P_226,NA,226,ADC,NA
Y4,ADC_CLK_N_227,NA,227,ADC,NA
Y5,ADC_CLK_P_227,NA,227,ADC,NA
AH5,VCM01_227,NA,227,ADC,NA
AH4,VCM23_227,NA,227,ADC,NA
AB1,ADC_VIN_I01_N_227,NA,227,ADC,NA
AB2,ADC_VIN_I01_P_227,NA,227,ADC,NA
Y1,ADC_VIN_I23_N_227,NA,227,ADC,NA
Y2,ADC_VIN_I23_P_227,NA,227,ADC,NA
R4,DAC_CLK_N_228,NA,228,DAC,NA
R5,DAC_CLK_P_228,NA,228,DAC,NA
W8,DAC_REXT_228,NA,228,DAC,NA
U4,SYSREF_N_228,NA,228,DAC,NA
U5,SYSREF_P_228,NA,228,DAC,NA
U1,DAC_VOUT0_N_228,NA,228,DAC,NA
U2,DAC_VOUT0_P_228,NA,228,DAC,NA
R1,DAC_VOUT1_N_228,NA,228,DAC,NA
R2,DAC_VOUT1_P_228,NA,228,DAC,NA
N1,DAC_VOUT2_N_228,NA,228,DAC,NA
N2,DAC_VOUT2_P_228,NA,228,DAC,NA
L1,DAC_VOUT3_N_228,NA,228,DAC,NA
L2,DAC_VOUT3_P_228,NA,228,DAC,NA
N4,DAC_CLK_N_229,NA,229,DAC,NA
N5,DAC_CLK_P_229,NA,229,DAC,NA
J1,DAC_VOUT0_N_229,NA,229,DAC,NA
J2,DAC_VOUT0_P_229,NA,229,DAC,NA
G1,DAC_VOUT1_N_229,NA,229,DAC,NA
G2,DAC_VOUT1_P_229,NA,229,DAC,NA
E1,DAC_VOUT2_N_229,NA,229,DAC,NA
E2,DAC_VOUT2_P_229,NA,229,DAC,NA
C1,DAC_VOUT3_N_229,NA,229,DAC,NA
C2,DAC_VOUT3_P_229,NA,229,DAC,NA
R26,PS_MIO0,NA,500,PSMIO,NA
P26,PS_MIO1,NA,500,PSMIO,NA
V27,PS_MIO10,NA,500,PSMIO,NA
P28,PS_MIO11,NA,500,PSMIO,NA
N29,PS_MIO12,NA,500,PSMIO,NA
R28,PS_MIO13,NA,500,PSMIO,NA
P29,PS_MIO14,NA,500,PSMIO,NA
U28,PS_MIO15,NA,500,PSMIO,NA
R29,PS_MIO16,NA,500,PSMIO,NA
T29,PS_MIO17,NA,500,PSMIO,NA
Y27,PS_MIO18,NA,500,PSMIO,NA
W28,PS_MIO19,NA,500,PSMIO,NA
Y26,PS_MIO2,NA,500,PSMIO,NA
V28,PS_MIO20,NA,500,PSMIO,NA
V29,PS_MIO21,NA,500,PSMIO,NA
Y28,PS_MIO22,NA,500,PSMIO,NA
U29,PS_MIO23,NA,500,PSMIO,NA
Y29,PS_MIO24,NA,500,PSMIO,NA
W29,PS_MIO25,NA,500,PSMIO,NA
T27,PS_MIO3,NA,500,PSMIO,NA
V26,PS_MIO4,NA,500,PSMIO,NA
AA26,PS_MIO5,NA,500,PSMIO,NA
W26,PS_MIO6,NA,500,PSMIO,NA
T26,PS_MIO7,NA,500,PSMIO,NA
U27,PS_MIO8,NA,500,PSMIO,NA
R27,PS_MIO9,NA,500,PSMIO,NA
G25,PS_MIO26,NA,501,PSMIO,NA
C25,PS_MIO27,NA,501,PSMIO,NA
F25,PS_MIO28,NA,501,PSMIO,NA
B25,PS_MIO29,NA,501,PSMIO,NA
D25,PS_MIO30,NA,501,PSMIO,NA
C26,PS_MIO31,NA,501,PSMIO,NA
A26,PS_MIO32,NA,501,PSMIO,NA
A27,PS_MIO33,NA,501,PSMIO,NA
B27,PS_MIO34,NA,501,PSMIO,NA
E26,PS_MIO35,NA,501,PSMIO,NA
C27,PS_MIO36,NA,501,PSMIO,NA
F26,PS_MIO37,NA,501,PSMIO,NA
E27,PS_MIO38,NA,501,PSMIO,NA
B28,PS_MIO39,NA,501,PSMIO,NA
D26,PS_MIO40,NA,501,PSMIO,NA
C28,PS_MIO41,NA,501,PSMIO,NA
E28,PS_MIO42,NA,501,PSMIO,NA
D28,PS_MIO43,NA,501,PSMIO,NA
F27,PS_MIO44,NA,501,PSMIO,NA
G27,PS_MIO45,NA,501,PSMIO,NA
A29,PS_MIO46,NA,501,PSMIO,NA
C29,PS_MIO47,NA,501,PSMIO,NA
D29,PS_MIO48,NA,501,PSMIO,NA
B29,PS_MIO49,NA,501,PSMIO,NA
F29,PS_MIO50,NA,501,PSMIO,NA
E29,PS_MIO51,NA,501,PSMIO,NA
N26,PS_MIO52,NA,502,PSMIO,NA
L25,PS_MIO53,NA,502,PSMIO,NA
M26,PS_MIO54,NA,502,PSMIO,NA
J25,PS_MIO55,NA,502,PSMIO,NA
L26,PS_MIO56,NA,502,PSMIO,NA
H25,PS_MIO57,NA,502,PSMIO,NA
H26,PS_MIO58,NA,502,PSMIO,NA
H27,PS_MIO59,NA,502,PSMIO,NA
J26,PS_MIO60,NA,502,PSMIO,NA
G28,PS_MIO61,NA,502,PSMIO,NA
K26,PS_MIO62,NA,502,PSMIO,NA
G29,PS_MIO63,NA,502,PSMIO,NA
K27,PS_MIO64,NA,502,PSMIO,NA
L27,PS_MIO65,NA,502,PSMIO,NA
N27,PS_MIO66,NA,502,PSMIO,NA
J28,PS_MIO67,NA,502,PSMIO,NA
H29,PS_MIO68,NA,502,PSMIO,NA
M27,PS_MIO69,NA,502,PSMIO,NA
K28,PS_MIO70,NA,502,PSMIO,NA
H28,PS_MIO71,NA,502,PSMIO,NA
J29,PS_MIO72,NA,502,PSMIO,NA
K29,PS_MIO73,NA,502,PSMIO,NA
M28,PS_MIO74,NA,502,PSMIO,NA
N28,PS_MIO75,NA,502,PSMIO,NA
M29,PS_MIO76,NA,502,PSMIO,NA
L29,PS_MIO77,NA,502,PSMIO,NA
AB27,PS_DONE,NA,503,PSCONFIG,NA
AF30,PS_ERROR_OUT,NA,503,PSCONFIG,NA
AC32,PS_ERROR_STATUS,NA,503,PSCONFIG,NA
AB26,PS_INIT_B,NA,503,PSCONFIG,NA
AA29,PS_JTAG_TCK,NA,503,PSCONFIG,NA
AD31,PS_JTAG_TDI,NA,503,PSCONFIG,NA
AD32,PS_JTAG_TDO,NA,503,PSCONFIG,NA
AD30,PS_JTAG_TMS,NA,503,PSCONFIG,NA
AC31,PS_MODE0,NA,503,PSCONFIG,NA
AB30,PS_MODE1,NA,503,PSCONFIG,NA
AB31,PS_MODE2,NA,503,PSCONFIG,NA
AE32,PS_MODE3,NA,503,PSCONFIG,NA
AE31,PS_PADI,NA,503,PSCONFIG,NA
AF31,PS_PADO,NA,503,PSCONFIG,NA
AB29,PS_POR_B,NA,503,PSCONFIG,NA
AA27,PS_PROG_B,NA,503,PSCONFIG,NA
AC30,PS_REF_CLK,NA,503,PSCONFIG,NA
AB28,PS_SRST_B,NA,503,PSCONFIG,NA
AV31,PS_DDR_A0,NA,504,PSDDR,NA
AW28,PS_DDR_A1,NA,504,PSDDR,NA
AT31,PS_DDR_A10,NA,504,PSDDR,NA
AT32,PS_DDR_A11,NA,504,PSDDR,NA
AT30,PS_DDR_A12,NA,504,PSDDR,NA
AU32,PS_DDR_A13,NA,504,PSDDR,NA
AR28,PS_DDR_A14,NA,504,PSDDR,NA
AP30,PS_DDR_A15,NA,504,PSDDR,NA
AP28,PS_DDR_A16,NA,504,PSDDR,NA
AK29,PS_DDR_A17,NA,504,PSDDR,NA
AV28,PS_DDR_A2,NA,504,PSDDR,NA
AU29,PS_DDR_A3,NA,504,PSDDR,NA
AW31,PS_DDR_A4,NA,504,PSDDR,NA
AU28,PS_DDR_A5,NA,504,PSDDR,NA
AL29,PS_DDR_A6,NA,504,PSDDR,NA
AM30,PS_DDR_A7,NA,504,PSDDR,NA
AM29,PS_DDR_A8,NA,504,PSDDR,NA
AP29,PS_DDR_A9,NA,504,PSDDR,NA
AL30,PS_DDR_ACT_N,NA,504,PSDDR,NA
AL32,PS_DDR_ALERT_N,NA,504,PSDDR,NA
AN30,PS_DDR_BA0,NA,504,PSDDR,NA
AM32,PS_DDR_BA1,NA,504,PSDDR,NA
AN32,PS_DDR_BG0,NA,504,PSDDR,NA
AL31,PS_DDR_BG1,NA,504,PSDDR,NA
AU30,PS_DDR_CK0,NA,504,PSDDR,NA
AR29,PS_DDR_CK1,NA,504,PSDDR,NA
AW30,PS_DDR_CKE0,NA,504,PSDDR,NA
AR32,PS_DDR_CKE1,NA,504,PSDDR,NA
AV30,PS_DDR_CK_N0,NA,504,PSDDR,NA
AT29,PS_DDR_CK_N1,NA,504,PSDDR,NA
AW29,PS_DDR_CS_N0,NA,504,PSDDR,NA
AR31,PS_DDR_CS_N1,NA,504,PSDDR,NA
AU23,PS_DDR_DM0,NA,504,PSDDR,NA
AT27,PS_DDR_DM1,NA,504,PSDDR,NA
AL24,PS_DDR_DM2,NA,504,PSDDR,NA
AM27,PS_DDR_DM3,NA,504,PSDDR,NA
AV36,PS_DDR_DM4,NA,504,PSDDR,NA
AT35,PS_DDR_DM5,NA,504,PSDDR,NA
AM36,PS_DDR_DM6,NA,504,PSDDR,NA
AJ32,PS_DDR_DM7,NA,504,PSDDR,NA
AR38,PS_DDR_DM8,NA,504,PSDDR,NA
AW25,PS_DDR_DQ0,NA,504,PSDDR,NA
AW24,PS_DDR_DQ1,NA,504,PSDDR,NA
AU25,PS_DDR_DQ10,NA,504,PSDDR,NA
AR27,PS_DDR_DQ11,NA,504,PSDDR,NA
AU27,PS_DDR_DQ12,NA,504,PSDDR,NA
AV26,PS_DDR_DQ13,NA,504,PSDDR,NA
AV27,PS_DDR_DQ14,NA,504,PSDDR,NA
AW26,PS_DDR_DQ15,NA,504,PSDDR,NA
AP25,PS_DDR_DQ16,NA,504,PSDDR,NA
AP24,PS_DDR_DQ17,NA,504,PSDDR,NA
AP23,PS_DDR_DQ18,NA,504,PSDDR,NA
AN25,PS_DDR_DQ19,NA,504,PSDDR,NA
AV25,PS_DDR_DQ2,NA,504,PSDDR,NA
AM25,PS_DDR_DQ20,NA,504,PSDDR,NA
AK24,PS_DDR_DQ21,NA,504,PSDDR,NA
AN23,PS_DDR_DQ22,NA,504,PSDDR,NA
AK23,PS_DDR_DQ23,NA,504,PSDDR,NA
AK26,PS_DDR_DQ24,NA,504,PSDDR,NA
AL25,PS_DDR_DQ25,NA,504,PSDDR,NA
AK28,PS_DDR_DQ26,NA,504,PSDDR,NA
AK27,PS_DDR_DQ27,NA,504,PSDDR,NA
AN27,PS_DDR_DQ28,NA,504,PSDDR,NA
AN26,PS_DDR_DQ29,NA,504,PSDDR,NA
AW23,PS_DDR_DQ3,NA,504,PSDDR,NA
AN28,PS_DDR_DQ30,NA,504,PSDDR,NA
AM28,PS_DDR_DQ31,NA,504,PSDDR,NA
AU39,PS_DDR_DQ32,NA,504,PSDDR,NA
AU38,PS_DDR_DQ33,NA,504,PSDDR,NA
AU37,PS_DDR_DQ34,NA,504,PSDDR,NA
AU35,PS_DDR_DQ35,NA,504,PSDDR,NA
AV38,PS_DDR_DQ36,NA,504,PSDDR,NA
AW36,PS_DDR_DQ37,NA,504,PSDDR,NA
AV35,PS_DDR_DQ38,NA,504,PSDDR,NA
AW35,PS_DDR_DQ39,NA,504,PSDDR,NA
AV23,PS_DDR_DQ4,NA,504,PSDDR,NA
AU33,PS_DDR_DQ40,NA,504,PSDDR,NA
AV33,PS_DDR_DQ41,NA,504,PSDDR,NA
AW34,PS_DDR_DQ42,NA,504,PSDDR,NA
AW33,PS_DDR_DQ43,NA,504,PSDDR,NA
AR34,PS_DDR_DQ44,NA,504,PSDDR,NA
AR33,PS_DDR_DQ45,NA,504,PSDDR,NA
AP33,PS_DDR_DQ46,NA,504,PSDDR,NA
AP34,PS_DDR_DQ47,NA,504,PSDDR,NA
AL39,PS_DDR_DQ48,NA,504,PSDDR,NA
AM38,PS_DDR_DQ49,NA,504,PSDDR,NA
AV22,PS_DDR_DQ5,NA,504,PSDDR,NA
AM39,PS_DDR_DQ50,NA,504,PSDDR,NA
AN38,PS_DDR_DQ51,NA,504,PSDDR,NA
AM35,PS_DDR_DQ52,NA,504,PSDDR,NA
AM34,PS_DDR_DQ53,NA,504,PSDDR,NA
AN36,PS_DDR_DQ54,NA,504,PSDDR,NA
AN35,PS_DDR_DQ55,NA,504,PSDDR,NA
AK32,PS_DDR_DQ56,NA,504,PSDDR,NA
AK31,PS_DDR_DQ57,NA,504,PSDDR,NA
AJ31,PS_DDR_DQ58,NA,504,PSDDR,NA
AJ30,PS_DDR_DQ59,NA,504,PSDDR,NA
AR24,PS_DDR_DQ6,NA,504,PSDDR,NA
AH30,PS_DDR_DQ60,NA,504,PSDDR,NA
AG32,PS_DDR_DQ61,NA,504,PSDDR,NA
AF32,PS_DDR_DQ62,NA,504,PSDDR,NA
AG30,PS_DDR_DQ63,NA,504,PSDDR,NA
AT36,PS_DDR_DQ64,NA,504,PSDDR,NA
AR36,PS_DDR_DQ65,NA,504,PSDDR,NA
AT39,PS_DDR_DQ66,NA,504,PSDDR,NA
AP35,PS_DDR_DQ67,NA,504,PSDDR,NA
AR39,PS_DDR_DQ68,NA,504,PSDDR,NA
AP38,PS_DDR_DQ69,NA,504,PSDDR,NA
AR23,PS_DDR_DQ7,NA,504,PSDDR,NA
AP36,PS_DDR_DQ70,NA,504,PSDDR,NA
AP39,PS_DDR_DQ71,NA,504,PSDDR,NA
AT25,PS_DDR_DQ8,NA,504,PSDDR,NA
AP26,PS_DDR_DQ9,NA,504,PSDDR,NA
AU24,PS_DDR_DQS_N0,NA,504,PSDDR,NA
AT26,PS_DDR_DQS_N1,NA,504,PSDDR,NA
AM24,PS_DDR_DQS_N2,NA,504,PSDDR,NA
AL27,PS_DDR_DQS_N3,NA,504,PSDDR,NA
AW37,PS_DDR_DQS_N4,NA,504,PSDDR,NA
AU34,PS_DDR_DQS_N5,NA,504,PSDDR,NA
AN37,PS_DDR_DQS_N6,NA,504,PSDDR,NA
AH32,PS_DDR_DQS_N7,NA,504,PSDDR,NA
AT37,PS_DDR_DQS_N8,NA,504,PSDDR,NA
AT24,PS_DDR_DQS_P0,NA,504,PSDDR,NA
AR26,PS_DDR_DQS_P1,NA,504,PSDDR,NA
AM23,PS_DDR_DQS_P2,NA,504,PSDDR,NA
AL26,PS_DDR_DQS_P3,NA,504,PSDDR,NA
AV37,PS_DDR_DQS_P4,NA,504,PSDDR,NA
AT34,PS_DDR_DQS_P5,NA,504,PSDDR,NA
AM37,PS_DDR_DQS_P6,NA,504,PSDDR,NA
AH31,PS_DDR_DQS_P7,NA,504,PSDDR,NA
AR37,PS_DDR_DQS_P8,NA,504,PSDDR,NA
AV32,PS_DDR_ODT0,NA,504,PSDDR,NA
AP31,PS_DDR_ODT1,NA,504,PSDDR,NA
AN31,PS_DDR_PARITY,NA,504,PSDDR,NA
AM33,PS_DDR_RAM_RST_N,NA,504,PSDDR,NA
AN33,PS_DDR_ZQ,NA,504,PSDDR,NA
AJ39,PS_MGTRRXN0_505,NA,505,PSGTR,NA
AG39,PS_MGTRRXN1_505,NA,505,PSGTR,NA
AE39,PS_MGTRRXN2_505,NA,505,PSGTR,NA
AC39,PS_MGTRRXN3_505,NA,505,PSGTR,NA
AJ38,PS_MGTRRXP0_505,NA,505,PSGTR,NA
AG38,PS_MGTRRXP1_505,NA,505,PSGTR,NA
AE38,PS_MGTRRXP2_505,NA,505,PSGTR,NA
AC38,PS_MGTRRXP3_505,NA,505,PSGTR,NA
AK37,PS_MGTRTXN0_505,NA,505,PSGTR,NA
AH37,PS_MGTRTXN1_505,NA,505,PSGTR,NA
AF37,PS_MGTRTXN2_505,NA,505,PSGTR,NA
AD37,PS_MGTRTXN3_505,NA,505,PSGTR,NA
AK36,PS_MGTRTXP0_505,NA,505,PSGTR,NA
AH36,PS_MGTRTXP1_505,NA,505,PSGTR,NA
AF36,PS_MGTRTXP2_505,NA,505,PSGTR,NA
AD36,PS_MGTRTXP3_505,NA,505,PSGTR,NA
AJ35,PS_MGTREFCLK0N_505,NA,505,PSGTR,NA
AJ34,PS_MGTREFCLK0P_505,NA,505,PSGTR,NA
AG35,PS_MGTREFCLK1N_505,NA,505,PSGTR,NA
AG34,PS_MGTREFCLK1P_505,NA,505,PSGTR,NA
AE35,PS_MGTREFCLK2N_505,NA,505,PSGTR,NA
AE34,PS_MGTREFCLK2P_505,NA,505,PSGTR,NA
AC35,PS_MGTREFCLK3N_505,NA,505,PSGTR,NA
AC34,PS_MGTREFCLK3P_505,NA,505,PSGTR,NA
AK34,PS_MGTRREF_505,NA,NA,NA,NA
AE29,VCC_PSADC,NA,NA,NA,NA
AF29,GND_PSADC,NA,NA,NA,NA
AJ17,VCCO_64,NA,64,NA,NA
AM16,VCCO_64,NA,64,NA,NA
AR15,VCCO_64,NA,64,NA,NA
AH14,VCCO_65,NA,65,NA,NA
AM11,VCCO_65,NA,65,NA,NA
AR10,VCCO_65,NA,65,NA,NA
AK20,VCCO_66,NA,66,NA,NA
AN19,VCCO_66,NA,66,NA,NA
AT18,VCCO_66,NA,66,NA,NA
D22,VCCO_67,NA,67,NA,NA
G21,VCCO_67,NA,67,NA,NA
K20,VCCO_67,NA,67,NA,NA
D12,VCCO_68,NA,68,NA,NA
G11,VCCO_68,NA,68,NA,NA
H14,VCCO_68,NA,68,NA,NA
E15,VCCO_69,NA,69,NA,NA
F18,VCCO_69,NA,69,NA,NA
J17,VCCO_69,NA,69,NA,NA
AP7,VCCO_84,NA,84,NA,NA
AU6,VCCO_84,NA,84,NA,NA
B6,VCCO_87,NA,87,NA,NA
C9,VCCO_87,NA,87,NA,NA
U26,VCCO_PSIO0_500,NA,500,NA,NA
W27,VCCO_PSIO0_500,NA,500,NA,NA
B26,VCCO_PSIO1_501,NA,501,NA,NA
E25,VCCO_PSIO1_501,NA,501,NA,NA
H24,VCCO_PSIO2_502,NA,502,NA,NA
J27,VCCO_PSIO2_502,NA,502,NA,NA
AC29,VCCO_PSIO3_503,NA,503,NA,NA
AE30,VCCO_PSIO3_503,NA,503,NA,NA
AM31,VCCO_PSDDR_504,NA,504,NA,NA
AP27,VCCO_PSDDR_504,NA,504,NA,NA
AP32,VCCO_PSDDR_504,NA,504,NA,NA
AT28,VCCO_PSDDR_504,NA,504,NA,NA
AT33,VCCO_PSDDR_504,NA,504,NA,NA
AV29,VCCO_PSDDR_504,NA,504,NA,NA
AV34,VCCO_PSDDR_504,NA,504,NA,NA
AB9,ADC_AVCC,NA,NA,NA,NA
AC9,ADC_AVCC,NA,NA,NA,NA
AD9,ADC_AVCC,NA,NA,NA,NA
AE9,ADC_AVCC,NA,NA,NA,NA
AF9,ADC_AVCC,NA,NA,NA,NA
AG9,ADC_AVCC,NA,NA,NA,NA
AH9,ADC_AVCC,NA,NA,NA,NA
AJ9,ADC_AVCC,NA,NA,NA,NA
AB7,ADC_AVCCAUX,NA,NA,NA,NA
AC7,ADC_AVCCAUX,NA,NA,NA,NA
AD7,ADC_AVCCAUX,NA,NA,NA,NA
AE7,ADC_AVCCAUX,NA,NA,NA,NA
AF7,ADC_AVCCAUX,NA,NA,NA,NA
AG7,ADC_AVCCAUX,NA,NA,NA,NA
AH7,ADC_AVCCAUX,NA,NA,NA,NA
AJ7,ADC_AVCCAUX,NA,NA,NA,NA
AA1,ADC_GND,NA,NA,NA,NA
AA10,ADC_GND,NA,NA,NA,NA
AA2,ADC_GND,NA,NA,NA,NA
AA3,ADC_GND,NA,NA,NA,NA
AA4,ADC_GND,NA,NA,NA,NA
AA5,ADC_GND,NA,NA,NA,NA
AA6,ADC_GND,NA,NA,NA,NA
AA7,ADC_GND,NA,NA,NA,NA
AA8,ADC_GND,NA,NA,NA,NA
AA9,ADC_GND,NA,NA,NA,NA
AB10,ADC_GND,NA,NA,NA,NA
AB3,ADC_GND,NA,NA,NA,NA
AB6,ADC_GND,NA,NA,NA,NA
AC1,ADC_GND,NA,NA,NA,NA
AC10,ADC_GND,NA,NA,NA,NA
AC2,ADC_GND,NA,NA,NA,NA
AC3,ADC_GND,NA,NA,NA,NA
AC4,ADC_GND,NA,NA,NA,NA
AC5,ADC_GND,NA,NA,NA,NA
AC6,ADC_GND,NA,NA,NA,NA
AC8,ADC_GND,NA,NA,NA,NA
AD10,ADC_GND,NA,NA,NA,NA
AD3,ADC_GND,NA,NA,NA,NA
AD6,ADC_GND,NA,NA,NA,NA
AD8,ADC_GND,NA,NA,NA,NA
AE1,ADC_GND,NA,NA,NA,NA
AE2,ADC_GND,NA,NA,NA,NA
AE3,ADC_GND,NA,NA,NA,NA
AE4,ADC_GND,NA,NA,NA,NA
AE5,ADC_GND,NA,NA,NA,NA
AE6,ADC_GND,NA,NA,NA,NA
AE8,ADC_GND,NA,NA,NA,NA
AF10,ADC_GND,NA,NA,NA,NA
AF3,ADC_GND,NA,NA,NA,NA
AF6,ADC_GND,NA,NA,NA,NA
AF8,ADC_GND,NA,NA,NA,NA
AG1,ADC_GND,NA,NA,NA,NA
AG10,ADC_GND,NA,NA,NA,NA
AG2,ADC_GND,NA,NA,NA,NA
AG3,ADC_GND,NA,NA,NA,NA
AG4,ADC_GND,NA,NA,NA,NA
AG5,ADC_GND,NA,NA,NA,NA
AG6,ADC_GND,NA,NA,NA,NA
AG8,ADC_GND,NA,NA,NA,NA
AH10,ADC_GND,NA,NA,NA,NA
AH3,ADC_GND,NA,NA,NA,NA
AH6,ADC_GND,NA,NA,NA,NA
AH8,ADC_GND,NA,NA,NA,NA
AJ1,ADC_GND,NA,NA,NA,NA
AJ10,ADC_GND,NA,NA,NA,NA
AJ2,ADC_GND,NA,NA,NA,NA
AJ3,ADC_GND,NA,NA,NA,NA
AJ6,ADC_GND,NA,NA,NA,NA
AJ8,ADC_GND,NA,NA,NA,NA
AK3,ADC_GND,NA,NA,NA,NA
AL1,ADC_GND,NA,NA,NA,NA
AL2,ADC_GND,NA,NA,NA,NA
AL3,ADC_GND,NA,NA,NA,NA
AM3,ADC_GND,NA,NA,NA,NA
AM4,ADC_GND,NA,NA,NA,NA
AM5,ADC_GND,NA,NA,NA,NA
AN1,ADC_GND,NA,NA,NA,NA
AN2,ADC_GND,NA,NA,NA,NA
AN3,ADC_GND,NA,NA,NA,NA
AP3,ADC_GND,NA,NA,NA,NA
AR1,ADC_GND,NA,NA,NA,NA
AR2,ADC_GND,NA,NA,NA,NA
AR3,ADC_GND,NA,NA,NA,NA
W1,ADC_GND,NA,NA,NA,NA
W2,ADC_GND,NA,NA,NA,NA
W3,ADC_GND,NA,NA,NA,NA
W4,ADC_GND,NA,NA,NA,NA
W5,ADC_GND,NA,NA,NA,NA
W6,ADC_GND,NA,NA,NA,NA
Y3,ADC_GND,NA,NA,NA,NA
Y6,ADC_GND,NA,NA,NA,NA
AE10,ADC_SUB_GND,NA,NA,NA,NA
M9,DAC_AVCC,NA,NA,NA,NA
N9,DAC_AVCC,NA,NA,NA,NA
P9,DAC_AVCC,NA,NA,NA,NA
R9,DAC_AVCC,NA,NA,NA,NA
T9,DAC_AVCC,NA,NA,NA,NA
U9,DAC_AVCC,NA,NA,NA,NA
V9,DAC_AVCC,NA,NA,NA,NA
W9,DAC_AVCC,NA,NA,NA,NA
L6,DAC_AVCCAUX,NA,NA,NA,NA
L7,DAC_AVCCAUX,NA,NA,NA,NA
M7,DAC_AVCCAUX,NA,NA,NA,NA
N7,DAC_AVCCAUX,NA,NA,NA,NA
P7,DAC_AVCCAUX,NA,NA,NA,NA
R7,DAC_AVCCAUX,NA,NA,NA,NA
T7,DAC_AVCCAUX,NA,NA,NA,NA
U7,DAC_AVCCAUX,NA,NA,NA,NA
H4,DAC_AVTT,NA,NA,NA,NA
J4,DAC_AVTT,NA,NA,NA,NA
K4,DAC_AVTT,NA,NA,NA,NA
L4,DAC_AVTT,NA,NA,NA,NA
A2,DAC_GND,NA,NA,NA,NA
B1,DAC_GND,NA,NA,NA,NA
B2,DAC_GND,NA,NA,NA,NA
B3,DAC_GND,NA,NA,NA,NA
C3,DAC_GND,NA,NA,NA,NA
D1,DAC_GND,NA,NA,NA,NA
D2,DAC_GND,NA,NA,NA,NA
D3,DAC_GND,NA,NA,NA,NA
E3,DAC_GND,NA,NA,NA,NA
E4,DAC_GND,NA,NA,NA,NA
F1,DAC_GND,NA,NA,NA,NA
F2,DAC_GND,NA,NA,NA,NA
F3,DAC_GND,NA,NA,NA,NA
F4,DAC_GND,NA,NA,NA,NA
G3,DAC_GND,NA,NA,NA,NA
G4,DAC_GND,NA,NA,NA,NA
H1,DAC_GND,NA,NA,NA,NA
H2,DAC_GND,NA,NA,NA,NA
H3,DAC_GND,NA,NA,NA,NA
J3,DAC_GND,NA,NA,NA,NA
K1,DAC_GND,NA,NA,NA,NA
K2,DAC_GND,NA,NA,NA,NA
K3,DAC_GND,NA,NA,NA,NA
K5,DAC_GND,NA,NA,NA,NA
L3,DAC_GND,NA,NA,NA,NA
L5,DAC_GND,NA,NA,NA,NA
M1,DAC_GND,NA,NA,NA,NA
M10,DAC_GND,NA,NA,NA,NA
M2,DAC_GND,NA,NA,NA,NA
M3,DAC_GND,NA,NA,NA,NA
M4,DAC_GND,NA,NA,NA,NA
M5,DAC_GND,NA,NA,NA,NA
M6,DAC_GND,NA,NA,NA,NA
M8,DAC_GND,NA,NA,NA,NA
N10,DAC_GND,NA,NA,NA,NA
N3,DAC_GND,NA,NA,NA,NA
N6,DAC_GND,NA,NA,NA,NA
N8,DAC_GND,NA,NA,NA,NA
P1,DAC_GND,NA,NA,NA,NA
P2,DAC_GND,NA,NA,NA,NA
P3,DAC_GND,NA,NA,NA,NA
P4,DAC_GND,NA,NA,NA,NA
P5,DAC_GND,NA,NA,NA,NA
P6,DAC_GND,NA,NA,NA,NA
P8,DAC_GND,NA,NA,NA,NA
R10,DAC_GND,NA,NA,NA,NA
R3,DAC_GND,NA,NA,NA,NA
R6,DAC_GND,NA,NA,NA,NA
R8,DAC_GND,NA,NA,NA,NA
T1,DAC_GND,NA,NA,NA,NA
T10,DAC_GND,NA,NA,NA,NA
T2,DAC_GND,NA,NA,NA,NA
T3,DAC_GND,NA,NA,NA,NA
T4,DAC_GND,NA,NA,NA,NA
T5,DAC_GND,NA,NA,NA,NA
T6,DAC_GND,NA,NA,NA,NA
T8,DAC_GND,NA,NA,NA,NA
U10,DAC_GND,NA,NA,NA,NA
U3,DAC_GND,NA,NA,NA,NA
U6,DAC_GND,NA,NA,NA,NA
U8,DAC_GND,NA,NA,NA,NA
V1,DAC_GND,NA,NA,NA,NA
V10,DAC_GND,NA,NA,NA,NA
V2,DAC_GND,NA,NA,NA,NA
V3,DAC_GND,NA,NA,NA,NA
V4,DAC_GND,NA,NA,NA,NA
V5,DAC_GND,NA,NA,NA,NA
V6,DAC_GND,NA,NA,NA,NA
V7,DAC_GND,NA,NA,NA,NA
V8,DAC_GND,NA,NA,NA,NA
W10,DAC_GND,NA,NA,NA,NA
W7,DAC_GND,NA,NA,NA,NA
Y10,DAC_GND,NA,NA,NA,NA
Y7,DAC_GND,NA,NA,NA,NA
Y8,DAC_GND,NA,NA,NA,NA
Y9,DAC_GND,NA,NA,NA,NA
P10,DAC_SUB_GND,NA,NA,NA,NA
A13,GND,NA,NA,NA,NA
A18,GND,NA,NA,NA,NA
A23,GND,NA,NA,NA,NA
A28,GND,NA,NA,NA,NA
A3,GND,NA,NA,NA,NA
A30,GND,NA,NA,NA,NA
A32,GND,NA,NA,NA,NA
A35,GND,NA,NA,NA,NA
A36,GND,NA,NA,NA,NA
A37,GND,NA,NA,NA,NA
A38,GND,NA,NA,NA,NA
A4,GND,NA,NA,NA,NA
A8,GND,NA,NA,NA,NA
AA12,GND,NA,NA,NA,NA
AA14,GND,NA,NA,NA,NA
AA18,GND,NA,NA,NA,NA
AA21,GND,NA,NA,NA,NA
AA23,GND,NA,NA,NA,NA
AA24,GND,NA,NA,NA,NA
AA28,GND,NA,NA,NA,NA
AA30,GND,NA,NA,NA,NA
AA31,GND,NA,NA,NA,NA
AA32,GND,NA,NA,NA,NA
AA36,GND,NA,NA,NA,NA
AA37,GND,NA,NA,NA,NA
AB11,GND,NA,NA,NA,NA
AB13,GND,NA,NA,NA,NA
AB15,GND,NA,NA,NA,NA
AB17,GND,NA,NA,NA,NA
AB19,GND,NA,NA,NA,NA
AB21,GND,NA,NA,NA,NA
AB23,GND,NA,NA,NA,NA
AB25,GND,NA,NA,NA,NA
AB32,GND,NA,NA,NA,NA
AB33,GND,NA,NA,NA,NA
AB34,GND,NA,NA,NA,NA
AB35,GND,NA,NA,NA,NA
AB36,GND,NA,NA,NA,NA
AB37,GND,NA,NA,NA,NA
AB38,GND,NA,NA,NA,NA
AB39,GND,NA,NA,NA,NA
AC12,GND,NA,NA,NA,NA
AC14,GND,NA,NA,NA,NA
AC16,GND,NA,NA,NA,NA
AC18,GND,NA,NA,NA,NA
AC20,GND,NA,NA,NA,NA
AC21,GND,NA,NA,NA,NA
AC23,GND,NA,NA,NA,NA
AC24,GND,NA,NA,NA,NA
AC33,GND,NA,NA,NA,NA
AC37,GND,NA,NA,NA,NA
AD11,GND,NA,NA,NA,NA
AD13,GND,NA,NA,NA,NA
AD15,GND,NA,NA,NA,NA
AD17,GND,NA,NA,NA,NA
AD19,GND,NA,NA,NA,NA
AD21,GND,NA,NA,NA,NA
AD23,GND,NA,NA,NA,NA
AD27,GND,NA,NA,NA,NA
AD33,GND,NA,NA,NA,NA
AD35,GND,NA,NA,NA,NA
AD38,GND,NA,NA,NA,NA
AD39,GND,NA,NA,NA,NA
AE12,GND,NA,NA,NA,NA
AE14,GND,NA,NA,NA,NA
AE16,GND,NA,NA,NA,NA
AE18,GND,NA,NA,NA,NA
AE21,GND,NA,NA,NA,NA
AE23,GND,NA,NA,NA,NA
AE24,GND,NA,NA,NA,NA
AE25,GND,NA,NA,NA,NA
AE33,GND,NA,NA,NA,NA
AE37,GND,NA,NA,NA,NA
AF11,GND,NA,NA,NA,NA
AF13,GND,NA,NA,NA,NA
AF18,GND,NA,NA,NA,NA
AF21,GND,NA,NA,NA,NA
AF23,GND,NA,NA,NA,NA
AF28,GND,NA,NA,NA,NA
AF33,GND,NA,NA,NA,NA
AF35,GND,NA,NA,NA,NA
AF38,GND,NA,NA,NA,NA
AF39,GND,NA,NA,NA,NA
AG16,GND,NA,NA,NA,NA
AG22,GND,NA,NA,NA,NA
AG24,GND,NA,NA,NA,NA
AG26,GND,NA,NA,NA,NA
AG31,GND,NA,NA,NA,NA
AG33,GND,NA,NA,NA,NA
AG37,GND,NA,NA,NA,NA
AH11,GND,NA,NA,NA,NA
AH19,GND,NA,NA,NA,NA
AH21,GND,NA,NA,NA,NA
AH23,GND,NA,NA,NA,NA
AH29,GND,NA,NA,NA,NA
AH33,GND,NA,NA,NA,NA
AH35,GND,NA,NA,NA,NA
AH38,GND,NA,NA,NA,NA
AH39,GND,NA,NA,NA,NA
AJ22,GND,NA,NA,NA,NA
AJ24,GND,NA,NA,NA,NA
AJ27,GND,NA,NA,NA,NA
AJ33,GND,NA,NA,NA,NA
AJ37,GND,NA,NA,NA,NA
AK10,GND,NA,NA,NA,NA
AK11,GND,NA,NA,NA,NA
AK15,GND,NA,NA,NA,NA
AK25,GND,NA,NA,NA,NA
AK30,GND,NA,NA,NA,NA
AK33,GND,NA,NA,NA,NA
AK35,GND,NA,NA,NA,NA
AK38,GND,NA,NA,NA,NA
AK39,GND,NA,NA,NA,NA
AK6,GND,NA,NA,NA,NA
AK7,GND,NA,NA,NA,NA
AK8,GND,NA,NA,NA,NA
AK9,GND,NA,NA,NA,NA
AL13,GND,NA,NA,NA,NA
AL18,GND,NA,NA,NA,NA
AL23,GND,NA,NA,NA,NA
AL28,GND,NA,NA,NA,NA
AL33,GND,NA,NA,NA,NA
AL34,GND,NA,NA,NA,NA
AL35,GND,NA,NA,NA,NA
AL36,GND,NA,NA,NA,NA
AL37,GND,NA,NA,NA,NA
AL38,GND,NA,NA,NA,NA
AL6,GND,NA,NA,NA,NA
AM21,GND,NA,NA,NA,NA
AM26,GND,NA,NA,NA,NA
AM6,GND,NA,NA,NA,NA
AN14,GND,NA,NA,NA,NA
AN24,GND,NA,NA,NA,NA
AN29,GND,NA,NA,NA,NA
AN34,GND,NA,NA,NA,NA
AN39,GND,NA,NA,NA,NA
AN4,GND,NA,NA,NA,NA
AN5,GND,NA,NA,NA,NA
AN6,GND,NA,NA,NA,NA
AN9,GND,NA,NA,NA,NA
AP12,GND,NA,NA,NA,NA
AP17,GND,NA,NA,NA,NA
AP22,GND,NA,NA,NA,NA
AP37,GND,NA,NA,NA,NA
AP4,GND,NA,NA,NA,NA
AR20,GND,NA,NA,NA,NA
AR25,GND,NA,NA,NA,NA
AR30,GND,NA,NA,NA,NA
AR35,GND,NA,NA,NA,NA
AR4,GND,NA,NA,NA,NA
AR5,GND,NA,NA,NA,NA
AT1,GND,NA,NA,NA,NA
AT13,GND,NA,NA,NA,NA
AT2,GND,NA,NA,NA,NA
AT23,GND,NA,NA,NA,NA
AT3,GND,NA,NA,NA,NA
AT38,GND,NA,NA,NA,NA
AT4,GND,NA,NA,NA,NA
AT8,GND,NA,NA,NA,NA
AU11,GND,NA,NA,NA,NA
AU16,GND,NA,NA,NA,NA
AU21,GND,NA,NA,NA,NA
AU26,GND,NA,NA,NA,NA
AU31,GND,NA,NA,NA,NA
AU36,GND,NA,NA,NA,NA
AV1,GND,NA,NA,NA,NA
AV14,GND,NA,NA,NA,NA
AV19,GND,NA,NA,NA,NA
AV24,GND,NA,NA,NA,NA
AV39,GND,NA,NA,NA,NA
AV4,GND,NA,NA,NA,NA
AV9,GND,NA,NA,NA,NA
AW12,GND,NA,NA,NA,NA
AW17,GND,NA,NA,NA,NA
AW2,GND,NA,NA,NA,NA
AW22,GND,NA,NA,NA,NA
AW27,GND,NA,NA,NA,NA
AW32,GND,NA,NA,NA,NA
AW38,GND,NA,NA,NA,NA
AW7,GND,NA,NA,NA,NA
B11,GND,NA,NA,NA,NA
B16,GND,NA,NA,NA,NA
B21,GND,NA,NA,NA,NA
B30,GND,NA,NA,NA,NA
B34,GND,NA,NA,NA,NA
B35,GND,NA,NA,NA,NA
B38,GND,NA,NA,NA,NA
B39,GND,NA,NA,NA,NA
B4,GND,NA,NA,NA,NA
C14,GND,NA,NA,NA,NA
C19,GND,NA,NA,NA,NA
C24,GND,NA,NA,NA,NA
C30,GND,NA,NA,NA,NA
C32,GND,NA,NA,NA,NA
C35,GND,NA,NA,NA,NA
C36,GND,NA,NA,NA,NA
C37,GND,NA,NA,NA,NA
C4,GND,NA,NA,NA,NA
D17,GND,NA,NA,NA,NA
D27,GND,NA,NA,NA,NA
D30,GND,NA,NA,NA,NA
D34,GND,NA,NA,NA,NA
D35,GND,NA,NA,NA,NA
D38,GND,NA,NA,NA,NA
D39,GND,NA,NA,NA,NA
D4,GND,NA,NA,NA,NA
D5,GND,NA,NA,NA,NA
D7,GND,NA,NA,NA,NA
E10,GND,NA,NA,NA,NA
E20,GND,NA,NA,NA,NA
E30,GND,NA,NA,NA,NA
E32,GND,NA,NA,NA,NA
E35,GND,NA,NA,NA,NA
E36,GND,NA,NA,NA,NA
E37,GND,NA,NA,NA,NA
E5,GND,NA,NA,NA,NA
F13,GND,NA,NA,NA,NA
F23,GND,NA,NA,NA,NA
F28,GND,NA,NA,NA,NA
F30,GND,NA,NA,NA,NA
F34,GND,NA,NA,NA,NA
F35,GND,NA,NA,NA,NA
F38,GND,NA,NA,NA,NA
F39,GND,NA,NA,NA,NA
F5,GND,NA,NA,NA,NA
F8,GND,NA,NA,NA,NA
G16,GND,NA,NA,NA,NA
G26,GND,NA,NA,NA,NA
G30,GND,NA,NA,NA,NA
G32,GND,NA,NA,NA,NA
G35,GND,NA,NA,NA,NA
G36,GND,NA,NA,NA,NA
G37,GND,NA,NA,NA,NA
G5,GND,NA,NA,NA,NA
H19,GND,NA,NA,NA,NA
H30,GND,NA,NA,NA,NA
H34,GND,NA,NA,NA,NA
H35,GND,NA,NA,NA,NA
H38,GND,NA,NA,NA,NA
H39,GND,NA,NA,NA,NA
H5,GND,NA,NA,NA,NA
H9,GND,NA,NA,NA,NA
J12,GND,NA,NA,NA,NA
J22,GND,NA,NA,NA,NA
J30,GND,NA,NA,NA,NA
J32,GND,NA,NA,NA,NA
J35,GND,NA,NA,NA,NA
J36,GND,NA,NA,NA,NA
J37,GND,NA,NA,NA,NA
J5,GND,NA,NA,NA,NA
J6,GND,NA,NA,NA,NA
K15,GND,NA,NA,NA,NA
K25,GND,NA,NA,NA,NA
K30,GND,NA,NA,NA,NA
K33,GND,NA,NA,NA,NA
K35,GND,NA,NA,NA,NA
K38,GND,NA,NA,NA,NA
K39,GND,NA,NA,NA,NA
K6,GND,NA,NA,NA,NA
K7,GND,NA,NA,NA,NA
K8,GND,NA,NA,NA,NA
L10,GND,NA,NA,NA,NA
L11,GND,NA,NA,NA,NA
L13,GND,NA,NA,NA,NA
L18,GND,NA,NA,NA,NA
L28,GND,NA,NA,NA,NA
L30,GND,NA,NA,NA,NA
L32,GND,NA,NA,NA,NA
L35,GND,NA,NA,NA,NA
L36,GND,NA,NA,NA,NA
L37,GND,NA,NA,NA,NA
L8,GND,NA,NA,NA,NA
L9,GND,NA,NA,NA,NA
M11,GND,NA,NA,NA,NA
M16,GND,NA,NA,NA,NA
M21,GND,NA,NA,NA,NA
M23,GND,NA,NA,NA,NA
M25,GND,NA,NA,NA,NA
M30,GND,NA,NA,NA,NA
M34,GND,NA,NA,NA,NA
M35,GND,NA,NA,NA,NA
M38,GND,NA,NA,NA,NA
M39,GND,NA,NA,NA,NA
N12,GND,NA,NA,NA,NA
N23,GND,NA,NA,NA,NA
N24,GND,NA,NA,NA,NA
N30,GND,NA,NA,NA,NA
N32,GND,NA,NA,NA,NA
N35,GND,NA,NA,NA,NA
N36,GND,NA,NA,NA,NA
N37,GND,NA,NA,NA,NA
P11,GND,NA,NA,NA,NA
P13,GND,NA,NA,NA,NA
P15,GND,NA,NA,NA,NA
P17,GND,NA,NA,NA,NA
P19,GND,NA,NA,NA,NA
P21,GND,NA,NA,NA,NA
P23,GND,NA,NA,NA,NA
P25,GND,NA,NA,NA,NA
P27,GND,NA,NA,NA,NA
P30,GND,NA,NA,NA,NA
P34,GND,NA,NA,NA,NA
P37,GND,NA,NA,NA,NA
P38,GND,NA,NA,NA,NA
P39,GND,NA,NA,NA,NA
R12,GND,NA,NA,NA,NA
R14,GND,NA,NA,NA,NA
R16,GND,NA,NA,NA,NA
R18,GND,NA,NA,NA,NA
R21,GND,NA,NA,NA,NA
R23,GND,NA,NA,NA,NA
R24,GND,NA,NA,NA,NA
R30,GND,NA,NA,NA,NA
R32,GND,NA,NA,NA,NA
R36,GND,NA,NA,NA,NA
R37,GND,NA,NA,NA,NA
T11,GND,NA,NA,NA,NA
T13,GND,NA,NA,NA,NA
T15,GND,NA,NA,NA,NA
T17,GND,NA,NA,NA,NA
T19,GND,NA,NA,NA,NA
T21,GND,NA,NA,NA,NA
T23,GND,NA,NA,NA,NA
T25,GND,NA,NA,NA,NA
T28,GND,NA,NA,NA,NA
T30,GND,NA,NA,NA,NA
T34,GND,NA,NA,NA,NA
T37,GND,NA,NA,NA,NA
T38,GND,NA,NA,NA,NA
T39,GND,NA,NA,NA,NA
U12,GND,NA,NA,NA,NA
U14,GND,NA,NA,NA,NA
U16,GND,NA,NA,NA,NA
U18,GND,NA,NA,NA,NA
U21,GND,NA,NA,NA,NA
U23,GND,NA,NA,NA,NA
U24,GND,NA,NA,NA,NA
U30,GND,NA,NA,NA,NA
U32,GND,NA,NA,NA,NA
U36,GND,NA,NA,NA,NA
U37,GND,NA,NA,NA,NA
V11,GND,NA,NA,NA,NA
V13,GND,NA,NA,NA,NA
V15,GND,NA,NA,NA,NA
V19,GND,NA,NA,NA,NA
V21,GND,NA,NA,NA,NA
V23,GND,NA,NA,NA,NA
V25,GND,NA,NA,NA,NA
V30,GND,NA,NA,NA,NA
V34,GND,NA,NA,NA,NA
V37,GND,NA,NA,NA,NA
V38,GND,NA,NA,NA,NA
V39,GND,NA,NA,NA,NA
W12,GND,NA,NA,NA,NA
W14,GND,NA,NA,NA,NA
W18,GND,NA,NA,NA,NA
W21,GND,NA,NA,NA,NA
W23,GND,NA,NA,NA,NA
W24,GND,NA,NA,NA,NA
W30,GND,NA,NA,NA,NA
W32,GND,NA,NA,NA,NA
W36,GND,NA,NA,NA,NA
W37,GND,NA,NA,NA,NA
Y11,GND,NA,NA,NA,NA
Y13,GND,NA,NA,NA,NA
Y15,GND,NA,NA,NA,NA
Y19,GND,NA,NA,NA,NA
Y21,GND,NA,NA,NA,NA
Y23,GND,NA,NA,NA,NA
Y25,GND,NA,NA,NA,NA
Y30,GND,NA,NA,NA,NA
Y34,GND,NA,NA,NA,NA
Y37,GND,NA,NA,NA,NA
Y38,GND,NA,NA,NA,NA
Y39,GND,NA,NA,NA,NA
AD34,PS_MGTRAVCC,NA,NA,NA,NA
AF34,PS_MGTRAVCC,NA,NA,NA,NA
AH34,PS_MGTRAVCC,NA,NA,NA,NA
AC36,PS_MGTRAVTT,NA,NA,NA,NA
AE36,PS_MGTRAVTT,NA,NA,NA,NA
AG36,PS_MGTRAVTT,NA,NA,NA,NA
AJ36,PS_MGTRAVTT,NA,NA,NA,NA
P12,VCCAUX,NA,NA,NA,NA
T12,VCCAUX,NA,NA,NA,NA
V12,VCCAUX,NA,NA,NA,NA
AB12,VCCAUX_IO,NA,NA,NA,NA
AD12,VCCAUX_IO,NA,NA,NA,NA
Y12,VCCAUX_IO,NA,NA,NA,NA
AD20,VCCBRAM,NA,NA,NA,NA
AE19,VCCBRAM,NA,NA,NA,NA
AE20,VCCBRAM,NA,NA,NA,NA
AA13,VCCINT,NA,NA,NA,NA
AA15,VCCINT,NA,NA,NA,NA
AA19,VCCINT,NA,NA,NA,NA
AA20,VCCINT,NA,NA,NA,NA
AA25,VCCINT,NA,NA,NA,NA
AB14,VCCINT,NA,NA,NA,NA
AB16,VCCINT,NA,NA,NA,NA
AB18,VCCINT,NA,NA,NA,NA
AB20,VCCINT,NA,NA,NA,NA
AB24,VCCINT,NA,NA,NA,NA
AC13,VCCINT,NA,NA,NA,NA
AC15,VCCINT,NA,NA,NA,NA
AC17,VCCINT,NA,NA,NA,NA
AC19,VCCINT,NA,NA,NA,NA
AD14,VCCINT,NA,NA,NA,NA
AD16,VCCINT,NA,NA,NA,NA
AD18,VCCINT,NA,NA,NA,NA
AD24,VCCINT,NA,NA,NA,NA
AE13,VCCINT,NA,NA,NA,NA
AE15,VCCINT,NA,NA,NA,NA
AE17,VCCINT,NA,NA,NA,NA
AF24,VCCINT,NA,NA,NA,NA
AH24,VCCINT,NA,NA,NA,NA
M24,VCCINT,NA,NA,NA,NA
N25,VCCINT,NA,NA,NA,NA
P14,VCCINT,NA,NA,NA,NA
P16,VCCINT,NA,NA,NA,NA
P18,VCCINT,NA,NA,NA,NA
P20,VCCINT,NA,NA,NA,NA
P24,VCCINT,NA,NA,NA,NA
R13,VCCINT,NA,NA,NA,NA
R15,VCCINT,NA,NA,NA,NA
R17,VCCINT,NA,NA,NA,NA
R19,VCCINT,NA,NA,NA,NA
R20,VCCINT,NA,NA,NA,NA
R25,VCCINT,NA,NA,NA,NA
T14,VCCINT,NA,NA,NA,NA
T16,VCCINT,NA,NA,NA,NA
T18,VCCINT,NA,NA,NA,NA
T20,VCCINT,NA,NA,NA,NA
T24,VCCINT,NA,NA,NA,NA
U13,VCCINT,NA,NA,NA,NA
U15,VCCINT,NA,NA,NA,NA
U17,VCCINT,NA,NA,NA,NA
U19,VCCINT,NA,NA,NA,NA
U20,VCCINT,NA,NA,NA,NA
U25,VCCINT,NA,NA,NA,NA
V14,VCCINT,NA,NA,NA,NA
V18,VCCINT,NA,NA,NA,NA
V20,VCCINT,NA,NA,NA,NA
V24,VCCINT,NA,NA,NA,NA
W13,VCCINT,NA,NA,NA,NA
W15,VCCINT,NA,NA,NA,NA
W19,VCCINT,NA,NA,NA,NA
W20,VCCINT,NA,NA,NA,NA
W25,VCCINT,NA,NA,NA,NA
Y14,VCCINT,NA,NA,NA,NA
Y18,VCCINT,NA,NA,NA,NA
Y20,VCCINT,NA,NA,NA,NA
Y24,VCCINT,NA,NA,NA,NA
AA11,VCCINT_AMS,NA,NA,NA,NA
AC11,VCCINT_AMS,NA,NA,NA,NA
AE11,VCCINT_AMS,NA,NA,NA,NA
AG11,VCCINT_AMS,NA,NA,NA,NA
AJ11,VCCINT_AMS,NA,NA,NA,NA
N11,VCCINT_AMS,NA,NA,NA,NA
R11,VCCINT_AMS,NA,NA,NA,NA
U11,VCCINT_AMS,NA,NA,NA,NA
W11,VCCINT_AMS,NA,NA,NA,NA
AG21,VCCINT_IO,NA,NA,NA,NA
AJ21,VCCINT_IO,NA,NA,NA,NA
AA22,VCCSDFEC,NA,NA,NA,NA
AB22,VCCSDFEC,NA,NA,NA,NA
AC22,VCCSDFEC,NA,NA,NA,NA
AD22,VCCSDFEC,NA,NA,NA,NA
AE22,VCCSDFEC,NA,NA,NA,NA
AF22,VCCSDFEC,NA,NA,NA,NA
AG23,VCCSDFEC,NA,NA,NA,NA
AH22,VCCSDFEC,NA,NA,NA,NA
AJ23,VCCSDFEC,NA,NA,NA,NA
M22,VCCSDFEC,NA,NA,NA,NA
N22,VCCSDFEC,NA,NA,NA,NA
P22,VCCSDFEC,NA,NA,NA,NA
R22,VCCSDFEC,NA,NA,NA,NA
T22,VCCSDFEC,NA,NA,NA,NA
U22,VCCSDFEC,NA,NA,NA,NA
V22,VCCSDFEC,NA,NA,NA,NA
W22,VCCSDFEC,NA,NA,NA,NA
Y22,VCCSDFEC,NA,NA,NA,NA
AC26,VCC_PSAUX,NA,NA,NA,NA
AC27,VCC_PSAUX,NA,NA,NA,NA
AC28,VCC_PSAUX,NA,NA,NA,NA
AD29,VCC_PSAUX,NA,NA,NA,NA
AC25,VCC_PSBATT,NA,NA,NA,NA
AD25,VCC_PSDDR_PLL,NA,NA,NA,NA
AD26,VCC_PSDDR_PLL,NA,NA,NA,NA
AF26,VCC_PSDDR_PLL,NA,NA,NA,NA
AF25,VCC_PSINTFP,NA,NA,NA,NA
AG25,VCC_PSINTFP,NA,NA,NA,NA
AH25,VCC_PSINTFP,NA,NA,NA,NA
AH26,VCC_PSINTFP,NA,NA,NA,NA
AH27,VCC_PSINTFP,NA,NA,NA,NA
AJ25,VCC_PSINTFP,NA,NA,NA,NA
AJ26,VCC_PSINTFP,NA,NA,NA,NA
AG29,VCC_PSINTFP_DDR,NA,NA,NA,NA
AH28,VCC_PSINTFP_DDR,NA,NA,NA,NA
AJ28,VCC_PSINTFP_DDR,NA,NA,NA,NA
AJ29,VCC_PSINTFP_DDR,NA,NA,NA,NA
AE26,VCC_PSINTLP,NA,NA,NA,NA
AF27,VCC_PSINTLP,NA,NA,NA,NA
AG27,VCC_PSINTLP,NA,NA,NA,NA
AG28,VCC_PSINTLP,NA,NA,NA,NA
AD28,VCC_PSPLL,NA,NA,NA,NA
AE27,VCC_PSPLL,NA,NA,NA,NA
AE28,VCC_PSPLL,NA,NA,NA,NA
A31,MGTAVTT_L,NA,NA,NA,NA
AA35,MGTAVTT_L,NA,NA,NA,NA
B33,MGTAVTT_L,NA,NA,NA,NA
C31,MGTAVTT_L,NA,NA,NA,NA
D33,MGTAVTT_L,NA,NA,NA,NA
E31,MGTAVTT_L,NA,NA,NA,NA
F33,MGTAVTT_L,NA,NA,NA,NA
G31,MGTAVTT_L,NA,NA,NA,NA
H33,MGTAVTT_L,NA,NA,NA,NA
J31,MGTAVTT_L,NA,NA,NA,NA
K34,MGTAVTT_L,NA,NA,NA,NA
P33,MGTAVTT_L,NA,NA,NA,NA
R35,MGTAVTT_L,NA,NA,NA,NA
T33,MGTAVTT_L,NA,NA,NA,NA
U35,MGTAVTT_L,NA,NA,NA,NA
W35,MGTAVTT_L,NA,NA,NA,NA
L31,MGTAVCC_L,NA,NA,NA,NA
M33,MGTAVCC_L,NA,NA,NA,NA
N31,MGTAVCC_L,NA,NA,NA,NA
V33,MGTAVCC_L,NA,NA,NA,NA
W31,MGTAVCC_L,NA,NA,NA,NA
Y33,MGTAVCC_L,NA,NA,NA,NA
R31,MGTVCCAUX_L,NA,NA,NA,NA
U31,MGTVCCAUX_L,NA,NA,NA,NA
,,,,,
Total Number of Pins,1517,,,,
