"#  (c) Copyright 2016 Xilinx, Inc. All rights reserved."
"# "
"#  This file contains confidential and proprietary information"
"#  of Xilinx, Inc. and is protected under U.S. and"
"#  international copyright and other intellectual property"
"#  laws."
"# "
"#  DISCLAIMER"
"#  This disclaimer is not a license and does not grant any"
"#  rights to the materials distributed herewith. Except as"
"#  otherwise provided in a valid license issued to you by"
"#  Xilinx, and to the maximum extent permitted by applicable"
"#  law: (1) THESE MATERIALS ARE MADE AVAILABLE ""AS IS"" AND"
"#  WITH ALL FAULTS, AND XILINX HEREBY DISCLAIMS ALL WARRANTIES"
"#  AND CONDITIONS, EXPRESS, IMPLIED, OR STATUTORY, INCLUDING"
"#  BUT NOT LIMITED TO WARRANTIES OF MERCHANTABILITY, NON-"
"#  INFRINGEMENT, OR FITNESS FOR ANY PARTICULAR PURPOSE; and"
"#  (2) Xilinx shall not be liable (whether in contract or tort,"
"#  including negligence, or under any other theory of"
"#  liability) for any loss or damage of any kind or nature"
"#  related to, arising under or in connection with these"
"#  materials, including for any direct, or any indirect,"
"#  special, incidental, or consequential loss or damage"
"#  (including loss of data, profits, goodwill, or any type of"
"#  loss or damage suffered as a result of any action brought"
"#  by a third party) even if such damage or loss was"
"#  reasonably foreseeable or Xilinx had been advised of the"
"#  possibility of the same."
"# "
"#  CRITICAL APPLICATIONS"
"#  Xilinx products are not designed or intended to be fail-"
"#  safe, or for use in any application requiring fail-safe"
"#  performance, such as life-support or safety devices or"
"#  systems, Class III medical devices, nuclear facilities,"
"#  applications related to the deployment of airbags, or any"
"#  other applications that could lead to death, personal"
"#  injury, or severe property or environmental damage"
"#  (individually and collectively, ""Critical"
"#  Applications""). Customer assumes the sole risk and"
"#  liability of any use of Xilinx products in Critical"
"#  Applications, subject only to applicable laws and"
"#  regulations governing limitations on product liability."
"# "
"#  THIS COPYRIGHT NOTICE AND DISCLAIMER MUST BE RETAINED AS"
"#  PART OF THIS FILE AT ALL TIMES."
"# "
"#----------------------------------------------------------------------"
"#  ASCII Pinout File"
"# "
"#  Device   : xqzu21drffrd1156"
"#  Date     : 9/25/2018 22:06:58"
"#  Revision : 1.2"
"#  Status   : Production"
"# "
"#  Production package specifications are released coincident"
"#  with production release of a particular device."
"# "
"#----------------------------------------------------------------------"
"#  Modification History"
"#  | Date    : 10/10/2016"
"#  | Revision: 0.1"
"#  | Status  : Evaluation Only"
"#  | Details : Initial creation."
"#----------------------------------------------------------------------"
"#  | Date    : 10/25/2016"
"#  | Revision: 0.2"
"#  | Status  : Evaluation Only"
"#  | Details : updated padmap for sysmon shift"
"#----------------------------------------------------------------------"
"#  | Date    : 11/15/2016"
"#  | Revision: 0.3"
"#  | Status  : Evaluation Only"
"#  | Details : updated bump locations"
"#----------------------------------------------------------------------"
"#  | Date    : 11/28/2016"
"#  | Revision: 0.4"
"#  | Status  : Evaluation Only"
"#  | Details : Updated for swapping VCCAUX bump to VCCINT bump"
"#----------------------------------------------------------------------"
"#  | Date    : 12/12/2016"
"#  | Revision: 0.5"
"#  | Status  : Evaluation Only"
"#  | Details : Updated DC12_FFVD1156 with VCCFEC bumps and some pins swap"
"#----------------------------------------------------------------------"
"#  | Date    : 1/4/2017"
"#  | Revision: 0.6"
"#  | Status  : Evaluation Only"
"#  | Details : Updated FEC power name from VCCFEC to VCCSDFEC and some pin swaps for E1156"
"#----------------------------------------------------------------------"
"#  | Date    : 1/16/2017"
"#  | Revision: 1.0"
"#  | Status  : Engineering Sample"
"#  | Details : Update DC12_D1156 to Engineering_Sample Status"
"#----------------------------------------------------------------------"
"#  | Date    : 5/12/2018"
"#  | Revision: 1.1"
"#  | Status  : Production"
"#  | Details : Updated from Engineering Sample to Production"
"#----------------------------------------------------------------------"
"#  | Date    : 9/25/2018"
"#  | Revision: 1.2"
"#  | Status  : Production"
"#  | Details : VCCAUX_IO split for xqzu pkg files"
"#----------------------------------------------------------------------"
,,,,,
Pin,Pin Name,Memory Byte Group,Bank,I/O Type,Super Logic Region
W14,DXN,NA,NA,NA,NA
W15,DXP,NA,NA,NA,NA
T15,GNDADC,NA,NA,NA,NA
AD10,POR_OVERRIDE,NA,NA,NA,NA
AE11,PUDC_B,NA,0,CONFIG,NA
T14,VCCADC,NA,NA,NA,NA
V14,VN,NA,NA,NA,NA
U15,VP,NA,NA,NA,NA
U14,VREFN,NA,NA,NA,NA
V15,VREFP,NA,NA,NA,NA
A10,IO_L24N_T3U_N11_68,3U,68,HP,NA
A11,IO_L24P_T3U_N10_68,3U,68,HP,NA
A13,IO_L23N_T3U_N9_68,3U,68,HP,NA
B13,IO_L23P_T3U_N8_68,3U,68,HP,NA
B11,IO_L22N_T3U_N7_DBC_AD0N_68,3U,68,HP,NA
C11,IO_L22P_T3U_N6_DBC_AD0P_68,3U,68,HP,NA
B12,IO_L21N_T3L_N5_AD8N_68,3L,68,HP,NA
C12,IO_L21P_T3L_N4_AD8P_68,3L,68,HP,NA
B14,IO_L20N_T3L_N3_AD1N_68,3L,68,HP,NA
C14,IO_L20P_T3L_N2_AD1P_68,3L,68,HP,NA
C10,IO_L19N_T3L_N1_DBC_AD9N_68,3L,68,HP,NA
D10,IO_L19P_T3L_N0_DBC_AD9P_68,3L,68,HP,NA
D12,IO_T3U_N12_68,3U,68,HP,NA
F15,IO_T2U_N12_68,2U,68,HP,NA
D13,IO_L18N_T2U_N11_AD2N_68,2U,68,HP,NA
D14,IO_L18P_T2U_N10_AD2P_68,2U,68,HP,NA
E10,IO_L17N_T2U_N9_AD10N_68,2U,68,HP,NA
E11,IO_L17P_T2U_N8_AD10P_68,2U,68,HP,NA
E12,IO_L16N_T2U_N7_QBC_AD3N_68,2U,68,HP,NA
E13,IO_L16P_T2U_N6_QBC_AD3P_68,2U,68,HP,NA
F10,IO_L15N_T2L_N5_AD11N_68,2L,68,HP,NA
F11,IO_L15P_T2L_N4_AD11P_68,2L,68,HP,NA
F13,IO_L14N_T2L_N3_GC_68,2L,68,HP,NA
F14,IO_L14P_T2L_N2_GC_68,2L,68,HP,NA
G11,IO_L13N_T2L_N1_GC_QBC_68,2L,68,HP,NA
G12,IO_L13P_T2L_N0_GC_QBC_68,2L,68,HP,NA
G13,IO_L12N_T1U_N11_GC_68,1U,68,HP,NA
G14,IO_L12P_T1U_N10_GC_68,1U,68,HP,NA
H11,IO_L11N_T1U_N9_GC_68,1U,68,HP,NA
H12,IO_L11P_T1U_N8_GC_68,1U,68,HP,NA
J13,IO_L10N_T1U_N7_QBC_AD4N_68,1U,68,HP,NA
K13,IO_L10P_T1U_N6_QBC_AD4P_68,1U,68,HP,NA
K11,IO_L9N_T1L_N5_AD12N_68,1L,68,HP,NA
L11,IO_L9P_T1L_N4_AD12P_68,1L,68,HP,NA
H14,IO_L8N_T1L_N3_AD5N_68,1L,68,HP,NA
J14,IO_L8P_T1L_N2_AD5P_68,1L,68,HP,NA
J12,IO_L7N_T1L_N1_QBC_AD13N_68,1L,68,HP,NA
K12,IO_L7P_T1L_N0_QBC_AD13P_68,1L,68,HP,NA
L14,IO_T1U_N12_68,1U,68,HP,NA
L16,IO_T0U_N12_VRP_68,0U,68,HP,NA
H15,IO_L6N_T0U_N11_AD6N_68,0U,68,HP,NA
J15,IO_L6P_T0U_N10_AD6P_68,0U,68,HP,NA
K15,IO_L5N_T0U_N9_AD14N_68,0U,68,HP,NA
L15,IO_L5P_T0U_N8_AD14P_68,0U,68,HP,NA
K16,IO_L4N_T0U_N7_DBC_AD7N_68,0U,68,HP,NA
K17,IO_L4P_T0U_N6_DBC_AD7P_68,0U,68,HP,NA
J18,IO_L3N_T0L_N5_AD15N_68,0L,68,HP,NA
J19,IO_L3P_T0L_N4_AD15P_68,0L,68,HP,NA
J17,IO_L2N_T0L_N3_68,0L,68,HP,NA
K18,IO_L2P_T0L_N2_68,0L,68,HP,NA
L18,IO_L1N_T0L_N1_DBC_68,0L,68,HP,NA
L19,IO_L1P_T0L_N0_DBC_68,0L,68,HP,NA
L13,VREF_68,NA,68,HP,NA
A9,IO_L24N_T3U_N11_67,3U,67,HP,NA
B9,IO_L24P_T3U_N10_67,3U,67,HP,NA
A8,IO_L23N_T3U_N9_67,3U,67,HP,NA
B8,IO_L23P_T3U_N8_67,3U,67,HP,NA
B6,IO_L22N_T3U_N7_DBC_AD0N_67,3U,67,HP,NA
B7,IO_L22P_T3U_N6_DBC_AD0P_67,3U,67,HP,NA
A5,IO_L21N_T3L_N5_AD8N_67,3L,67,HP,NA
A6,IO_L21P_T3L_N4_AD8P_67,3L,67,HP,NA
A4,IO_L20N_T3L_N3_AD1N_67,3L,67,HP,NA
B4,IO_L20P_T3L_N2_AD1P_67,3L,67,HP,NA
C4,IO_L19N_T3L_N1_DBC_AD9N_67,3L,67,HP,NA
C5,IO_L19P_T3L_N0_DBC_AD9P_67,3L,67,HP,NA
D5,IO_T3U_N12_67,3U,67,HP,NA
F9,IO_T2U_N12_67,2U,67,HP,NA
C9,IO_L18N_T2U_N11_AD2N_67,2U,67,HP,NA
D9,IO_L18P_T2U_N10_AD2P_67,2U,67,HP,NA
C6,IO_L17N_T2U_N9_AD10N_67,2U,67,HP,NA
C7,IO_L17P_T2U_N8_AD10P_67,2U,67,HP,NA
D7,IO_L16N_T2U_N7_QBC_AD3N_67,2U,67,HP,NA
D8,IO_L16P_T2U_N6_QBC_AD3P_67,2U,67,HP,NA
E5,IO_L15N_T2L_N5_AD11N_67,2L,67,HP,NA
F5,IO_L15P_T2L_N4_AD11P_67,2L,67,HP,NA
E7,IO_L14N_T2L_N3_GC_67,2L,67,HP,NA
E8,IO_L14P_T2L_N2_GC_67,2L,67,HP,NA
E6,IO_L13N_T2L_N1_GC_QBC_67,2L,67,HP,NA
F6,IO_L13P_T2L_N0_GC_QBC_67,2L,67,HP,NA
F8,IO_L12N_T1U_N11_GC_67,1U,67,HP,NA
G8,IO_L12P_T1U_N10_GC_67,1U,67,HP,NA
G6,IO_L11N_T1U_N9_GC_67,1U,67,HP,NA
G7,IO_L11P_T1U_N8_GC_67,1U,67,HP,NA
H6,IO_L10N_T1U_N7_QBC_AD4N_67,1U,67,HP,NA
H7,IO_L10P_T1U_N6_QBC_AD4P_67,1U,67,HP,NA
G9,IO_L9N_T1L_N5_AD12N_67,1L,67,HP,NA
H9,IO_L9P_T1L_N4_AD12P_67,1L,67,HP,NA
J7,IO_L8N_T1L_N3_AD5N_67,1L,67,HP,NA
J8,IO_L8P_T1L_N2_AD5P_67,1L,67,HP,NA
H5,IO_L7N_T1L_N1_QBC_AD13N_67,1L,67,HP,NA
J5,IO_L7P_T1L_N0_QBC_AD13P_67,1L,67,HP,NA
J4,IO_T1U_N12_67,1U,67,HP,NA
H10,IO_T0U_N12_VRP_67,0U,67,HP,NA
J9,IO_L6N_T0U_N11_AD6N_67,0U,67,HP,NA
J10,IO_L6P_T0U_N10_AD6P_67,0U,67,HP,NA
K10,IO_L5N_T0U_N9_AD14N_67,0U,67,HP,NA
L10,IO_L5P_T0U_N8_AD14P_67,0U,67,HP,NA
K7,IO_L4N_T0U_N7_DBC_AD7N_67,0U,67,HP,NA
K8,IO_L4P_T0U_N6_DBC_AD7P_67,0U,67,HP,NA
L8,IO_L3N_T0L_N5_AD15N_67,0L,67,HP,NA
M8,IO_L3P_T0L_N4_AD15P_67,0L,67,HP,NA
K6,IO_L2N_T0L_N3_67,0L,67,HP,NA
L6,IO_L2P_T0L_N2_67,0L,67,HP,NA
M6,IO_L1N_T0L_N1_DBC_67,0L,67,HP,NA
M7,IO_L1P_T0L_N0_DBC_67,0L,67,HP,NA
L9,VREF_67,NA,67,HP,NA
V1,IO_L24N_T3U_N11_66,3U,66,HP,NA
V2,IO_L24P_T3U_N10_66,3U,66,HP,NA
W2,IO_L23N_T3U_N9_66,3U,66,HP,NA
W3,IO_L23P_T3U_N8_66,3U,66,HP,NA
Y2,IO_L22N_T3U_N7_DBC_AD0N_66,3U,66,HP,NA
Y3,IO_L22P_T3U_N6_DBC_AD0P_66,3U,66,HP,NA
AA1,IO_L21N_T3L_N5_AD8N_66,3L,66,HP,NA
Y1,IO_L21P_T3L_N4_AD8P_66,3L,66,HP,NA
AB1,IO_L20N_T3L_N3_AD1N_66,3L,66,HP,NA
AB2,IO_L20P_T3L_N2_AD1P_66,3L,66,HP,NA
AB3,IO_L19N_T3L_N1_DBC_AD9N_66,3L,66,HP,NA
AA3,IO_L19P_T3L_N0_DBC_AD9P_66,3L,66,HP,NA
V4,IO_T3U_N12_66,3U,66,HP,NA
V5,IO_T2U_N12_66,2U,66,HP,NA
W4,IO_L18N_T2U_N11_AD2N_66,2U,66,HP,NA
W5,IO_L18P_T2U_N10_AD2P_66,2U,66,HP,NA
W8,IO_L17N_T2U_N9_AD10N_66,2U,66,HP,NA
W9,IO_L17P_T2U_N8_AD10P_66,2U,66,HP,NA
AA8,IO_L16N_T2U_N7_QBC_AD3N_66,2U,66,HP,NA
Y8,IO_L16P_T2U_N6_QBC_AD3P_66,2U,66,HP,NA
Y7,IO_L15N_T2L_N5_AD11N_66,2L,66,HP,NA
W7,IO_L15P_T2L_N4_AD11P_66,2L,66,HP,NA
Y5,IO_L14N_T2L_N3_GC_66,2L,66,HP,NA
Y6,IO_L14P_T2L_N2_GC_66,2L,66,HP,NA
AA5,IO_L13N_T2L_N1_GC_QBC_66,2L,66,HP,NA
AA6,IO_L13P_T2L_N0_GC_QBC_66,2L,66,HP,NA
AB4,IO_L12N_T1U_N11_GC_66,1U,66,HP,NA
AA4,IO_L12P_T1U_N10_GC_66,1U,66,HP,NA
AB6,IO_L11N_T1U_N9_GC_66,1U,66,HP,NA
AB7,IO_L11P_T1U_N8_GC_66,1U,66,HP,NA
AB8,IO_L10N_T1U_N7_QBC_AD4N_66,1U,66,HP,NA
AB9,IO_L10P_T1U_N6_QBC_AD4P_66,1U,66,HP,NA
AC6,IO_L9N_T1L_N5_AD12N_66,1L,66,HP,NA
AC7,IO_L9P_T1L_N4_AD12P_66,1L,66,HP,NA
AD9,IO_L8N_T1L_N3_AD5N_66,1L,66,HP,NA
AC9,IO_L8P_T1L_N2_AD5P_66,1L,66,HP,NA
AD7,IO_L7N_T1L_N1_QBC_AD13N_66,1L,66,HP,NA
AD8,IO_L7P_T1L_N0_QBC_AD13P_66,1L,66,HP,NA
AC5,IO_T1U_N12_66,1U,66,HP,NA
AE6,IO_T0U_N12_VRP_66,0U,66,HP,NA
AE5,IO_L6N_T0U_N11_AD6N_66,0U,66,HP,NA
AD5,IO_L6P_T0U_N10_AD6P_66,0U,66,HP,NA
AD4,IO_L5N_T0U_N9_AD14N_66,0U,66,HP,NA
AC4,IO_L5P_T0U_N8_AD14P_66,0U,66,HP,NA
AE3,IO_L4N_T0U_N7_DBC_AD7N_66,0U,66,HP,NA
AD3,IO_L4P_T0U_N6_DBC_AD7P_66,0U,66,HP,NA
AE2,IO_L3N_T0L_N5_AD15N_66,0L,66,HP,NA
AD2,IO_L3P_T0L_N4_AD15P_66,0L,66,HP,NA
AC1,IO_L2N_T0L_N3_66,0L,66,HP,NA
AC2,IO_L2P_T0L_N2_66,0L,66,HP,NA
AF1,IO_L1N_T0L_N1_DBC_66,0L,66,HP,NA
AE1,IO_L1P_T0L_N0_DBC_66,0L,66,HP,NA
AA9,VREF_66,NA,66,HP,NA
AE7,IO_L24N_T3U_N11_PERSTN0_65,3U,65,HP,NA
AE8,IO_L24P_T3U_N10_PERSTN1_I2C_SDA_65,3U,65,HP,NA
AF5,IO_L23N_T3U_N9_65,3U,65,HP,NA
AF6,IO_L23P_T3U_N8_I2C_SCLK_65,3U,65,HP,NA
AG4,IO_L22N_T3U_N7_DBC_AD0N_65,3U,65,HP,NA
AF4,IO_L22P_T3U_N6_DBC_AD0P_65,3U,65,HP,NA
AG6,IO_L21N_T3L_N5_AD8N_65,3L,65,HP,NA
AG7,IO_L21P_T3L_N4_AD8P_65,3L,65,HP,NA
AG8,IO_L20N_T3L_N3_AD1N_65,3L,65,HP,NA
AF8,IO_L20P_T3L_N2_AD1P_65,3L,65,HP,NA
AH9,IO_L19N_T3L_N1_DBC_AD9N_65,3L,65,HP,NA
AG9,IO_L19P_T3L_N0_DBC_AD9P_65,3L,65,HP,NA
AH6,IO_T3U_N12_65,3U,65,HP,NA
AL6,IO_T2U_N12_65,2U,65,HP,NA
AJ7,IO_L18N_T2U_N11_AD2N_65,2U,65,HP,NA
AH7,IO_L18P_T2U_N10_AD2P_65,2U,65,HP,NA
AH4,IO_L17N_T2U_N9_AD10N_65,2U,65,HP,NA
AH5,IO_L17P_T2U_N8_AD10P_65,2U,65,HP,NA
AJ8,IO_L16N_T2U_N7_QBC_AD3N_65,2U,65,HP,NA
AJ9,IO_L16P_T2U_N6_QBC_AD3P_65,2U,65,HP,NA
AK7,IO_L15N_T2L_N5_AD11N_65,2L,65,HP,NA
AK8,IO_L15P_T2L_N4_AD11P_65,2L,65,HP,NA
AJ4,IO_L14N_T2L_N3_GC_65,2L,65,HP,NA
AJ5,IO_L14P_T2L_N2_GC_65,2L,65,HP,NA
AK5,IO_L13N_T2L_N1_GC_QBC_65,2L,65,HP,NA
AK6,IO_L13P_T2L_N0_GC_QBC_65,2L,65,HP,NA
AJ2,IO_L12N_T1U_N11_GC_65,1U,65,HP,NA
AJ3,IO_L12P_T1U_N10_GC_65,1U,65,HP,NA
AK2,IO_L11N_T1U_N9_GC_65,1U,65,HP,NA
AK3,IO_L11P_T1U_N8_GC_65,1U,65,HP,NA
AG3,IO_L10N_T1U_N7_QBC_AD4N_65,1U,65,HP,NA
AF3,IO_L10P_T1U_N6_QBC_AD4P_65,1U,65,HP,NA
AH1,IO_L9N_T1L_N5_AD12N_65,1L,65,HP,NA
AH2,IO_L9P_T1L_N4_AD12P_65,1L,65,HP,NA
AG1,IO_L8N_T1L_N3_AD5N_65,1L,65,HP,NA
AG2,IO_L8P_T1L_N2_AD5P_65,1L,65,HP,NA
AL1,IO_L7N_T1L_N1_QBC_AD13N_65,1L,65,HP,NA
AK1,IO_L7P_T1L_N0_QBC_AD13P_65,1L,65,HP,NA
AL3,IO_T1U_N12_65,1U,65,HP,NA
AL5,IO_T0U_N12_VRP_65,0U,65,HP,NA
AM2,IO_L6N_T0U_N11_AD6N_65,0U,65,HP,NA
AM3,IO_L6P_T0U_N10_AD6P_65,0U,65,HP,NA
AM4,IO_L5N_T0U_N9_AD14N_65,0U,65,HP,NA
AL4,IO_L5P_T0U_N8_AD14P_65,0U,65,HP,NA
AN1,IO_L4N_T0U_N7_DBC_AD7N_65,0U,65,HP,NA
AM1,IO_L4P_T0U_N6_DBC_AD7P_SMBALERT_65,0U,65,HP,NA
AP2,IO_L3N_T0L_N5_AD15N_65,0L,65,HP,NA
AN2,IO_L3P_T0L_N4_AD15P_65,0L,65,HP,NA
AN4,IO_L2N_T0L_N3_65,0L,65,HP,NA
AN5,IO_L2P_T0L_N2_65,0L,65,HP,NA
AP3,IO_L1N_T0L_N1_DBC_65,0L,65,HP,NA
AP4,IO_L1P_T0L_N0_DBC_65,0L,65,HP,NA
AF9,VREF_65,NA,65,HP,NA
A3,IO_L12N_AD0N_89,NA,89,HD,NA
B3,IO_L12P_AD0P_89,NA,89,HD,NA
B1,IO_L11N_AD1N_89,NA,89,HD,NA
B2,IO_L11P_AD1P_89,NA,89,HD,NA
C1,IO_L10N_AD2N_89,NA,89,HD,NA
C2,IO_L10P_AD2P_89,NA,89,HD,NA
D3,IO_L9N_AD3N_89,NA,89,HD,NA
D4,IO_L9P_AD3P_89,NA,89,HD,NA
F3,IO_L8N_HDGC_AD4N_89,NA,89,HD,NA
F4,IO_L8P_HDGC_AD4P_89,NA,89,HD,NA
D2,IO_L7N_HDGC_AD5N_89,NA,89,HD,NA
E3,IO_L7P_HDGC_AD5P_89,NA,89,HD,NA
E1,IO_L6N_HDGC_AD6N_89,NA,89,HD,NA
E2,IO_L6P_HDGC_AD6P_89,NA,89,HD,NA
F1,IO_L5N_HDGC_AD7N_89,NA,89,HD,NA
G1,IO_L5P_HDGC_AD7P_89,NA,89,HD,NA
G4,IO_L4N_AD8N_89,NA,89,HD,NA
H4,IO_L4P_AD8P_89,NA,89,HD,NA
G2,IO_L3N_AD9N_89,NA,89,HD,NA
G3,IO_L3P_AD9P_89,NA,89,HD,NA
H1,IO_L2N_AD10N_89,NA,89,HD,NA
H2,IO_L2P_AD10P_89,NA,89,HD,NA
J2,IO_L1N_AD11N_89,NA,89,HD,NA
J3,IO_L1P_AD11P_89,NA,89,HD,NA
P7,IO_L12N_AD8N_88,NA,88,HD,NA
P8,IO_L12P_AD8P_88,NA,88,HD,NA
N6,IO_L11N_AD9N_88,NA,88,HD,NA
N7,IO_L11P_AD9P_88,NA,88,HD,NA
K5,IO_L10N_AD10N_88,NA,88,HD,NA
L5,IO_L10P_AD10P_88,NA,88,HD,NA
N5,IO_L9N_AD11N_88,NA,88,HD,NA
P5,IO_L9P_AD11P_88,NA,88,HD,NA
L4,IO_L8N_HDGC_88,NA,88,HD,NA
M4,IO_L8P_HDGC_88,NA,88,HD,NA
N4,IO_L7N_HDGC_88,NA,88,HD,NA
P4,IO_L7P_HDGC_88,NA,88,HD,NA
L3,IO_L6N_HDGC_88,NA,88,HD,NA
M3,IO_L6P_HDGC_88,NA,88,HD,NA
M2,IO_L5N_HDGC_88,NA,88,HD,NA
N2,IO_L5P_HDGC_88,NA,88,HD,NA
K2,IO_L4N_AD12N_88,NA,88,HD,NA
K3,IO_L4P_AD12P_88,NA,88,HD,NA
P2,IO_L3N_AD13N_88,NA,88,HD,NA
P3,IO_L3P_AD13P_88,NA,88,HD,NA
K1,IO_L2N_AD14N_88,NA,88,HD,NA
L1,IO_L2P_AD14P_88,NA,88,HD,NA
M1,IO_L1N_AD15N_88,NA,88,HD,NA
N1,IO_L1P_AD15P_88,NA,88,HD,NA
U8,IO_L12N_AD8N_87,NA,87,HD,NA
U9,IO_L12P_AD8P_87,NA,87,HD,NA
T8,IO_L11N_AD9N_87,NA,87,HD,NA
T9,IO_L11P_AD9P_87,NA,87,HD,NA
R7,IO_L10N_AD10N_87,NA,87,HD,NA
R8,IO_L10P_AD10P_87,NA,87,HD,NA
V6,IO_L9N_AD11N_87,NA,87,HD,NA
V7,IO_L9P_AD11P_87,NA,87,HD,NA
U6,IO_L8N_HDGC_87,NA,87,HD,NA
U7,IO_L8P_HDGC_87,NA,87,HD,NA
R6,IO_L7N_HDGC_87,NA,87,HD,NA
T6,IO_L7P_HDGC_87,NA,87,HD,NA
R5,IO_L6N_HDGC_87,NA,87,HD,NA
T5,IO_L6P_HDGC_87,NA,87,HD,NA
T4,IO_L5N_HDGC_87,NA,87,HD,NA
U4,IO_L5P_HDGC_87,NA,87,HD,NA
T3,IO_L4N_AD12N_87,NA,87,HD,NA
U3,IO_L4P_AD12P_87,NA,87,HD,NA
R2,IO_L3N_AD13N_87,NA,87,HD,NA
R3,IO_L3P_AD13P_87,NA,87,HD,NA
R1,IO_L2N_AD14N_87,NA,87,HD,NA
T1,IO_L2P_AD14P_87,NA,87,HD,NA
U1,IO_L1N_AD15N_87,NA,87,HD,NA
U2,IO_L1P_AD15P_87,NA,87,HD,NA
Y29,MGTREFCLK0N_128,NA,128,GTY,NA
Y28,MGTREFCLK0P_128,NA,128,GTY,NA
V29,MGTREFCLK1N_128,NA,128,GTY,NA
V28,MGTREFCLK1P_128,NA,128,GTY,NA
AB34,MGTYRXN0_128,NA,128,GTY,NA
Y34,MGTYRXN1_128,NA,128,GTY,NA
V34,MGTYRXN2_128,NA,128,GTY,NA
T34,MGTYRXN3_128,NA,128,GTY,NA
AB33,MGTYRXP0_128,NA,128,GTY,NA
Y33,MGTYRXP1_128,NA,128,GTY,NA
V33,MGTYRXP2_128,NA,128,GTY,NA
T33,MGTYRXP3_128,NA,128,GTY,NA
AC31,MGTYTXN0_128,NA,128,GTY,NA
AA31,MGTYTXN1_128,NA,128,GTY,NA
W31,MGTYTXN2_128,NA,128,GTY,NA
U31,MGTYTXN3_128,NA,128,GTY,NA
AC30,MGTYTXP0_128,NA,128,GTY,NA
AA30,MGTYTXP1_128,NA,128,GTY,NA
W30,MGTYTXP2_128,NA,128,GTY,NA
U30,MGTYTXP3_128,NA,128,GTY,NA
J27,MGTAVTTRCAL_L,NA,NA,NA,NA
T29,MGTREFCLK0N_129,NA,129,GTY,NA
T28,MGTREFCLK0P_129,NA,129,GTY,NA
P29,MGTREFCLK1N_129,NA,129,GTY,NA
P28,MGTREFCLK1P_129,NA,129,GTY,NA
J26,MGTRREF_L,NA,NA,NA,NA
P34,MGTYRXN0_129,NA,129,GTY,NA
M34,MGTYRXN1_129,NA,129,GTY,NA
K34,MGTYRXN2_129,NA,129,GTY,NA
H34,MGTYRXN3_129,NA,129,GTY,NA
P33,MGTYRXP0_129,NA,129,GTY,NA
M33,MGTYRXP1_129,NA,129,GTY,NA
K33,MGTYRXP2_129,NA,129,GTY,NA
H33,MGTYRXP3_129,NA,129,GTY,NA
R31,MGTYTXN0_129,NA,129,GTY,NA
N31,MGTYTXN1_129,NA,129,GTY,NA
L31,MGTYTXN2_129,NA,129,GTY,NA
J31,MGTYTXN3_129,NA,129,GTY,NA
R30,MGTYTXP0_129,NA,129,GTY,NA
N30,MGTYTXP1_129,NA,129,GTY,NA
L30,MGTYTXP2_129,NA,129,GTY,NA
J30,MGTYTXP3_129,NA,129,GTY,NA
M29,MGTREFCLK0N_130,NA,130,GTY,NA
M28,MGTREFCLK0P_130,NA,130,GTY,NA
K29,MGTREFCLK1N_130,NA,130,GTY,NA
K28,MGTREFCLK1P_130,NA,130,GTY,NA
F34,MGTYRXN0_130,NA,130,GTY,NA
E32,MGTYRXN1_130,NA,130,GTY,NA
D34,MGTYRXN2_130,NA,130,GTY,NA
D30,MGTYRXN3_130,NA,130,GTY,NA
F33,MGTYRXP0_130,NA,130,GTY,NA
E31,MGTYRXP1_130,NA,130,GTY,NA
D33,MGTYRXP2_130,NA,130,GTY,NA
D29,MGTYRXP3_130,NA,130,GTY,NA
G31,MGTYTXN0_130,NA,130,GTY,NA
F29,MGTYTXN1_130,NA,130,GTY,NA
F25,MGTYTXN2_130,NA,130,GTY,NA
E27,MGTYTXN3_130,NA,130,GTY,NA
G30,MGTYTXP0_130,NA,130,GTY,NA
F28,MGTYTXP1_130,NA,130,GTY,NA
F24,MGTYTXP2_130,NA,130,GTY,NA
E26,MGTYTXP3_130,NA,130,GTY,NA
H29,MGTREFCLK0N_131,NA,131,GTY,NA
H28,MGTREFCLK0P_131,NA,131,GTY,NA
G27,MGTREFCLK1N_131,NA,131,GTY,NA
G26,MGTREFCLK1P_131,NA,131,GTY,NA
C32,MGTYRXN0_131,NA,131,GTY,NA
B34,MGTYRXN1_131,NA,131,GTY,NA
B30,MGTYRXN2_131,NA,131,GTY,NA
A32,MGTYRXN3_131,NA,131,GTY,NA
C31,MGTYRXP0_131,NA,131,GTY,NA
B33,MGTYRXP1_131,NA,131,GTY,NA
B29,MGTYRXP2_131,NA,131,GTY,NA
A31,MGTYRXP3_131,NA,131,GTY,NA
D25,MGTYTXN0_131,NA,131,GTY,NA
C27,MGTYTXN1_131,NA,131,GTY,NA
B25,MGTYTXN2_131,NA,131,GTY,NA
A27,MGTYTXN3_131,NA,131,GTY,NA
D24,MGTYTXP0_131,NA,131,GTY,NA
C26,MGTYTXP1_131,NA,131,GTY,NA
B24,MGTYTXP2_131,NA,131,GTY,NA
A26,MGTYTXP3_131,NA,131,GTY,NA
AD17,PS_MIO0,NA,500,PSMIO,NA
AF15,PS_MIO1,NA,500,PSMIO,NA
AF13,PS_MIO10,NA,500,PSMIO,NA
AD12,PS_MIO11,NA,500,PSMIO,NA
AG14,PS_MIO12,NA,500,PSMIO,NA
AF11,PS_MIO13,NA,500,PSMIO,NA
AG13,PS_MIO14,NA,500,PSMIO,NA
AF10,PS_MIO15,NA,500,PSMIO,NA
AG12,PS_MIO16,NA,500,PSMIO,NA
AG11,PS_MIO17,NA,500,PSMIO,NA
AH10,PS_MIO18,NA,500,PSMIO,NA
AH11,PS_MIO19,NA,500,PSMIO,NA
AE17,PS_MIO2,NA,500,PSMIO,NA
AH12,PS_MIO20,NA,500,PSMIO,NA
AJ10,PS_MIO21,NA,500,PSMIO,NA
AK10,PS_MIO22,NA,500,PSMIO,NA
AJ12,PS_MIO23,NA,500,PSMIO,NA
AK11,PS_MIO24,NA,500,PSMIO,NA
AK12,PS_MIO25,NA,500,PSMIO,NA
AE16,PS_MIO3,NA,500,PSMIO,NA
AD15,PS_MIO4,NA,500,PSMIO,NA
AE15,PS_MIO5,NA,500,PSMIO,NA
AF14,PS_MIO6,NA,500,PSMIO,NA
AD14,PS_MIO7,NA,500,PSMIO,NA
AE13,PS_MIO8,NA,500,PSMIO,NA
AD13,PS_MIO9,NA,500,PSMIO,NA
V25,VCC_PSADC,NA,500,PSMIO,NA
V26,GND_PSADC,NA,500,PSMIO,NA
A15,PS_MIO26,NA,501,PSMIO,NA
C15,PS_MIO27,NA,501,PSMIO,NA
H16,PS_MIO28,NA,501,PSMIO,NA
A14,PS_MIO29,NA,501,PSMIO,NA
H17,PS_MIO30,NA,501,PSMIO,NA
G16,PS_MIO31,NA,501,PSMIO,NA
E15,PS_MIO32,NA,501,PSMIO,NA
F16,PS_MIO33,NA,501,PSMIO,NA
E16,PS_MIO34,NA,501,PSMIO,NA
H19,PS_MIO35,NA,501,PSMIO,NA
G18,PS_MIO36,NA,501,PSMIO,NA
G17,PS_MIO37,NA,501,PSMIO,NA
G19,PS_MIO38,NA,501,PSMIO,NA
F18,PS_MIO39,NA,501,PSMIO,NA
F19,PS_MIO40,NA,501,PSMIO,NA
D15,PS_MIO41,NA,501,PSMIO,NA
B16,PS_MIO42,NA,501,PSMIO,NA
A16,PS_MIO43,NA,501,PSMIO,NA
C16,PS_MIO44,NA,501,PSMIO,NA
B17,PS_MIO45,NA,501,PSMIO,NA
C17,PS_MIO46,NA,501,PSMIO,NA
E17,PS_MIO47,NA,501,PSMIO,NA
B18,PS_MIO48,NA,501,PSMIO,NA
D17,PS_MIO49,NA,501,PSMIO,NA
E18,PS_MIO50,NA,501,PSMIO,NA
D18,PS_MIO51,NA,501,PSMIO,NA
A18,PS_MIO52,NA,502,PSMIO,NA
B19,PS_MIO53,NA,502,PSMIO,NA
A19,PS_MIO54,NA,502,PSMIO,NA
A20,PS_MIO55,NA,502,PSMIO,NA
C19,PS_MIO56,NA,502,PSMIO,NA
C20,PS_MIO57,NA,502,PSMIO,NA
D20,PS_MIO58,NA,502,PSMIO,NA
A21,PS_MIO59,NA,502,PSMIO,NA
C21,PS_MIO60,NA,502,PSMIO,NA
B21,PS_MIO61,NA,502,PSMIO,NA
B22,PS_MIO62,NA,502,PSMIO,NA
A22,PS_MIO63,NA,502,PSMIO,NA
C22,PS_MIO64,NA,502,PSMIO,NA
F21,PS_MIO65,NA,502,PSMIO,NA
E21,PS_MIO66,NA,502,PSMIO,NA
D22,PS_MIO67,NA,502,PSMIO,NA
G22,PS_MIO68,NA,502,PSMIO,NA
E22,PS_MIO69,NA,502,PSMIO,NA
H20,PS_MIO70,NA,502,PSMIO,NA
H22,PS_MIO71,NA,502,PSMIO,NA
H21,PS_MIO72,NA,502,PSMIO,NA
G21,PS_MIO73,NA,502,PSMIO,NA
D19,PS_MIO74,NA,502,PSMIO,NA
F20,PS_MIO75,NA,502,PSMIO,NA
E20,PS_MIO76,NA,502,PSMIO,NA
H23,PS_MIO77,NA,502,PSMIO,NA
T26,PS_DONE,NA,503,PSCONFIG,NA
L24,PS_ERROR_OUT,NA,503,PSCONFIG,NA
L26,PS_ERROR_STATUS,NA,503,PSCONFIG,NA
T24,PS_INIT_B,NA,503,PSCONFIG,NA
N24,PS_JTAG_TCK,NA,503,PSCONFIG,NA
N25,PS_JTAG_TDI,NA,503,PSCONFIG,NA
R26,PS_JTAG_TDO,NA,503,PSCONFIG,NA
N26,PS_JTAG_TMS,NA,503,PSCONFIG,NA
L25,PS_MODE0,NA,503,PSCONFIG,NA
M24,PS_MODE1,NA,503,PSCONFIG,NA
K24,PS_MODE2,NA,503,PSCONFIG,NA
M26,PS_MODE3,NA,503,PSCONFIG,NA
H24,PS_PADI,NA,503,PSCONFIG,NA
J24,PS_PADO,NA,503,PSCONFIG,NA
R25,PS_POR_B,NA,503,PSCONFIG,NA
P25,PS_PROG_B,NA,503,PSCONFIG,NA
P24,PS_REF_CLK,NA,503,PSCONFIG,NA
T25,PS_SRST_B,NA,503,PSCONFIG,NA
AN20,PS_DDR_A0,NA,504,PSDDR,NA
AP20,PS_DDR_A1,NA,504,PSDDR,NA
AL21,PS_DDR_A10,NA,504,PSDDR,NA
AL19,PS_DDR_A11,NA,504,PSDDR,NA
AK21,PS_DDR_A12,NA,504,PSDDR,NA
AK17,PS_DDR_A13,NA,504,PSDDR,NA
AM19,PS_DDR_A14,NA,504,PSDDR,NA
AM18,PS_DDR_A15,NA,504,PSDDR,NA
AH17,PS_DDR_A16,NA,504,PSDDR,NA
AG16,PS_DDR_A17,NA,504,PSDDR,NA
AP18,PS_DDR_A2,NA,504,PSDDR,NA
AP19,PS_DDR_A3,NA,504,PSDDR,NA
AN19,PS_DDR_A4,NA,504,PSDDR,NA
AP17,PS_DDR_A5,NA,504,PSDDR,NA
AG17,PS_DDR_A6,NA,504,PSDDR,NA
AH19,PS_DDR_A7,NA,504,PSDDR,NA
AJ18,PS_DDR_A8,NA,504,PSDDR,NA
AJ17,PS_DDR_A9,NA,504,PSDDR,NA
AJ19,PS_DDR_ACT_N,NA,504,PSDDR,NA
AG19,PS_DDR_ALERT_N,NA,504,PSDDR,NA
AF16,PS_DDR_BA0,NA,504,PSDDR,NA
AJ20,PS_DDR_BA1,NA,504,PSDDR,NA
AH20,PS_DDR_BG0,NA,504,PSDDR,NA
AK20,PS_DDR_BG1,NA,504,PSDDR,NA
AM17,PS_DDR_CK0,NA,504,PSDDR,NA
AK18,PS_DDR_CK1,NA,504,PSDDR,NA
AP22,PS_DDR_CKE0,NA,504,PSDDR,NA
AM22,PS_DDR_CKE1,NA,504,PSDDR,NA
AN17,PS_DDR_CK_N0,NA,504,PSDDR,NA
AL18,PS_DDR_CK_N1,NA,504,PSDDR,NA
AN21,PS_DDR_CS_N0,NA,504,PSDDR,NA
AL20,PS_DDR_CS_N1,NA,504,PSDDR,NA
AL8,PS_DDR_DM0,NA,504,PSDDR,NA
AN12,PS_DDR_DM1,NA,504,PSDDR,NA
AH14,PS_DDR_DM2,NA,504,PSDDR,NA
AN15,PS_DDR_DM3,NA,504,PSDDR,NA
AH22,PS_DDR_DM4,NA,504,PSDDR,NA
AG27,PS_DDR_DM5,NA,504,PSDDR,NA
AM26,PS_DDR_DM6,NA,504,PSDDR,NA
AN31,PS_DDR_DM7,NA,504,PSDDR,NA
AN24,PS_DDR_DM8,NA,504,PSDDR,NA
AP8,PS_DDR_DQ0,NA,504,PSDDR,NA
AP5,PS_DDR_DQ1,NA,504,PSDDR,NA
AN9,PS_DDR_DQ10,NA,504,PSDDR,NA
AP9,PS_DDR_DQ11,NA,504,PSDDR,NA
AN10,PS_DDR_DQ12,NA,504,PSDDR,NA
AP10,PS_DDR_DQ13,NA,504,PSDDR,NA
AP12,PS_DDR_DQ14,NA,504,PSDDR,NA
AM12,PS_DDR_DQ15,NA,504,PSDDR,NA
AL16,PS_DDR_DQ16,NA,504,PSDDR,NA
AL15,PS_DDR_DQ17,NA,504,PSDDR,NA
AK16,PS_DDR_DQ18,NA,504,PSDDR,NA
AK15,PS_DDR_DQ19,NA,504,PSDDR,NA
AP7,PS_DDR_DQ2,NA,504,PSDDR,NA
AK13,PS_DDR_DQ20,NA,504,PSDDR,NA
AJ13,PS_DDR_DQ21,NA,504,PSDDR,NA
AH16,PS_DDR_DQ22,NA,504,PSDDR,NA
AH15,PS_DDR_DQ23,NA,504,PSDDR,NA
AL14,PS_DDR_DQ24,NA,504,PSDDR,NA
AL13,PS_DDR_DQ25,NA,504,PSDDR,NA
AP13,PS_DDR_DQ26,NA,504,PSDDR,NA
AM13,PS_DDR_DQ27,NA,504,PSDDR,NA
AP15,PS_DDR_DQ28,NA,504,PSDDR,NA
AP14,PS_DDR_DQ29,NA,504,PSDDR,NA
AM9,PS_DDR_DQ3,NA,504,PSDDR,NA
AN16,PS_DDR_DQ30,NA,504,PSDDR,NA
AM16,PS_DDR_DQ31,NA,504,PSDDR,NA
AF24,PS_DDR_DQ32,NA,504,PSDDR,NA
AH24,PS_DDR_DQ33,NA,504,PSDDR,NA
AJ24,PS_DDR_DQ34,NA,504,PSDDR,NA
AE23,PS_DDR_DQ35,NA,504,PSDDR,NA
AF23,PS_DDR_DQ36,NA,504,PSDDR,NA
AG22,PS_DDR_DQ37,NA,504,PSDDR,NA
AJ23,PS_DDR_DQ38,NA,504,PSDDR,NA
AJ22,PS_DDR_DQ39,NA,504,PSDDR,NA
AM8,PS_DDR_DQ4,NA,504,PSDDR,NA
AE25,PS_DDR_DQ40,NA,504,PSDDR,NA
AF25,PS_DDR_DQ41,NA,504,PSDDR,NA
AH26,PS_DDR_DQ42,NA,504,PSDDR,NA
AH25,PS_DDR_DQ43,NA,504,PSDDR,NA
AE27,PS_DDR_DQ44,NA,504,PSDDR,NA
AE26,PS_DDR_DQ45,NA,504,PSDDR,NA
AF27,PS_DDR_DQ46,NA,504,PSDDR,NA
AH27,PS_DDR_DQ47,NA,504,PSDDR,NA
AJ27,PS_DDR_DQ48,NA,504,PSDDR,NA
AL27,PS_DDR_DQ49,NA,504,PSDDR,NA
AN6,PS_DDR_DQ5,NA,504,PSDDR,NA
AK27,PS_DDR_DQ50,NA,504,PSDDR,NA
AM27,PS_DDR_DQ51,NA,504,PSDDR,NA
AN26,PS_DDR_DQ52,NA,504,PSDDR,NA
AJ25,PS_DDR_DQ53,NA,504,PSDDR,NA
AK25,PS_DDR_DQ54,NA,504,PSDDR,NA
AL25,PS_DDR_DQ55,NA,504,PSDDR,NA
AP27,PS_DDR_DQ56,NA,504,PSDDR,NA
AN27,PS_DDR_DQ57,NA,504,PSDDR,NA
AN28,PS_DDR_DQ58,NA,504,PSDDR,NA
AP28,PS_DDR_DQ59,NA,504,PSDDR,NA
AM6,PS_DDR_DQ6,NA,504,PSDDR,NA
AP29,PS_DDR_DQ60,NA,504,PSDDR,NA
AP31,PS_DDR_DQ61,NA,504,PSDDR,NA
AP33,PS_DDR_DQ62,NA,504,PSDDR,NA
AP32,PS_DDR_DQ63,NA,504,PSDDR,NA
AK22,PS_DDR_DQ64,NA,504,PSDDR,NA
AK23,PS_DDR_DQ65,NA,504,PSDDR,NA
AL23,PS_DDR_DQ66,NA,504,PSDDR,NA
AP23,PS_DDR_DQ67,NA,504,PSDDR,NA
AM23,PS_DDR_DQ68,NA,504,PSDDR,NA
AP25,PS_DDR_DQ69,NA,504,PSDDR,NA
AL9,PS_DDR_DQ7,NA,504,PSDDR,NA
AP24,PS_DDR_DQ70,NA,504,PSDDR,NA
AN25,PS_DDR_DQ71,NA,504,PSDDR,NA
AL11,PS_DDR_DQ8,NA,504,PSDDR,NA
AL10,PS_DDR_DQ9,NA,504,PSDDR,NA
AN7,PS_DDR_DQS_N0,NA,504,PSDDR,NA
AN11,PS_DDR_DQS_N1,NA,504,PSDDR,NA
AJ14,PS_DDR_DQS_N2,NA,504,PSDDR,NA
AN14,PS_DDR_DQS_N3,NA,504,PSDDR,NA
AG24,PS_DDR_DQS_N4,NA,504,PSDDR,NA
AG26,PS_DDR_DQS_N5,NA,504,PSDDR,NA
AL26,PS_DDR_DQS_N6,NA,504,PSDDR,NA
AP30,PS_DDR_DQS_N7,NA,504,PSDDR,NA
AM24,PS_DDR_DQS_N8,NA,504,PSDDR,NA
AM7,PS_DDR_DQS_P0,NA,504,PSDDR,NA
AM11,PS_DDR_DQS_P1,NA,504,PSDDR,NA
AJ15,PS_DDR_DQS_P2,NA,504,PSDDR,NA
AM14,PS_DDR_DQS_P3,NA,504,PSDDR,NA
AG23,PS_DDR_DQS_P4,NA,504,PSDDR,NA
AF26,PS_DDR_DQS_P5,NA,504,PSDDR,NA
AK26,PS_DDR_DQS_P6,NA,504,PSDDR,NA
AN30,PS_DDR_DQS_P7,NA,504,PSDDR,NA
AL24,PS_DDR_DQS_P8,NA,504,PSDDR,NA
AN22,PS_DDR_ODT0,NA,504,PSDDR,NA
AM21,PS_DDR_ODT1,NA,504,PSDDR,NA
AG18,PS_DDR_PARITY,NA,504,PSDDR,NA
AH21,PS_DDR_RAM_RST_N,NA,504,PSDDR,NA
AG21,PS_DDR_ZQ,NA,504,PSDDR,NA
AK34,PS_MGTRRXN0_505,NA,505,PSGTR,NA
AH34,PS_MGTRRXN1_505,NA,505,PSGTR,NA
AF34,PS_MGTRRXN2_505,NA,505,PSGTR,NA
AD34,PS_MGTRRXN3_505,NA,505,PSGTR,NA
AK33,PS_MGTRRXP0_505,NA,505,PSGTR,NA
AH33,PS_MGTRRXP1_505,NA,505,PSGTR,NA
AF33,PS_MGTRRXP2_505,NA,505,PSGTR,NA
AD33,PS_MGTRRXP3_505,NA,505,PSGTR,NA
AL32,PS_MGTRTXN0_505,NA,505,PSGTR,NA
AJ32,PS_MGTRTXN1_505,NA,505,PSGTR,NA
AG32,PS_MGTRTXN2_505,NA,505,PSGTR,NA
AE32,PS_MGTRTXN3_505,NA,505,PSGTR,NA
AL31,PS_MGTRTXP0_505,NA,505,PSGTR,NA
AJ31,PS_MGTRTXP1_505,NA,505,PSGTR,NA
AG31,PS_MGTRTXP2_505,NA,505,PSGTR,NA
AE31,PS_MGTRTXP3_505,NA,505,PSGTR,NA
AM34,PS_MGTREFCLK0N_505,NA,505,PSGTR,NA
AM33,PS_MGTREFCLK0P_505,NA,505,PSGTR,NA
AK30,PS_MGTREFCLK1N_505,NA,505,PSGTR,NA
AK29,PS_MGTREFCLK1P_505,NA,505,PSGTR,NA
AH30,PS_MGTREFCLK2N_505,NA,505,PSGTR,NA
AH29,PS_MGTREFCLK2P_505,NA,505,PSGTR,NA
AF30,PS_MGTREFCLK3N_505,NA,505,PSGTR,NA
AF29,PS_MGTREFCLK3P_505,NA,505,PSGTR,NA
AL29,PS_MGTRREF_505,NA,NA,NA,NA
AF7,VCCO_65,NA,65,NA,NA
AJ6,VCCO_65,NA,65,NA,NA
AK9,VCCO_65,NA,65,NA,NA
AC8,VCCO_66,NA,66,NA,NA
AB5,VCCO_66,NA,66,NA,NA
AE4,VCCO_66,NA,66,NA,NA
F7,VCCO_67,NA,67,NA,NA
G10,VCCO_67,NA,67,NA,NA
J6,VCCO_67,NA,67,NA,NA
D11,VCCO_68,NA,68,NA,NA
E14,VCCO_68,NA,68,NA,NA
H13,VCCO_68,NA,68,NA,NA
V8,VCCO_87,NA,87,NA,NA
U5,VCCO_87,NA,87,NA,NA
L2,VCCO_88,NA,88,NA,NA
M5,VCCO_88,NA,88,NA,NA
E4,VCCO_89,NA,89,NA,NA
H3,VCCO_89,NA,89,NA,NA
AE12,VCCO_PSIO0_500,NA,500,NA,NA
AG10,VCCO_PSIO0_500,NA,500,NA,NA
C18,VCCO_PSIO1_501,NA,501,NA,NA
F17,VCCO_PSIO1_501,NA,501,NA,NA
D21,VCCO_PSIO2_502,NA,502,NA,NA
G20,VCCO_PSIO2_502,NA,502,NA,NA
M25,VCCO_PSIO3_503,NA,503,NA,NA
P26,VCCO_PSIO3_503,NA,503,NA,NA
AJ16,VCCO_PSDDR_504,NA,504,NA,NA
AJ21,VCCO_PSDDR_504,NA,504,NA,NA
AL17,VCCO_PSDDR_504,NA,504,NA,NA
AL22,VCCO_PSDDR_504,NA,504,NA,NA
AN18,VCCO_PSDDR_504,NA,504,NA,NA
AN23,VCCO_PSDDR_504,NA,504,NA,NA
A1,GND,NA,NA,NA,NA
A12,GND,NA,NA,NA,NA
A17,GND,NA,NA,NA,NA
A2,GND,NA,NA,NA,NA
A23,GND,NA,NA,NA,NA
A25,GND,NA,NA,NA,NA
A28,GND,NA,NA,NA,NA
A29,GND,NA,NA,NA,NA
A30,GND,NA,NA,NA,NA
A33,GND,NA,NA,NA,NA
A34,GND,NA,NA,NA,NA
A7,GND,NA,NA,NA,NA
AA10,GND,NA,NA,NA,NA
AA12,GND,NA,NA,NA,NA
AA14,GND,NA,NA,NA,NA
AA16,GND,NA,NA,NA,NA
AA19,GND,NA,NA,NA,NA
AA21,GND,NA,NA,NA,NA
AA23,GND,NA,NA,NA,NA
AA27,GND,NA,NA,NA,NA
AA28,GND,NA,NA,NA,NA
AA29,GND,NA,NA,NA,NA
AA32,GND,NA,NA,NA,NA
AA33,GND,NA,NA,NA,NA
AA34,GND,NA,NA,NA,NA
AA7,GND,NA,NA,NA,NA
AB11,GND,NA,NA,NA,NA
AB13,GND,NA,NA,NA,NA
AB15,GND,NA,NA,NA,NA
AB17,GND,NA,NA,NA,NA
AB19,GND,NA,NA,NA,NA
AB21,GND,NA,NA,NA,NA
AB22,GND,NA,NA,NA,NA
AB25,GND,NA,NA,NA,NA
AB29,GND,NA,NA,NA,NA
AB31,GND,NA,NA,NA,NA
AB32,GND,NA,NA,NA,NA
AC10,GND,NA,NA,NA,NA
AC12,GND,NA,NA,NA,NA
AC14,GND,NA,NA,NA,NA
AC16,GND,NA,NA,NA,NA
AC19,GND,NA,NA,NA,NA
AC21,GND,NA,NA,NA,NA
AC23,GND,NA,NA,NA,NA
AC29,GND,NA,NA,NA,NA
AC3,GND,NA,NA,NA,NA
AC32,GND,NA,NA,NA,NA
AC33,GND,NA,NA,NA,NA
AC34,GND,NA,NA,NA,NA
AA2,GND,NA,NA,NA,NA
AD1,GND,NA,NA,NA,NA
AD11,GND,NA,NA,NA,NA
AD16,GND,NA,NA,NA,NA
AD18,GND,NA,NA,NA,NA
AD19,GND,NA,NA,NA,NA
AD21,GND,NA,NA,NA,NA
AD22,GND,NA,NA,NA,NA
AD26,GND,NA,NA,NA,NA
AD29,GND,NA,NA,NA,NA
AD30,GND,NA,NA,NA,NA
AD31,GND,NA,NA,NA,NA
AD32,GND,NA,NA,NA,NA
AD6,GND,NA,NA,NA,NA
AE10,GND,NA,NA,NA,NA
AE14,GND,NA,NA,NA,NA
AE19,GND,NA,NA,NA,NA
AE21,GND,NA,NA,NA,NA
AE24,GND,NA,NA,NA,NA
AE28,GND,NA,NA,NA,NA
AE29,GND,NA,NA,NA,NA
AE30,GND,NA,NA,NA,NA
AE33,GND,NA,NA,NA,NA
AE34,GND,NA,NA,NA,NA
AE9,GND,NA,NA,NA,NA
AF12,GND,NA,NA,NA,NA
AF17,GND,NA,NA,NA,NA
AF19,GND,NA,NA,NA,NA
AF2,GND,NA,NA,NA,NA
AF21,GND,NA,NA,NA,NA
AF22,GND,NA,NA,NA,NA
AF28,GND,NA,NA,NA,NA
AF32,GND,NA,NA,NA,NA
AG15,GND,NA,NA,NA,NA
AG20,GND,NA,NA,NA,NA
AG25,GND,NA,NA,NA,NA
AG28,GND,NA,NA,NA,NA
AG30,GND,NA,NA,NA,NA
AG33,GND,NA,NA,NA,NA
AG34,GND,NA,NA,NA,NA
AG5,GND,NA,NA,NA,NA
AH13,GND,NA,NA,NA,NA
AH18,GND,NA,NA,NA,NA
AH23,GND,NA,NA,NA,NA
AH28,GND,NA,NA,NA,NA
AH3,GND,NA,NA,NA,NA
AH32,GND,NA,NA,NA,NA
AH8,GND,NA,NA,NA,NA
AJ1,GND,NA,NA,NA,NA
AJ11,GND,NA,NA,NA,NA
AJ26,GND,NA,NA,NA,NA
AJ28,GND,NA,NA,NA,NA
AJ30,GND,NA,NA,NA,NA
AJ33,GND,NA,NA,NA,NA
AJ34,GND,NA,NA,NA,NA
AK14,GND,NA,NA,NA,NA
AK19,GND,NA,NA,NA,NA
AK24,GND,NA,NA,NA,NA
AK28,GND,NA,NA,NA,NA
AK32,GND,NA,NA,NA,NA
AK4,GND,NA,NA,NA,NA
AL12,GND,NA,NA,NA,NA
AL2,GND,NA,NA,NA,NA
AL28,GND,NA,NA,NA,NA
AL30,GND,NA,NA,NA,NA
AL33,GND,NA,NA,NA,NA
AL34,GND,NA,NA,NA,NA
AL7,GND,NA,NA,NA,NA
AM10,GND,NA,NA,NA,NA
AM15,GND,NA,NA,NA,NA
AM20,GND,NA,NA,NA,NA
AM25,GND,NA,NA,NA,NA
AM28,GND,NA,NA,NA,NA
AM29,GND,NA,NA,NA,NA
AM30,GND,NA,NA,NA,NA
AM31,GND,NA,NA,NA,NA
AM32,GND,NA,NA,NA,NA
AM5,GND,NA,NA,NA,NA
AN13,GND,NA,NA,NA,NA
AN29,GND,NA,NA,NA,NA
AN3,GND,NA,NA,NA,NA
AN32,GND,NA,NA,NA,NA
AN33,GND,NA,NA,NA,NA
AN34,GND,NA,NA,NA,NA
AN8,GND,NA,NA,NA,NA
AP1,GND,NA,NA,NA,NA
AP11,GND,NA,NA,NA,NA
AP16,GND,NA,NA,NA,NA
AP21,GND,NA,NA,NA,NA
AP26,GND,NA,NA,NA,NA
AP34,GND,NA,NA,NA,NA
AP6,GND,NA,NA,NA,NA
B10,GND,NA,NA,NA,NA
B15,GND,NA,NA,NA,NA
B20,GND,NA,NA,NA,NA
B23,GND,NA,NA,NA,NA
B27,GND,NA,NA,NA,NA
B28,GND,NA,NA,NA,NA
B31,GND,NA,NA,NA,NA
B32,GND,NA,NA,NA,NA
B5,GND,NA,NA,NA,NA
C13,GND,NA,NA,NA,NA
C23,GND,NA,NA,NA,NA
C25,GND,NA,NA,NA,NA
C28,GND,NA,NA,NA,NA
C29,GND,NA,NA,NA,NA
C3,GND,NA,NA,NA,NA
C30,GND,NA,NA,NA,NA
C33,GND,NA,NA,NA,NA
C34,GND,NA,NA,NA,NA
C8,GND,NA,NA,NA,NA
D1,GND,NA,NA,NA,NA
D16,GND,NA,NA,NA,NA
D23,GND,NA,NA,NA,NA
D27,GND,NA,NA,NA,NA
D28,GND,NA,NA,NA,NA
D31,GND,NA,NA,NA,NA
D32,GND,NA,NA,NA,NA
D6,GND,NA,NA,NA,NA
E19,GND,NA,NA,NA,NA
E23,GND,NA,NA,NA,NA
E25,GND,NA,NA,NA,NA
E28,GND,NA,NA,NA,NA
E29,GND,NA,NA,NA,NA
E30,GND,NA,NA,NA,NA
E33,GND,NA,NA,NA,NA
E34,GND,NA,NA,NA,NA
E9,GND,NA,NA,NA,NA
F12,GND,NA,NA,NA,NA
F2,GND,NA,NA,NA,NA
F22,GND,NA,NA,NA,NA
F23,GND,NA,NA,NA,NA
F27,GND,NA,NA,NA,NA
F30,GND,NA,NA,NA,NA
F31,GND,NA,NA,NA,NA
F32,GND,NA,NA,NA,NA
G15,GND,NA,NA,NA,NA
G23,GND,NA,NA,NA,NA
G24,GND,NA,NA,NA,NA
G25,GND,NA,NA,NA,NA
G29,GND,NA,NA,NA,NA
G32,GND,NA,NA,NA,NA
G33,GND,NA,NA,NA,NA
G34,GND,NA,NA,NA,NA
G5,GND,NA,NA,NA,NA
H18,GND,NA,NA,NA,NA
H25,GND,NA,NA,NA,NA
H26,GND,NA,NA,NA,NA
H27,GND,NA,NA,NA,NA
H31,GND,NA,NA,NA,NA
H32,GND,NA,NA,NA,NA
H8,GND,NA,NA,NA,NA
J1,GND,NA,NA,NA,NA
J11,GND,NA,NA,NA,NA
J16,GND,NA,NA,NA,NA
J21,GND,NA,NA,NA,NA
J23,GND,NA,NA,NA,NA
J25,GND,NA,NA,NA,NA
J29,GND,NA,NA,NA,NA
J32,GND,NA,NA,NA,NA
J33,GND,NA,NA,NA,NA
J34,GND,NA,NA,NA,NA
K14,GND,NA,NA,NA,NA
K19,GND,NA,NA,NA,NA
K21,GND,NA,NA,NA,NA
K23,GND,NA,NA,NA,NA
K25,GND,NA,NA,NA,NA
K26,GND,NA,NA,NA,NA
K27,GND,NA,NA,NA,NA
K31,GND,NA,NA,NA,NA
K32,GND,NA,NA,NA,NA
K4,GND,NA,NA,NA,NA
K9,GND,NA,NA,NA,NA
L12,GND,NA,NA,NA,NA
L17,GND,NA,NA,NA,NA
L21,GND,NA,NA,NA,NA
L23,GND,NA,NA,NA,NA
L27,GND,NA,NA,NA,NA
L29,GND,NA,NA,NA,NA
L32,GND,NA,NA,NA,NA
L33,GND,NA,NA,NA,NA
L34,GND,NA,NA,NA,NA
L7,GND,NA,NA,NA,NA
M11,GND,NA,NA,NA,NA
M13,GND,NA,NA,NA,NA
M15,GND,NA,NA,NA,NA
M17,GND,NA,NA,NA,NA
M19,GND,NA,NA,NA,NA
M21,GND,NA,NA,NA,NA
M23,GND,NA,NA,NA,NA
M27,GND,NA,NA,NA,NA
M31,GND,NA,NA,NA,NA
M32,GND,NA,NA,NA,NA
N10,GND,NA,NA,NA,NA
N12,GND,NA,NA,NA,NA
N14,GND,NA,NA,NA,NA
N16,GND,NA,NA,NA,NA
N19,GND,NA,NA,NA,NA
N21,GND,NA,NA,NA,NA
N23,GND,NA,NA,NA,NA
N27,GND,NA,NA,NA,NA
N29,GND,NA,NA,NA,NA
N3,GND,NA,NA,NA,NA
N32,GND,NA,NA,NA,NA
N33,GND,NA,NA,NA,NA
N34,GND,NA,NA,NA,NA
N8,GND,NA,NA,NA,NA
P1,GND,NA,NA,NA,NA
P11,GND,NA,NA,NA,NA
P13,GND,NA,NA,NA,NA
P15,GND,NA,NA,NA,NA
P17,GND,NA,NA,NA,NA
P19,GND,NA,NA,NA,NA
P21,GND,NA,NA,NA,NA
P23,GND,NA,NA,NA,NA
P27,GND,NA,NA,NA,NA
P31,GND,NA,NA,NA,NA
P32,GND,NA,NA,NA,NA
P6,GND,NA,NA,NA,NA
R10,GND,NA,NA,NA,NA
R12,GND,NA,NA,NA,NA
R14,GND,NA,NA,NA,NA
R16,GND,NA,NA,NA,NA
R19,GND,NA,NA,NA,NA
R21,GND,NA,NA,NA,NA
R23,GND,NA,NA,NA,NA
R24,GND,NA,NA,NA,NA
R27,GND,NA,NA,NA,NA
R29,GND,NA,NA,NA,NA
R32,GND,NA,NA,NA,NA
R33,GND,NA,NA,NA,NA
R34,GND,NA,NA,NA,NA
R4,GND,NA,NA,NA,NA
R9,GND,NA,NA,NA,NA
T11,GND,NA,NA,NA,NA
T13,GND,NA,NA,NA,NA
T17,GND,NA,NA,NA,NA
T19,GND,NA,NA,NA,NA
T21,GND,NA,NA,NA,NA
T23,GND,NA,NA,NA,NA
T27,GND,NA,NA,NA,NA
T31,GND,NA,NA,NA,NA
T32,GND,NA,NA,NA,NA
T7,GND,NA,NA,NA,NA
U10,GND,NA,NA,NA,NA
U12,GND,NA,NA,NA,NA
U16,GND,NA,NA,NA,NA
U19,GND,NA,NA,NA,NA
U21,GND,NA,NA,NA,NA
U23,GND,NA,NA,NA,NA
U25,GND,NA,NA,NA,NA
U27,GND,NA,NA,NA,NA
U29,GND,NA,NA,NA,NA
U32,GND,NA,NA,NA,NA
U33,GND,NA,NA,NA,NA
U34,GND,NA,NA,NA,NA
V11,GND,NA,NA,NA,NA
V13,GND,NA,NA,NA,NA
V17,GND,NA,NA,NA,NA
V19,GND,NA,NA,NA,NA
V21,GND,NA,NA,NA,NA
V23,GND,NA,NA,NA,NA
V27,GND,NA,NA,NA,NA
V3,GND,NA,NA,NA,NA
V31,GND,NA,NA,NA,NA
V32,GND,NA,NA,NA,NA
T2,GND,NA,NA,NA,NA
W1,GND,NA,NA,NA,NA
W10,GND,NA,NA,NA,NA
W12,GND,NA,NA,NA,NA
W16,GND,NA,NA,NA,NA
W19,GND,NA,NA,NA,NA
W21,GND,NA,NA,NA,NA
W23,GND,NA,NA,NA,NA
W26,GND,NA,NA,NA,NA
W27,GND,NA,NA,NA,NA
W29,GND,NA,NA,NA,NA
W32,GND,NA,NA,NA,NA
W33,GND,NA,NA,NA,NA
W34,GND,NA,NA,NA,NA
W6,GND,NA,NA,NA,NA
Y11,GND,NA,NA,NA,NA
Y13,GND,NA,NA,NA,NA
Y15,GND,NA,NA,NA,NA
Y17,GND,NA,NA,NA,NA
Y19,GND,NA,NA,NA,NA
Y21,GND,NA,NA,NA,NA
Y22,GND,NA,NA,NA,NA
Y24,GND,NA,NA,NA,NA
Y27,GND,NA,NA,NA,NA
Y31,GND,NA,NA,NA,NA
Y32,GND,NA,NA,NA,NA
Y4,GND,NA,NA,NA,NA
Y9,GND,NA,NA,NA,NA
AA18,GND,NA,NA,NA,NA
V18,VCCINT,NA,NA,NA,NA
AA11,VCCINT,NA,NA,NA,NA
AA13,VCCINT,NA,NA,NA,NA
AA15,VCCINT,NA,NA,NA,NA
AA17,VCCINT,NA,NA,NA,NA
AA22,VCCINT,NA,NA,NA,NA
AB12,VCCINT,NA,NA,NA,NA
AB14,VCCINT,NA,NA,NA,NA
AB16,VCCINT,NA,NA,NA,NA
AC11,VCCINT,NA,NA,NA,NA
AC13,VCCINT,NA,NA,NA,NA
AC15,VCCINT,NA,NA,NA,NA
AC22,VCCINT,NA,NA,NA,NA
AE22,VCCINT,NA,NA,NA,NA
J22,VCCINT,NA,NA,NA,NA
K22,VCCINT,NA,NA,NA,NA
L22,VCCINT,NA,NA,NA,NA
M12,VCCINT,NA,NA,NA,NA
M14,VCCINT,NA,NA,NA,NA
M16,VCCINT,NA,NA,NA,NA
M18,VCCINT,NA,NA,NA,NA
M22,VCCINT,NA,NA,NA,NA
N11,VCCINT,NA,NA,NA,NA
N13,VCCINT,NA,NA,NA,NA
N15,VCCINT,NA,NA,NA,NA
N17,VCCINT,NA,NA,NA,NA
N18,VCCINT,NA,NA,NA,NA
N22,VCCINT,NA,NA,NA,NA
P12,VCCINT,NA,NA,NA,NA
P14,VCCINT,NA,NA,NA,NA
P16,VCCINT,NA,NA,NA,NA
P18,VCCINT,NA,NA,NA,NA
P22,VCCINT,NA,NA,NA,NA
R11,VCCINT,NA,NA,NA,NA
R13,VCCINT,NA,NA,NA,NA
R15,VCCINT,NA,NA,NA,NA
R17,VCCINT,NA,NA,NA,NA
R18,VCCINT,NA,NA,NA,NA
R22,VCCINT,NA,NA,NA,NA
T12,VCCINT,NA,NA,NA,NA
T16,VCCINT,NA,NA,NA,NA
T18,VCCINT,NA,NA,NA,NA
T22,VCCINT,NA,NA,NA,NA
U11,VCCINT,NA,NA,NA,NA
U13,VCCINT,NA,NA,NA,NA
U17,VCCINT,NA,NA,NA,NA
U18,VCCINT,NA,NA,NA,NA
U22,VCCINT,NA,NA,NA,NA
V12,VCCINT,NA,NA,NA,NA
V16,VCCINT,NA,NA,NA,NA
V22,VCCINT,NA,NA,NA,NA
W11,VCCINT,NA,NA,NA,NA
W13,VCCINT,NA,NA,NA,NA
W17,VCCINT,NA,NA,NA,NA
W18,VCCINT,NA,NA,NA,NA
W22,VCCINT,NA,NA,NA,NA
Y12,VCCINT,NA,NA,NA,NA
Y14,VCCINT,NA,NA,NA,NA
Y16,VCCINT,NA,NA,NA,NA
Y18,VCCINT,NA,NA,NA,NA
F26,MGTAVCC,NA,NA,NA,NA
G28,MGTAVCC,NA,NA,NA,NA
H30,MGTAVCC,NA,NA,NA,NA
J28,MGTAVCC,NA,NA,NA,NA
K30,MGTAVCC,NA,NA,NA,NA
R28,MGTAVCC,NA,NA,NA,NA
U28,MGTAVCC,NA,NA,NA,NA
W28,MGTAVCC,NA,NA,NA,NA
A24,MGTAVTT,NA,NA,NA,NA
AB30,MGTAVTT,NA,NA,NA,NA
B26,MGTAVTT,NA,NA,NA,NA
C24,MGTAVTT,NA,NA,NA,NA
D26,MGTAVTT,NA,NA,NA,NA
E24,MGTAVTT,NA,NA,NA,NA
M30,MGTAVTT,NA,NA,NA,NA
P30,MGTAVTT,NA,NA,NA,NA
T30,MGTAVTT,NA,NA,NA,NA
V30,MGTAVTT,NA,NA,NA,NA
Y30,MGTAVTT,NA,NA,NA,NA
L28,MGTVCCAUX,NA,NA,NA,NA
N28,MGTVCCAUX,NA,NA,NA,NA
AG29,PS_MGTRAVCC,NA,NA,NA,NA
AJ29,PS_MGTRAVCC,NA,NA,NA,NA
AF31,PS_MGTRAVTT,NA,NA,NA,NA
AH31,PS_MGTRAVTT,NA,NA,NA,NA
AK31,PS_MGTRAVTT,NA,NA,NA,NA
M10,VCCAUX,NA,NA,NA,NA
P10,VCCAUX,NA,NA,NA,NA
T10,VCCAUX,NA,NA,NA,NA
AB10,VCCAUX_HPIO,NA,NA,NA,NA
Y10,VCCAUX_HPIO,NA,NA,NA,NA
V10,VCCAUX_HDIO,NA,NA,NA,NA
AA20,VCCSDFEC,NA,NA,NA,NA
AB20,VCCSDFEC,NA,NA,NA,NA
AC20,VCCSDFEC,NA,NA,NA,NA
AD20,VCCSDFEC,NA,NA,NA,NA
AE20,VCCSDFEC,NA,NA,NA,NA
AF20,VCCSDFEC,NA,NA,NA,NA
J20,VCCSDFEC,NA,NA,NA,NA
K20,VCCSDFEC,NA,NA,NA,NA
L20,VCCSDFEC,NA,NA,NA,NA
M20,VCCSDFEC,NA,NA,NA,NA
N20,VCCSDFEC,NA,NA,NA,NA
P20,VCCSDFEC,NA,NA,NA,NA
R20,VCCSDFEC,NA,NA,NA,NA
T20,VCCSDFEC,NA,NA,NA,NA
U20,VCCSDFEC,NA,NA,NA,NA
V20,VCCSDFEC,NA,NA,NA,NA
W20,VCCSDFEC,NA,NA,NA,NA
Y20,VCCSDFEC,NA,NA,NA,NA
AB18,VCCBRAM,NA,NA,NA,NA
AC17,VCCBRAM,NA,NA,NA,NA
AC18,VCCBRAM,NA,NA,NA,NA
AE18,VCCINT_IO,NA,NA,NA,NA
AF18,VCCINT_IO,NA,NA,NA,NA
U24,VCC_PSAUX,NA,NA,NA,NA
U26,VCC_PSAUX,NA,NA,NA,NA
V24,VCC_PSAUX,NA,NA,NA,NA
W24,VCC_PSAUX,NA,NA,NA,NA
Y23,VCC_PSBATT,NA,NA,NA,NA
AA24,VCC_PSDDR_PLL,NA,NA,NA,NA
AB24,VCC_PSDDR_PLL,NA,NA,NA,NA
AC24,VCC_PSINTFP,NA,NA,NA,NA
AC25,VCC_PSINTFP,NA,NA,NA,NA
AC26,VCC_PSINTFP,NA,NA,NA,NA
AC27,VCC_PSINTFP,NA,NA,NA,NA
AD25,VCC_PSINTFP,NA,NA,NA,NA
AD27,VCC_PSINTFP,NA,NA,NA,NA
AD28,VCC_PSINTFP,NA,NA,NA,NA
AB23,VCC_PSINTFP_DDR,NA,NA,NA,NA
AD23,VCC_PSINTFP_DDR,NA,NA,NA,NA
AD24,VCC_PSINTFP_DDR,NA,NA,NA,NA
AA26,VCC_PSINTLP,NA,NA,NA,NA
AB26,VCC_PSINTLP,NA,NA,NA,NA
AB27,VCC_PSINTLP,NA,NA,NA,NA
AB28,VCC_PSINTLP,NA,NA,NA,NA
AC28,VCC_PSINTLP,NA,NA,NA,NA
Y26,VCC_PSINTLP,NA,NA,NA,NA
AA25,VCC_PSPLL,NA,NA,NA,NA
W25,VCC_PSPLL,NA,NA,NA,NA
Y25,VCC_PSPLL,NA,NA,NA,NA
M9,NC,NA,NA,NA,NA
N9,NC,NA,NA,NA,NA
P9,NC,NA,NA,NA,NA
V9,NC,NA,NA,NA,NA
,,,,,
Total Number of Pins,1156,,,,
